curriculum_record_id,country,curriculum_name,curriculum_version,academic_year,education_level,phase,grade,subject,subject_variant,element_code,element_name,learning_outcome_code,learning_outcome_text,learning_objective_code,learning_objective_text,topic_code,topic_name,topic_description,prerequisites,suggested_sequence,assessment_type,source_resource_id,source_document_title,source_page_start,source_page_end,official_source_url,effective_from,effective_until,verification_status,license_category,extraction_confidence,review_notes
CPM-PENDIDIKAN-AGAMA-ISLAM-DAN-BUDI-B,ID,Kurikulum Nasional,2026,2026/2027,SD,B,3-4,Pendidikan Agama Islam dan Budi,,,,CP-PENDIDIKAN-AGAMA-ISLAM-DAN-BUDI-B,"Pada akhir fase B, murid memiliki kemampuan sebagai berikut. 2.1. Al-Qur’an Hadis Memahami beberapa surah pendek, ayat Al-Qur’an dan hadis tentang kewajiban salat dan menjaga hubungan baik dengan sesama. 2.2. Akidah Memahami sifat-sifat Allah Swt., beberapa asmaulhusna, iman kepada kitab-kitab Allah Swt. dan rasul-rasul Allah Swt. 2.3. Akhlak Memahami akhlak terhadap Allah Swt. dengan berbaik sangka kepada-Nya, akhlak terhadap orang tua, keluarga, dan pendidik.",,,,,,,,,CP-000,"Capaian Pembelajaran (master), id 119",,,https://kurikulum.kemendikdasmen.go.id/service/download.php?kategori=rujukan&id=119,,,extracted_machine,OFFICIAL_PUBLIC_ACCESS,medium,machine-extracted phase-level CP; element tables pending
CPM-PENDIDIKAN-AGAMA-ISLAM-DAN-BUDI-C,ID,Kurikulum Nasional,2026,2026/2027,SD,C,5-6,Pendidikan Agama Islam dan Budi,,,,CP-PENDIDIKAN-AGAMA-ISLAM-DAN-BUDI-C,"Pada akhir fase C, murid memiliki kemampuan sebagai berikut. 3.1. Al-Qur’an Hadis Memahami beberapa surah pendek dan ayat Al-Qur’an serta hadis tentang keragaman. 3.2. Akidah Memahami beberapa asmaulhusna, iman kepada hari akhir, qadā ʾ dan qadr. 3.3. Akhlak Memahami akhlak terhadap Allah Swt. dengan berdoa dan bertawakal kepada-Nya, akhlak terhadap teman, tetangga, non muslim, hewan, dan tumbuhan. 3.4. Fikih Memahami puasa sunah, zakat, infak, sedekah, hadiah, makanan dan minuman yang halal dan haram. 3.5. Sejarah Peradaban Islam Memahami kisah Nabi Muhammad saw. periode Madinah dan khulafaurasyidin. 4. Fase D (Umumnya untuk Kelas VII, VIII dan IX SMP/MTs/Program Paket B)",,,,,,,,,CP-000,"Capaian Pembelajaran (master), id 119",,,https://kurikulum.kemendikdasmen.go.id/service/download.php?kategori=rujukan&id=119,,,extracted_machine,OFFICIAL_PUBLIC_ACCESS,medium,machine-extracted phase-level CP; element tables pending
CPM-PENDIDIKAN-AGAMA-ISLAM-DAN-BUDI-D,ID,Kurikulum Nasional,2026,2026/2027,SMP,D,7-9,Pendidikan Agama Islam dan Budi,,,,CP-PENDIDIKAN-AGAMA-ISLAM-DAN-BUDI-D,"Pada akhir fase D, murid memiliki kemampuan sebagai berikut. 4.1. Al-Qur’an Hadis Memahami ayat Al-Qur’an dan hadis tentang",,,,,,,,,CP-000,"Capaian Pembelajaran (master), id 119",,,https://kurikulum.kemendikdasmen.go.id/service/download.php?kategori=rujukan&id=119,,,extracted_machine,OFFICIAL_PUBLIC_ACCESS,medium,machine-extracted phase-level CP; element tables pending
CPM-PENDIDIKAN-AGAMA-ISLAM-DAN-BUDI-E,ID,Kurikulum Nasional,2026,2026/2027,SMA,E,10,Pendidikan Agama Islam dan Budi,,,,CP-PENDIDIKAN-AGAMA-ISLAM-DAN-BUDI-E,"Pada akhir fase E, murid memiliki kemampuan sebagai berikut. 5.1. Al-Qur’an Hadis Memahami ayat Al-Qur’an dan hadis tentang perintah berlomba-lomba dalam kebaikan, larangan pergaulan bebas, dan zina. 5.2. Akidah Memahami beberapa cabang iman ( syu‘ab al-īmān ) . 5.3. Akhlak Memahami manfaat menghindari penyakit hati. 5.4. Fikih Memahami sumber hukum Islam dan pentingnya menjaga lima prinsip dasar hukum Islam ( al-kulliyāt al-khamsah) .",,,,,,,,,CP-000,"Capaian Pembelajaran (master), id 119",,,https://kurikulum.kemendikdasmen.go.id/service/download.php?kategori=rujukan&id=119,,,extracted_machine,OFFICIAL_PUBLIC_ACCESS,medium,machine-extracted phase-level CP; element tables pending
CPM-PENDIDIKAN-AGAMA-KRISTEN-DAN-F,ID,Kurikulum Nasional,2026,2026/2027,SMA,F,11-12,Pendidikan Agama Kristen dan,,,,CP-PENDIDIKAN-AGAMA-KRISTEN-DAN-F,"Pada akhir fase F, murid memiliki kemampuan sebagai berikut. 6.1. Al-Qur’an Hadis Memahami ayat Al-Qur’an dan hadis tentang pentingnya berpikir kritis, ilmu pengetahuan dan teknologi, memelihara kehidupan manusia, dan moderasi beragama. 6.2. Akidah Memahami beberapa cabang iman ( syu‘ab al-īmān ), keterkaitan antara iman, Islam, dan ihsan . 6.3. Akhlak Memahami manfaat menghindari penyakit sosial; Memahami adab bermasyarakat dan etika digital dalam Islam. 6.4. Fikih Memahami ketentuan khotbah, tablig dan dakwah, muamalah, munakahat, dan mawāris . 6.5. Sejarah Peradaban Islam Memahami peran tokoh ulama dalam perkembangan peradaban Islam di dunia dan peran organisasi-organisasi Islam di Indonesia. I.2.",,,,,,,,,CP-000,"Capaian Pembelajaran (master), id 119",,,https://kurikulum.kemendikdasmen.go.id/service/download.php?kategori=rujukan&id=119,,,extracted_machine,OFFICIAL_PUBLIC_ACCESS,medium,machine-extracted phase-level CP; element tables pending
CPM-PENDIDIKAN-AGAMA-KATOLIK-DAN-BUDI-A,ID,Kurikulum Nasional,2026,2026/2027,SD,A,1-2,Pendidikan Agama Katolik dan Budi,,,,CP-PENDIDIKAN-AGAMA-KATOLIK-DAN-BUDI-A,"Pada akhir fase A, murid memiliki kemampuan sebagai berikut. 1.1. Pribadi Peserta Didik Memahami dirinya sebagai pribadi yang dicintai Tuhan, memiliki anggota tubuh yang berguna, memahami cara merawat tubuhnya; memahami teman-teman, lingkungan rumah dan satuan pendidikan sebagai tempat mengembangkan potensi diri. 1.2. Yesus Kristus Memahami bahwa Tuhan menciptakan langit, bumi, dan seluruh isinya; memahami tokoh-tokoh iman di dalam Perjanjian Lama (Nuh, Abraham, Ishak, dan Yakub); memahami kisah kelahiran Tuhan Yesus, kisah tiga orang Majus, masa kanak-kanak Yesus di Nazaret, Yesus dipersembahkan di Bait Allah, dan berada di Bait Allah pada umur 12 tahun. 1.3. Gereja Memahami imannya dengan cara membuat tanda salib, berdoa Bapa Kami, Salam Maria,",,,,,,,,,CP-000,"Capaian Pembelajaran (master), id 119",,,https://kurikulum.kemendikdasmen.go.id/service/download.php?kategori=rujukan&id=119,,,extracted_machine,OFFICIAL_PUBLIC_ACCESS,medium,machine-extracted phase-level CP; element tables pending
CPM-PENDIDIKAN-AGAMA-KATOLIK-DAN-BUDI-B,ID,Kurikulum Nasional,2026,2026/2027,SD,B,3-4,Pendidikan Agama Katolik dan Budi,,,,CP-PENDIDIKAN-AGAMA-KATOLIK-DAN-BUDI-B,"Pada akhir fase B, murid memiliki kemampuan sebagai berikut. 2.1. Pribadi Peserta Didik Memahami dirinya sebagai pribadi yang tumbuh dan berkembang, mewujudkan iman dengan cara melakukan perbuatan baik; memahami diri sebagai pribadi yang unik, bersyukur dan bersedia mengembangkan keunikan diri bersama orang lain dan lingkungan sekitar. 2.2. Yesus Kristus Memahami karya keselamatan Allah melalui tokoh-tokoh Yusuf, Musa, dan Yosua; memahami Sepuluh Perintah Allah sebagai pedoman hidup; memahami bangsa Israel memasuki tanah terjanji, Allah memberkati pemimpin Israel (Samuel, Saul, dan Daud); memahami Yesus sebagai pemenuhan janji Allah yang mewartakan Kerajaan Allah melalui perkataan, perbuatan, dan mukjizat 2.3. Gereja Murid memahami sakramen baptis, sakramen ekaristi, dan sakramen tobat; mengungkapkan rasa syukur dalam doa pribadi dan doa bersama,",,,,,,,,,CP-000,"Capaian Pembelajaran (master), id 119",,,https://kurikulum.kemendikdasmen.go.id/service/download.php?kategori=rujukan&id=119,,,extracted_machine,OFFICIAL_PUBLIC_ACCESS,medium,machine-extracted phase-level CP; element tables pending
CPM-PENDIDIKAN-AGAMA-KATOLIK-DAN-BUDI-C,ID,Kurikulum Nasional,2026,2026/2027,SD,C,5-6,Pendidikan Agama Katolik dan Budi,,,,CP-PENDIDIKAN-AGAMA-KATOLIK-DAN-BUDI-C,"Pada akhir fase C, murid memiliki kemampuan sebagai berikut 3.1. Pribadi Peserta Didik Memahami diri sebagai perempuan atau laki-laki sebagai citra Allah yang sederajat dan saling melengkapi; memahami hak dan kewajiban dirinya sebagai warga negara dan bangga sebagai bangsa Indonesia; memahami diri sebagai warga dunia. 3.2. Yesus Kristus Memahami perjuangan tokoh-tokoh kitab suci: Daud sebagai pemimpin yang tangguh; Salomo yang bijaksana, dan Ester perempuan pemberani, serta tokoh Maria dan Elisabet yang setia dan berserah kepada Allah; meneladani Yesus yang taat kepada Allah; mengajarkan pengampunan, memanggil orang berdosa; menderita, wafat, dan bangkit; mengutus Roh Kudus untuk menguatkan para rasul, dan orang yang beriman kepada-Nya; memahami perjuangan Nabi Elia yang menobatkan bangsa Israel; Nabi Amos sebagai pejuang keadilan; dan Nabi Yesaya yang me-nubuat-kan kedatangan Juru Selamat; memahami Yesus yang mewartakan kerajaan Allah dengan perkataan",,,,,,,,,CP-000,"Capaian Pembelajaran (master), id 119",,,https://kurikulum.kemendikdasmen.go.id/service/download.php?kategori=rujukan&id=119,,,extracted_machine,OFFICIAL_PUBLIC_ACCESS,medium,machine-extracted phase-level CP; element tables pending
CPM-PENDIDIKAN-AGAMA-KATOLIK-DAN-BUDI-D,ID,Kurikulum Nasional,2026,2026/2027,SMP,D,7-9,Pendidikan Agama Katolik dan Budi,,,,CP-PENDIDIKAN-AGAMA-KATOLIK-DAN-BUDI-D,"Pada akhir fase D, murid memiliki kemampuan sebagai berikut 4.1. Pribadi Peserta Didik Memahami manusia sebagai citra Allah yang unik, sebagai laki-laki dan perempuan; memahami kemampuan dan keterbatasan; memahami diri yang tumbuh dan berkembang karena peran keluarga, teman, satuan pendidikan, dan gereja. 4.2. Yesus Kristus Memahami pribadi Yesus yang berbelas kasih, pengampun, dan pendoa; memahami pribadi dan karya Yesus sebagai pemenuhan janji Allah, yang mewartakan kerajaan Allah melalui sabda, perbuatan, dan mukjizat-Nya; memahami Yesus yang memanggil dan mengutus para murid-Nya; memahami sengsara, wafat, dan kebangkitan Yesus, peristiwa Yesus naik ke surga; memahami",,,,,,,,,CP-000,"Capaian Pembelajaran (master), id 119",,,https://kurikulum.kemendikdasmen.go.id/service/download.php?kategori=rujukan&id=119,,,extracted_machine,OFFICIAL_PUBLIC_ACCESS,medium,machine-extracted phase-level CP; element tables pending
CPM-PENDIDIKAN-AGAMA-KATOLIK-DAN-BUDI-E,ID,Kurikulum Nasional,2026,2026/2027,SMA,E,10,Pendidikan Agama Katolik dan Budi,,,,CP-PENDIDIKAN-AGAMA-KATOLIK-DAN-BUDI-E,"Pada akhir fase E, murid memiliki kemampuan sebagai berikut 5.1. Pribadi Peserta Didik Memahami dirinya sebagai pribadi yang unik, kesetaraan antara laki-laki dan perempuan,",,,,,,,,,CP-000,"Capaian Pembelajaran (master), id 119",,,https://kurikulum.kemendikdasmen.go.id/service/download.php?kategori=rujukan&id=119,,,extracted_machine,OFFICIAL_PUBLIC_ACCESS,medium,machine-extracted phase-level CP; element tables pending
CPM-PENDIDIKAN-AGAMA-KATOLIK-DAN-BUDI-F,ID,Kurikulum Nasional,2026,2026/2027,SMA,F,11-12,Pendidikan Agama Katolik dan Budi,,,,CP-PENDIDIKAN-AGAMA-KATOLIK-DAN-BUDI-F,"Pada akhir fase F, murid memiliki kemampuan sebagai berikut 6.1. Pribadi Peserta Didik Memahami makna panggilan hidup berkeluarga,membiara, klerus, karya/profesi. 6.2. Yesus Kristus - 6.3. Gereja Memahami gereja sebagai umat Allah; memahami sifat gereja; memahami peran hierarki dan awam; memahami karya pastoral gereja ( Kerygma , Koinonia , Liturgia , Diakonia , Martyria ). 6.4. Masyarakat Memahami hubungan gereja dan dunia, ajaran",,,,,,,,,CP-000,"Capaian Pembelajaran (master), id 119",,,https://kurikulum.kemendikdasmen.go.id/service/download.php?kategori=rujukan&id=119,,,extracted_machine,OFFICIAL_PUBLIC_ACCESS,medium,machine-extracted phase-level CP; element tables pending
CPM-PENDIDIKAN-AGAMA-HINDU-DAN-BUDI-A,ID,Kurikulum Nasional,2026,2026/2027,SD,A,1-2,Pendidikan Agama Hindu dan Budi,,,,CP-PENDIDIKAN-AGAMA-HINDU-DAN-BUDI-A,"Pada akhir fase A, murid memiliki kemampuan sebagai berikut. 1.1. Kitab Suci Weda Memahami kitab Ramayana dan Mahabharata. 1.2. Sraddha dan Bhakti Memahami Hyang Widhi Wasa sebagai pencipta dan sumber hidup. 1.3. Susila Memahami Subha dan Asubha Karma , serta Tri Kaya Parisudha . 1.4. Acara Memahami Dainika Upasana dan sarana persembahyangan. 1.5. Sejarah Agama Hindu Memahami tokoh-tokoh kerajaan Hindu di Indonesia. 2. Fase B (Umumnya untuk Kelas III dan IV SD/Program Paket A)",,,,,,,,,CP-000,"Capaian Pembelajaran (master), id 119",,,https://kurikulum.kemendikdasmen.go.id/service/download.php?kategori=rujukan&id=119,,,extracted_machine,OFFICIAL_PUBLIC_ACCESS,medium,machine-extracted phase-level CP; element tables pending
CPM-PENDIDIKAN-AGAMA-HINDU-DAN-BUDI-B,ID,Kurikulum Nasional,2026,2026/2027,SD,B,3-4,Pendidikan Agama Hindu dan Budi,,,,CP-PENDIDIKAN-AGAMA-HINDU-DAN-BUDI-B,"Pada akhir fase B, murid memiliki kemampuan sebagai berikut. 2.1. Kitab Suci Weda Memahami kitab Purana . 2.2. Sraddha dan Bhakti Memahami Hyang Widhi Wasa sebagai Tri Murti dan Cadu Sakti. 2.3. Susila Memahami Tri Parartha dan Catur Paramitha.",,,,,,,,,CP-000,"Capaian Pembelajaran (master), id 119",,,https://kurikulum.kemendikdasmen.go.id/service/download.php?kategori=rujukan&id=119,,,extracted_machine,OFFICIAL_PUBLIC_ACCESS,medium,machine-extracted phase-level CP; element tables pending
CPM-PENDIDIKAN-AGAMA-HINDU-DAN-BUDI-C,ID,Kurikulum Nasional,2026,2026/2027,SD,C,5-6,Pendidikan Agama Hindu dan Budi,,,,CP-PENDIDIKAN-AGAMA-HINDU-DAN-BUDI-C,"Pada akhir fase C, murid memiliki kemampuan sebagai berikut. 3.1. Kitab Suci Weda Memahami Weda Sruti dan Weda Smerti. 3.2. Sraddha dan Bhakti Memahami Bhuana Agung dan Bhuana Alit. 3.3. Susila Memahami ajaran Catur Guru dan Catur Asrama . 3.4. Acara Memahami Panca Yadnya dan Manggalaning Yadnya . 3.5. Sejarah Agama Hindu Memahami Sejarah Perkembangan Agama Hindu di Indonesia. 4. Fase D (Umumnya untuk Kelas VII, VIII dan IX SMP/Program Paket B)",,,,,,,,,CP-000,"Capaian Pembelajaran (master), id 119",,,https://kurikulum.kemendikdasmen.go.id/service/download.php?kategori=rujukan&id=119,,,extracted_machine,OFFICIAL_PUBLIC_ACCESS,medium,machine-extracted phase-level CP; element tables pending
CPM-PENDIDIKAN-AGAMA-HINDU-DAN-BUDI-D,ID,Kurikulum Nasional,2026,2026/2027,SMP,D,7-9,Pendidikan Agama Hindu dan Budi,,,,CP-PENDIDIKAN-AGAMA-HINDU-DAN-BUDI-D,"Pada akhir fase D, murid memiliki kemampuan sebagai berikut. 4.1. Kitab Suci Weda Memahami Upaweda , Wedangga , dan Nibhanda . 4.2. Sraddha dan Bhakti Memahami Atman, Asta Aiswarya, dan Catur Marga. 4.3. Susila Memahami Tri Hita Karana , Catur Purusa Artha , serta Panca Yama Brata dan Panca Niyama Brata .",,,,,,,,,CP-000,"Capaian Pembelajaran (master), id 119",,,https://kurikulum.kemendikdasmen.go.id/service/download.php?kategori=rujukan&id=119,,,extracted_machine,OFFICIAL_PUBLIC_ACCESS,medium,machine-extracted phase-level CP; element tables pending
CPM-PENDIDIKAN-AGAMA-HINDU-DAN-BUDI-E,ID,Kurikulum Nasional,2026,2026/2027,SMA,E,10,Pendidikan Agama Hindu dan Budi,,,,CP-PENDIDIKAN-AGAMA-HINDU-DAN-BUDI-E,"Pada akhir fase E, murid memiliki kemampuan sebagai berikut. 5.1. Kitab Suci Weda Memahami Dharmasastra . 5.2. Sraddha dan Bhakti Memahami Karmaphala dan Punarbhawa. 5.3. Susila Memahami ajaran Catur Warna. 5.4. Acara Memahami Yadnya dan Ramayana dan Mahabhrata. 5.5. Sejarah Agama Hindu Memahami Corak Keagamaan Hindu di dunia. 6. Fase F (Umumnya untuk Kelas XI dan XII SMA/SMK/Program Paket C)",,,,,,,,,CP-000,"Capaian Pembelajaran (master), id 119",,,https://kurikulum.kemendikdasmen.go.id/service/download.php?kategori=rujukan&id=119,,,extracted_machine,OFFICIAL_PUBLIC_ACCESS,medium,machine-extracted phase-level CP; element tables pending
CPM-PENDIDIKAN-AGAMA-HINDU-DAN-BUDI-F,ID,Kurikulum Nasional,2026,2026/2027,SMA,F,11-12,Pendidikan Agama Hindu dan Budi,,,,CP-PENDIDIKAN-AGAMA-HINDU-DAN-BUDI-F,"Pada akhir fase F, murid memiliki kemampuan sebagai berikut. 6.1. Kitab Suci Weda Memahami Kodifikasi Weda dan Ajaran Upanisad . 6.2. Sraddha dan Bhakti Memahami Darsana dan Moksa . 6.3. Susila Memahami konsep Keluarga Sukhinah dan Karakter Kepemimpinan Hindu. 6.4. Acara Memahami Seni Keagamaan Hindu serta",,,,,,,,,CP-000,"Capaian Pembelajaran (master), id 119",,,https://kurikulum.kemendikdasmen.go.id/service/download.php?kategori=rujukan&id=119,,,extracted_machine,OFFICIAL_PUBLIC_ACCESS,medium,machine-extracted phase-level CP; element tables pending
CPM-PENDIDIKAN-AGAMA-BUDDHA-DAN-A,ID,Kurikulum Nasional,2026,2026/2027,SD,A,1-2,Pendidikan Agama Buddha dan,,,,CP-PENDIDIKAN-AGAMA-BUDDHA-DAN-A,"Pada akhir fase A, murid memiliki kemampuan sebagai berikut: 1.1. Sejarah Memahami identitas diri dan keluarganya, serta memiliki keterbukaan untuk menghargai perbedaan identitas dan budaya teman-temannya di lingkungan rumah, sekolah, dan rumah ibadah. murid mengamalkan sifat-sifat kehidupan para Bodhisattva, para Buddha, siswa Buddha atau tokoh Buddhis inspiratif dalam menyayangi diri sendiri dengan menjaga kesehatan fisik dan batin, membiasakan diri untuk bersikap hormat dan menjaga ucapan di lingkungannya sesuai kisah Jataka. 1.2. Ritual Memahami identitas agama Buddha dan kepercayaan lainnya dalam suatu kelompok dengan anggota yang beragam identitas agama dan kepercayaan. murid memahami",,,,,,,,,CP-000,"Capaian Pembelajaran (master), id 119",,,https://kurikulum.kemendikdasmen.go.id/service/download.php?kategori=rujukan&id=119,,,extracted_machine,OFFICIAL_PUBLIC_ACCESS,medium,machine-extracted phase-level CP; element tables pending
CPM-PENDIDIKAN-AGAMA-BUDDHA-DAN-B,ID,Kurikulum Nasional,2026,2026/2027,SD,B,3-4,Pendidikan Agama Buddha dan,,,,CP-PENDIDIKAN-AGAMA-BUDDHA-DAN-B,"Pada akhir fase B, murid memiliki kemampuan sebagai berikut: 2.1. Sejarah Memahami identitas Buddha Sakyamuni, sebagai dasar keyakinan terhadap Agama Buddha. murid memahami budaya dan bahasa dalam agama Buddha serta memiliki keterbukaan untuk menghargai perbedaan identitas dan budaya orang lain di lingkungan tempat tinggalnya. murid meneladan Buddha Sakyamuni dalam menghargai sesama manusia, menyelesaikan masalah pergaulan di lingkungan terdekatnya, lingkungan sekolah dan rumah ibadah. 2.2. Ritual Memahami doa Buddhis dalam kegiatan sehari-hari berdasarkan keyakinan kepada Ketuhanan Yang Maha Esa dan Triratna. murid menghargai identitas masing-masing aliran atau",,,,,,,,,CP-000,"Capaian Pembelajaran (master), id 119",,,https://kurikulum.kemendikdasmen.go.id/service/download.php?kategori=rujukan&id=119,,,extracted_machine,OFFICIAL_PUBLIC_ACCESS,medium,machine-extracted phase-level CP; element tables pending
CPM-PENDIDIKAN-AGAMA-BUDDHA-DAN-C,ID,Kurikulum Nasional,2026,2026/2027,SD,C,5-6,Pendidikan Agama Buddha dan,,,,CP-PENDIDIKAN-AGAMA-BUDDHA-DAN-C,"Pada akhir fase C, murid memiliki kemampuan sebagai berikut: 3.1. Sejarah Meneladani Buddha Sakyamuni dalam menghadapi hambatan untuk meraih kesuksesan; meneladan kehidupan Buddha Sakyamuni dalam menyelesaikan masalah kehidupan individu dan sosial; murid memahami konsep dasar musyawarah mufakat dalam kehidupan Buddha Sakyamuni. 3.2. Ritual Memahami keragaman upacara puja dan meditasi ketenangan dari berbagai aliran atau tradisi Agama Buddha. murid mengamalkan sikap bersatu dalam perbedaan dengan berperan serta melakukan dialog moderasi beragama. 3.3. Etika Mengamalkan nilai-nilai Buddhadharma, Pancasila Buddhis, dan nilai-nilai Pancasila",,,,,,,,,CP-000,"Capaian Pembelajaran (master), id 119",,,https://kurikulum.kemendikdasmen.go.id/service/download.php?kategori=rujukan&id=119,,,extracted_machine,OFFICIAL_PUBLIC_ACCESS,medium,machine-extracted phase-level CP; element tables pending
CPM-PENDIDIKAN-AGAMA-BUDDHA-DAN-D,ID,Kurikulum Nasional,2026,2026/2027,SMP,D,7-9,Pendidikan Agama Buddha dan,,,,CP-PENDIDIKAN-AGAMA-BUDDHA-DAN-D,"Pada akhir fase D, murid memiliki kemampuan sebagai berikut: 4.1. Sejarah Memahami sifat-sifat Buddha Sakyamuni, para penyokong Buddha, siswa-siswa utama, tokoh Buddhis inspiratif, peristiwa monumental setelah Buddha Sakyamuni Parinibbana, untuk diteladan dan dilestarikan dalam kehidupan sehari-hari dengan bijaksana dalam berperilaku terhadap diri sendiri, sesama manusia, masyarakat, dan lingkungan sekitar. 4.2. Ritual Memahami meditasi hidup berkesadaran, budaya menghormat ( pūja ), hari raya agama Buddha, tempat-tempat ziarah Agama Buddha, melakukan ziarah ke tempat suci Agama Buddha, kunjungan ke tempat ibadah agama dan kepercayaan lain, menghargai tradisi Agama Buddha di Indonesia, dan melakukan dialog kerukunan umat beragama. 4.3. Etika Memahami nilai-nilai ajaran moralitas, jalan Bodhisattva yaitu Paññadika Bodhisattva, Saddhadika Bodhisattva, Viriyadika Bodhisattva; hukum karma dan kelahiran kembali, hak dan kewajiban moral terhadap sesama dan",,,,,,,,,CP-000,"Capaian Pembelajaran (master), id 119",,,https://kurikulum.kemendikdasmen.go.id/service/download.php?kategori=rujukan&id=119,,,extracted_machine,OFFICIAL_PUBLIC_ACCESS,medium,machine-extracted phase-level CP; element tables pending
CPM-PENDIDIKAN-AGAMA-BUDDHA-DAN-E,ID,Kurikulum Nasional,2026,2026/2027,SMA,E,10,Pendidikan Agama Buddha dan,,,,CP-PENDIDIKAN-AGAMA-BUDDHA-DAN-E,"Pada akhir fase E, murid memiliki kemampuan sebagai berikut: 5.1. Sejarah Memahami penyiaran Agama Buddha, meneladan perjuangan pelaku sejarah Agama Buddha masa kini. 5.2. Ritual Memahami meditasi ketenangan batin dengan keyakinan. 5.3. Etika Memahami nilai-nilai moderasi beragama berdasarkan Buddhadharma sebagai dasar dalam memaknai fenomena dan masalah kehidupan. murid memahami ilmu pengetahuan dan teknologi berdasarkan nilai-nilai agama Buddha. murid memahami nilai-nilai Hukum Kebenaran Mutlak melalui pembelajaran ramah anak serta mencerminkan kehidupan yang moderat. 6. Fase F (Umumnya untuk Kelas XI dan XII SMA/SMK/Program Paket C)",,,,,,,,,CP-000,"Capaian Pembelajaran (master), id 119",,,https://kurikulum.kemendikdasmen.go.id/service/download.php?kategori=rujukan&id=119,,,extracted_machine,OFFICIAL_PUBLIC_ACCESS,medium,machine-extracted phase-level CP; element tables pending
CPM-PENDIDIKAN-AGAMA-BUDDHA-DAN-F,ID,Kurikulum Nasional,2026,2026/2027,SMA,F,11-12,Pendidikan Agama Buddha dan,,,,CP-PENDIDIKAN-AGAMA-BUDDHA-DAN-F,"Pada akhir fase F, murid memiliki kemampuan sebagai berikut: 6.1. Sejarah Memahami sikap tokoh pendukung Agama Buddha, pelaku sejarah Buddhis lokal, nasional,",,,,,,,,,CP-000,"Capaian Pembelajaran (master), id 119",,,https://kurikulum.kemendikdasmen.go.id/service/download.php?kategori=rujukan&id=119,,,extracted_machine,OFFICIAL_PUBLIC_ACCESS,medium,machine-extracted phase-level CP; element tables pending
CPM-PENDIDIKAN-AGAMA-KHONGHUCU-DAN-A,ID,Kurikulum Nasional,2026,2026/2027,SD,A,1-2,Pendidikan Agama Khonghucu dan,,,,CP-PENDIDIKAN-AGAMA-KHONGHUCU-DAN-A,"Pada akhir fase A, murid memiliki kemampuan sebagai berikut: 1.1. Sejarah Suci Memahami riwayat dan keluarga Nabi Kŏngzĭ ( 孔 子 ), kisah keteladanan bakti para tokoh agama Khonghucu (Rújiào 儒 教 ), kisah keteladanan sifat solidaritas sesama sahabat dari tokoh agama Khonghucu. 1.2. Kitab Suci Memahami ayat-ayat suci yang terdapat dalam kitab Bakti (Xiàojīng 孝 经 ), Sìshū ( 四 书 ) dan Wŭjīng ( 五 经 ) yang berkaitan dengan kisah anak berbakti dan keteladanan Nabi Kŏngzĭ ( 孔 子 ). 1.3. Keimanan Memahami konsep Tiān ( 天 ) dalam agama Khonghucu bahwa manusia diciptakan Tiān ( 天 ) melalui kedua orang tua dan peran keberadaan leluhur dalam kehidupan manusia serta Nabi Kŏngzĭ ( 孔 子 ) sebagai genta rohani Tiān ( 天 ), Tiān Zhī Mùduó ( 天 之 木 铎 ). 1.4. Tata Ibadah Memahami sikap dalam berdoa dan menghormat, sembahyang kepada Tiān ( 天 ), Nabi Kŏngzĭ ( 孔 子 ), dan leluhur serta perlengkapan sembahyang di altar. 1.5. Perilaku Jūnzĭ ( 君 子 ) Memahami sikap bakti dan hormat kepada orang tua sebagai wujud hormat kepada Tiān ( 天 ), pembiasaan berdoa sebelum maupun sesudah beraktivitas, dan sikap toleransi dengan teman,",,,,,,,,,CP-000,"Capaian Pembelajaran (master), id 119",,,https://kurikulum.kemendikdasmen.go.id/service/download.php?kategori=rujukan&id=119,,,extracted_machine,OFFICIAL_PUBLIC_ACCESS,medium,machine-extracted phase-level CP; element tables pending
CPM-PENDIDIKAN-AGAMA-KHONGHUCU-DAN-B,ID,Kurikulum Nasional,2026,2026/2027,SD,B,3-4,Pendidikan Agama Khonghucu dan,,,,CP-PENDIDIKAN-AGAMA-KHONGHUCU-DAN-B,"Pada akhir fase B, murid memiliki kemampuan sebagai berikut: 2.1. Sejarah Suci Memahami tentang watak sejati ( xìng 性 ) menurut pendapat Mèngzĭ ( 孟 子 ), sikap teladan dari murid-murid Nabi Kŏngzĭ ( 孔 子 ), riwayat Nabi Kŏngzĭ ( 孔 子 ) sebagai genta rohani Tiān ( 天 ) (Tiān Zhī Mùduó 天 之 木 铎 ), tugas suci pengembaraan Nabi Kŏngzĭ ( 孔 子 ), Zhū Xī ( 朱 熹 ) sebagai tokoh pembaharuan agama Khonghucu (Rújiào 儒 教 ), keteladanan ibunda Nabi Kŏngzĭ ( 孔 子 ), ibunda Mèngzĭ ( 孟 子 ), ibunda Ōuyáng Xiū ( 欧 阳 修 ), dan ibunda Yuè Fēi ( 岳 飛 ). 2.2. Kitab Suci Memahami tiga kesukaan yang membawa faedah dan tiga kesukaan yang membawa celaka, bagian-bagian kitab suci yang pokok (Sìshū 四 书 ) dan yang mendasari (Wŭjīng 五 经 ), ayat dalam kitab Sìshū ( 四 书 ) yang berkaitan dengan delapan kebajikan ( bādé 八 德 ). 2.3. Keimanan Memahami makna persembahyangan kepada Tiān ( 天 ), Nabi Kŏngzĭ ( 孔 子 ), para suci ( shénmíng 神 明 ) dan leluhur, tanda-tanda khusus menjelang wafat Nabi Kŏngzĭ ( 孔 子 ), nilai-nilai delapan keimanan ( bāchéngzhēnguī 八 诚 箴 规 ), cita-cita mulia dan semangat belajar Nabi Kŏngzĭ ( 孔 子 ). 2.4. Tata Ibadah Memahami peralatan dan perlengkapan sembahyang dan penataannya di altar leluhur, tata cara menancapkan dupa dalam",,,,,,,,,CP-000,"Capaian Pembelajaran (master), id 119",,,https://kurikulum.kemendikdasmen.go.id/service/download.php?kategori=rujukan&id=119,,,extracted_machine,OFFICIAL_PUBLIC_ACCESS,medium,machine-extracted phase-level CP; element tables pending
CPM-PENDIDIKAN-AGAMA-KHONGHUCU-DAN-C,ID,Kurikulum Nasional,2026,2026/2027,SD,C,5-6,Pendidikan Agama Khonghucu dan,,,,CP-PENDIDIKAN-AGAMA-KHONGHUCU-DAN-C,"Pada akhir fase C, murid memiliki kemampuan sebagai berikut: 3.1. Sejarah Suci Memahami wahyu Tiān ( 天 ) yang diterima oleh para nabi dan raja suci, tokoh-tokoh Rújiào ( 儒 教 ) serta sumbangsih pemikirannya, sejarah perkembangan agama Khonghucu di Indonesia. 3.2. Kitab Suci Memahami ayat-ayat dalam kitab Sìshū ( 四 书 ) dan Wŭjīng ( 五 经 ) tentang Nabi Kŏngzĭ ( 孔 子 ) sebagai Tiān Zhī Mùduó ( 天 之 木 铎 ), persaudaraan dalam pergaulan, rasa cinta tanah air, empat pantangan sìwù ( 四 勿 ), dan yang berhubungan dengan konsep sāncái ( 三 才 ). 3.3. Keimanan Memahami bahwa sembahyang adalah pokok dari agama, definisi iman, hukum yīnyáng ( 阴 阳 ) sebagai dasar hukum alam semesta, konsep Tiga Dasar Kenyataan ( sāncái 三 才 ). 3.4. Tata Ibadah Memahami hari raya/sembahyang kepada Tiān",,,,,,,,,CP-000,"Capaian Pembelajaran (master), id 119",,,https://kurikulum.kemendikdasmen.go.id/service/download.php?kategori=rujukan&id=119,,,extracted_machine,OFFICIAL_PUBLIC_ACCESS,medium,machine-extracted phase-level CP; element tables pending
CPM-PENDIDIKAN-AGAMA-KHONGHUCU-DAN-D,ID,Kurikulum Nasional,2026,2026/2027,SMP,D,7-9,Pendidikan Agama Khonghucu dan,,,,CP-PENDIDIKAN-AGAMA-KHONGHUCU-DAN-D,"Pada akhir fase D, murid memiliki kemampuan sebagai berikut: 4.1. Sejarah Suci Memahami rangkaian wahyu dalam agama Khonghucu dari nabi purba, raja suci sampai dengan Nabi Kŏngzĭ ( 孔 子 ), keteladanan murid-murid Nabi Kŏngzĭ ( 孔 子 ) dan orang-orang besar, serta perkembangan kehidupan beragama dan bernegara di Indonesia. 4.2. Kitab Suci Memahami teks kitab Sìshū ( 四 书 ) dan Wŭjīng ( 五 经 ) serta Xiàojīng ( 孝 经 ) sebagai sumber pengetahuan yang melandasi sejarah suci, keimanan, tata ibadah dan keteladanan perilaku Jūnzĭ ( 君 子 ). 4.3. Keimanan Memahami Tiān ( 天 ), kenabian Nabi Kŏngzĭ ( 孔 子 ), dan watak sejati ( xìng 性 ). 4.4. Tata Ibadah Memahami ritual keagamaan kepada Tiān ( 天 ), dì ( 地 ) dan rén ( 人 ) dalam agama Khonghucu. 4.5. Perilaku Jūnzĭ ( 君 子 )",,,,,,,,,CP-000,"Capaian Pembelajaran (master), id 119",,,https://kurikulum.kemendikdasmen.go.id/service/download.php?kategori=rujukan&id=119,,,extracted_machine,OFFICIAL_PUBLIC_ACCESS,medium,machine-extracted phase-level CP; element tables pending
CPM-PENDIDIKAN-AGAMA-KHONGHUCU-DAN-E,ID,Kurikulum Nasional,2026,2026/2027,SMA,E,10,Pendidikan Agama Khonghucu dan,,,,CP-PENDIDIKAN-AGAMA-KHONGHUCU-DAN-E,"Pada akhir fase E, murid memiliki kemampuan sebagai berikut: 5.1. Sejarah Suci Memahami karya dan nilai keteladanan para nabi, raja suci dan tokoh Khonghucu, kisah hidup murid Nabi Kŏngzĭ ( 孔 子 ). 5.2. Kitab Suci Memahami fase perkembangan kitab-kitab suci agama Khonghucu dan bagian-bagian Kitab Wŭjīng ( 五 经 ). 5.3. Keimanan Memahami kebesaran jalan suci Tiān (Tiāndào 天 道 ), kekuasaan hukum suci Tiān (Tiānlĭ 天 理 ), makna diturunkannya wahyu Tiān ( 天 ) dalam agama Khonghucu, konsep dasar dan prinsip yīnyáng ( 阴 阳 ). 5.4. Tata Ibadah Memahami hakikat dan makna ibadah persembahyangan kepada Tiān ( 天 ). 5.5. Perilaku Jūnzĭ ( 君 子 ) Memahami hakikat dan sifat dasar manusia, serta sikap moderasi beragama. 6. Fase F (Umumnya untuk Kelas XI dan XII SMA/SMK/Program Paket C)",,,,,,,,,CP-000,"Capaian Pembelajaran (master), id 119",,,https://kurikulum.kemendikdasmen.go.id/service/download.php?kategori=rujukan&id=119,,,extracted_machine,OFFICIAL_PUBLIC_ACCESS,medium,machine-extracted phase-level CP; element tables pending
CPM-PENDIDIKAN-PANCASILA-A,ID,Kurikulum Nasional,2026,2026/2027,SD,A,1-2,Pendidikan Pancasila,,,,CP-PENDIDIKAN-PANCASILA-A,"Pada akhir fase A, murid memiliki kemampuan sebagai berikut: 1.1. Pancasila Mengenal bendera negara, lagu kebangsaan, simbol dan sila-sila Pancasila dalam lambang negara Garuda Pancasila dan simbol Pancasila beserta sila-sila Pancasila; menerapkan nilai-nilai Pancasila di lingkungan keluarga. 1.2. Undang-Undang Dasar Negara Republik Indonesia Tahun 1945",,,,,,,,,CP-000,"Capaian Pembelajaran (master), id 119",,,https://kurikulum.kemendikdasmen.go.id/service/download.php?kategori=rujukan&id=119,,,extracted_machine,OFFICIAL_PUBLIC_ACCESS,medium,machine-extracted phase-level CP; element tables pending
CPM-PENDIDIKAN-PANCASILA-B,ID,Kurikulum Nasional,2026,2026/2027,SD,B,3-4,Pendidikan Pancasila,,,,CP-PENDIDIKAN-PANCASILA-B,"Pada akhir fase B, murid memiliki kemampuan sebagai berikut: 2.1. Pancasila Mengidentifikasi makna sila-sila Pancasila, dan penerapannya dalam kehidupan sehari-hari; mengenal karakter para perumus Pancasila; menunjukkan sikap bangga menjadi anak Indonesia yang memiliki bahasa Indonesia sebagai bahasa persatuan di lingkungan sekitar. 2.2. Undang-Undang Dasar Negara Republik Indonesia Tahun 1945 Mengidentifikasi dan melaksanakan aturan di sekolah dan lingkungan tempat tinggal; mengidentifikasi dan menerapkan hak yang didapat dan kewajiban sebagai anggota keluarga dan sebagai warga sekolah. 2.3. Bhinneka Tunggal Ika Membedakan dan menghargai identitas, keluarga, dan teman-temannya sesuai budaya,",,,,,,,,,CP-000,"Capaian Pembelajaran (master), id 119",,,https://kurikulum.kemendikdasmen.go.id/service/download.php?kategori=rujukan&id=119,,,extracted_machine,OFFICIAL_PUBLIC_ACCESS,medium,machine-extracted phase-level CP; element tables pending
CPM-PENDIDIKAN-PANCASILA-C,ID,Kurikulum Nasional,2026,2026/2027,SD,C,5-6,Pendidikan Pancasila,,,,CP-PENDIDIKAN-PANCASILA-C,"Pada akhir fase C, murid memiliki kemampuan sebagai berikut: 3.1. Pancasila Memahami kronologi sejarah kelahiran Pancasila; meneladani sikap para perumus Pancasila dan menerapkan di lingkungan masyarakat; menghubungkan sila-sila dalam Pancasila sebagai suatu kesatuan yang utuh; menguraikan makna nilai-nilai Pancasila sebagai dasar negara, dan pandangan hidup bangsa. 3.2. Undang-Undang Dasar Negara Republik Indonesia Tahun 1945 Mengimplementasikan bentuk-bentuk norma, hak, dan kewajiban dalam kedudukannya sebagai warga negara; mengenal Pembukaan Undang-Undang Dasar Negara Republik Indonesia tahun 1945; mempraktikkan musyawarah untuk membuat kesepakatan dan aturan bersama, serta menerapkannya dalam lingkungan keluarga dan sekolah. 3.3. Bhinneka Tunggal Ika Menyajikan hasil identifikasi sikap menghormati, menjaga, dan melestarikan keberagaman budaya",,,,,,,,,CP-000,"Capaian Pembelajaran (master), id 119",,,https://kurikulum.kemendikdasmen.go.id/service/download.php?kategori=rujukan&id=119,,,extracted_machine,OFFICIAL_PUBLIC_ACCESS,medium,machine-extracted phase-level CP; element tables pending
CPM-PENDIDIKAN-PANCASILA-D,ID,Kurikulum Nasional,2026,2026/2027,SMP,D,7-9,Pendidikan Pancasila,,,,CP-PENDIDIKAN-PANCASILA-D,"Pada akhir fase D, murid memiliki kemampuan sebagai berikut: 4.1. Pancasila Memahami sejarah kelahiran Pancasila; memahami kedudukan Pancasila sebagai dasar negara, pandangan hidup bangsa, dan ideologi negara serta penerapannya dalam kehidupan sehari-hari; memahami makna keterkaitan Pancasila dengan Undang-Undang Dasar Negara Republik Indonesia Tahun 1945, Bhinneka Tunggal Ika, dan Negara Kesatuan Republik Indonesia. 4.2. Undang-Undang Dasar Negara Republik Indonesia Tahun 1945 Menerapkan norma dan aturan; memahami tata urutan peraturan perundang-undangan yang berlaku di Indonesia; menggunakan hak dan menerapkan kewajiban sebagai warga negara; memahami sejarah, fungsi, dan kedudukan Undang-Undang Dasar Negara Republik Indonesia Tahun 1945; mempraktikkan kemerdekaan berpendapat sebagai warga negara dalam era keterbukaan informasi. 4.3. Bhinneka Tunggal Ika Mengidentifikasi keberagaman suku bangsa,",,,,,,,,,CP-000,"Capaian Pembelajaran (master), id 119",,,https://kurikulum.kemendikdasmen.go.id/service/download.php?kategori=rujukan&id=119,,,extracted_machine,OFFICIAL_PUBLIC_ACCESS,medium,machine-extracted phase-level CP; element tables pending
CPM-PENDIDIKAN-PANCASILA-E,ID,Kurikulum Nasional,2026,2026/2027,SMA,E,10,Pendidikan Pancasila,,,,CP-PENDIDIKAN-PANCASILA-E,"Pada akhir fase E, murid memiliki kemampuan sebagai berikut: 5.1. Pancasila Menganalisis cara pandang para perumus Pancasila tentang dasar negara; menganalisis kedudukan Pancasila sebagai dasar negara, pandangan hidup bangsa, dan ideologi negara. 5.2. Undang-Undang Dasar Negara Republik Indonesia Tahun 1945 Menerapkan perilaku taat hukum berdasarkan peraturan yang berlaku untuk mewujudkan harmoni dengan sesama manusia dan lingkungan; menganalisis tata urutan peraturan perundang - undangan di Indonesia; menganalisis makna kedudukan Pancasila sebagai sumber dari segala sumber hukum negara.",,,,,,,,,CP-000,"Capaian Pembelajaran (master), id 119",,,https://kurikulum.kemendikdasmen.go.id/service/download.php?kategori=rujukan&id=119,,,extracted_machine,OFFICIAL_PUBLIC_ACCESS,medium,machine-extracted phase-level CP; element tables pending
CPM-PENDIDIKAN-PANCASILA-F,ID,Kurikulum Nasional,2026,2026/2027,SMA,F,11-12,Pendidikan Pancasila,,,,CP-PENDIDIKAN-PANCASILA-F,"Pada akhir fase F, murid memiliki kemampuan sebagai berikut: 6.1. Pancasila Mendeskripsikan rumusan dan keterkaitan sila-sila dalam Pancasila; menganalisis peluang dan tantangan penerapan nilai-nilai Pancasila dalam kehidupan global dalam konteks Pancasila sebagai ideologi negara dan membiasakan perilaku yang sesuai dengan nilai-nilai Pancasila sebagai identitas nasional dalam kehidupan sehari-hari. 6.2. Undang-Undang Dasar Negara Republik Indonesia Tahun 1945 Menganalisis dinamika pemberlakuan Undang-Undang Dasar 1945; menunjukkan sikap demokratis berdasarkan Undang-Undang Dasar Negara Republik Indonesia Tahun 1945 dalam era keterbukaan informasi; menganalisis kasus pelanggaran hak dan pengingkaran kewajiban warga negara dan merumuskan solusi dari permasalahan tersebut sebagai upaya",,,,,,,,,CP-000,"Capaian Pembelajaran (master), id 119",,,https://kurikulum.kemendikdasmen.go.id/service/download.php?kategori=rujukan&id=119,,,extracted_machine,OFFICIAL_PUBLIC_ACCESS,medium,machine-extracted phase-level CP; element tables pending
CPM-BAHASA-INDONESIA-A,ID,Kurikulum Nasional,2026,2026/2027,SD,A,1-2,Bahasa Indonesia,,,,CP-BAHASA-INDONESIA-A,"Pada akhir fase A, murid memiliki kemampuan sebagai berikut. 1.1. Menyimak Memahami informasi dari teks nonsastra berbentuk teks aural (teks yang dibacakan dan/atau didengarkan) berupa percakapan yang berkaitan dengan diri, keluarga, dan/atau lingkungan sekitar; dan memahami pesan teks sastra berbentuk teks aural. 1.2. Membaca dan Memirsa Membaca kata-kata sederhana dengan fasih dari bacaan dan/atau tayangan yang dipirsa tentang diri, keluarga, kesehatan, dan/atau lingkungan sekitar; dan memahami isi bacaan dan/atau tayangan yang dipirsa tentang diri, keluarga, kesehatan, dan/atau lingkungan sekitar. 1.3. Berbicara dan Mempresentasikan Merespons dengan bertanya tentang sesuatu, menjawab, dan menanggapi komentar orang lain (teman, pendidik, dan/atau orang dewasa) dengan baik dan santun dalam suatu percakapan tentang diri, keluarga, kesehatan, dan/atau lingkungan sekitar; mengungkapkan perasaan dan gagasan secara lisan dengan atau tanpa bantuan gambar; dan menceritakan kembali isi berbagai tipe teks yang dibaca, dipirsa, atau didengar tentang diri, keluarga, kesehatan, dan/atau lingkungan sekitar. 1.4. Menulis Menulis permulaan dengan benar di atas kertas",,,,,,,,,CP-000,"Capaian Pembelajaran (master), id 119",,,https://kurikulum.kemendikdasmen.go.id/service/download.php?kategori=rujukan&id=119,,,extracted_machine,OFFICIAL_PUBLIC_ACCESS,medium,machine-extracted phase-level CP; element tables pending
CPM-BAHASA-INDONESIA-B,ID,Kurikulum Nasional,2026,2026/2027,SD,B,3-4,Bahasa Indonesia,,,,CP-BAHASA-INDONESIA-B,"Pada akhir fase B, murid memiliki kemampuan sebagai berikut. 2.1. Menyimak Memahami ide pokok suatu informasi dari teks nonsastra berbentuk teks aural (teks yang dibacakan dan/atau didengarkan); dan memahami isi teks sastra berbentuk teks aural. 2.2. Membaca dan Memirsa Membaca kata-kata baru dengan fasih dari bacaan dan/atau tayangan yang dipirsa; dan memahami ide pokok, ide pendukung, pesan, dan informasi dalam teks sastra dan nonsastra berbentuk cetak dan/atau elektronik. 2.3. Berbicara dan Mempresentasikan Menyajikan pendapat dengan pilihan kata dan sikap tubuh/gestur yang sesuai, menggunakan volume dan intonasi yang tepat sesuai konteks; menanggapi diskusi sesuai tata cara; dan menceritakan kembali isi dan/atau informasi dari berbagai tipe teks yang dibaca, dipirsa, atau didengar. 2.4. Menulis Menulis berbagai tipe teks sederhana dengan rangkaian kalimat yang beragam; dan menggunakan kaidah kebahasaan dan kosakata baru yang memiliki makna denotatif untuk menulis teks sesuai dengan konteks. 3. Fase C (Umumnya untuk Kelas V dan VI SD/MI/Program",,,,,,,,,CP-000,"Capaian Pembelajaran (master), id 119",,,https://kurikulum.kemendikdasmen.go.id/service/download.php?kategori=rujukan&id=119,,,extracted_machine,OFFICIAL_PUBLIC_ACCESS,medium,machine-extracted phase-level CP; element tables pending
CPM-BAHASA-INDONESIA-C,ID,Kurikulum Nasional,2026,2026/2027,SD,C,5-6,Bahasa Indonesia,,,,CP-BAHASA-INDONESIA-C,"Pada akhir fase C, murid memiliki kemampuan sebagai berikut. 3.1. Menyimak Menganalisis informasi dari teks nonsastra berbentuk teks aural (teks yang dibacakan dan/atau didengarkan; dan menganalisis isi teks sastra berbentuk teks aural. 3.2. Membaca dan Memirsa Membaca kata-kata dengan berbagai pola kombinasi huruf dengan fasih dari bacaan dan/atau tayangan yang dipirsa; dan menganalisis informasi serta nilai-nilai dalam teks sastra dan nonsastra berwujud teks visual dan/atau audiovisual. 3.3. Berbicara dan Mempresentasikan Mempresentasikan gagasan dari berbagai tipe teks dengan efektif dan santun; dan menyampaikan perasaan berdasarkan fakta, imajinasi (dari diri sendiri dan orang lain) secara indah dan menarik dalam bentuk teks sastra dengan penggunaan kosakata secara kreatif. 3.4. Menulis Menulis berbagai tipe teks sederhana berdasarkan gagasan, hasil pengamatan, pengalaman, dan/atau imajinasi dengan rangkaian kalimat kompleks secara kreatif, menarik, dan/atau indah; dan menggunakan kaidah kebahasaan dan kosakata baru yang memiliki makna denotatif dan konotatif. 4. Fase D (Umumnya untuk Kelas VII, VIII dan IX SMP/MTs/Program Paket B)",,,,,,,,,CP-000,"Capaian Pembelajaran (master), id 119",,,https://kurikulum.kemendikdasmen.go.id/service/download.php?kategori=rujukan&id=119,,,extracted_machine,OFFICIAL_PUBLIC_ACCESS,medium,machine-extracted phase-level CP; element tables pending
CPM-BAHASA-INDONESIA-D,ID,Kurikulum Nasional,2026,2026/2027,SMP,D,7-9,Bahasa Indonesia,,,,CP-BAHASA-INDONESIA-D,"Pada akhir fase D, murid memiliki kemampuan sebagai berikut. 4.1. Menyimak Menganalisis gagasan, pandangan, arahan,",,,,,,,,,CP-000,"Capaian Pembelajaran (master), id 119",,,https://kurikulum.kemendikdasmen.go.id/service/download.php?kategori=rujukan&id=119,,,extracted_machine,OFFICIAL_PUBLIC_ACCESS,medium,machine-extracted phase-level CP; element tables pending
CPM-BAHASA-INDONESIA-E,ID,Kurikulum Nasional,2026,2026/2027,SMA,E,10,Bahasa Indonesia,,,,CP-BAHASA-INDONESIA-E,"Pada akhir fase E, murid memiliki kemampuan sebagai berikut. 5.1. Menyimak Mengevaluasi gagasan, pandangan, arahan, dan/atau pesan dari teks nonsastra berbentuk teks aural (teks yang dibacakan dan/atau didengarkan); dan mengevaluasi unsur intrinsik dan ekstrinsik teks sastra berbentuk teks aural. 5.2. Membaca dan Memirsa Mengevaluasi informasi berupa gagasan, pandangan, arahan, dan/atau pesan dari berbagai tipe teks berwujud visual dan/atau audiovisual untuk menemukan makna yang tersurat dan tersirat; menginterpretasi informasi untuk mengungkapkan gagasan dan perasaan (simpati, peduli, dan empati) dari berbagai tipe teks berwujud teks visual dan/atau audiovisual secara kreatif; mengevaluasi kualitas dan/atau kredibilitas dari berbagai tipe teks berwujud teks visual dan/atau audiovisual menggunakan sumber informasi lain; dan membandingkan isi teks. 5.3. Berbicara dan Mempresentasikan Mempresentasikan gagasan, pandangan, arahan, dan/atau pesan berbagai tipe teks berbentuk monolog, dialog, dan/atau gelar wicara secara sistematis, kritis, dan/atau kreatif; dan mengungkapkan kepedulian dari berbagai tipe teks dan/atau teks multimodal secara kreatif. 5.4. Menulis Menulis gagasan, pandangan, arahan, pesan, dan/atau imajinasi dalam berbagai tipe teks secara logis, kritis, dan kreatif; dan memublikasikan hasil karya di media cetak, elektronik, dan/atau digital.",,,,,,,,,CP-000,"Capaian Pembelajaran (master), id 119",,,https://kurikulum.kemendikdasmen.go.id/service/download.php?kategori=rujukan&id=119,,,extracted_machine,OFFICIAL_PUBLIC_ACCESS,medium,machine-extracted phase-level CP; element tables pending
CPM-BAHASA-INDONESIA-F,ID,Kurikulum Nasional,2026,2026/2027,SMA,F,11-12,Bahasa Indonesia,,,,CP-BAHASA-INDONESIA-F,"Pada akhir fase F, murid memiliki kemampuan sebagai berikut. 6.1. Menyimak Mengevaluasi gagasan, perasaan, pandangan, arahan, dan/atau pesan dari teks nonsastra berbentuk teks aural (teks yang dibacakan dan/atau didengarkan); dan mengapresiasi teks sastra berbentuk teks aural. 6.2. Membaca dan Memirsa Mengevaluasi informasi berupa gagasan, perasaan, pandangan, arahan, dan/atau pesan dari berbagai tipe teks berwujud teks visual dan/atau audiovisual untuk menemukan makna yang tersurat dan tersirat berdasarkan kaidah logika berpikir; merefleksi gagasan dan pandangan berdasarkan kaidah logika berpikir dari berbagai tipe teks berwujud teks visual dan/atau audiovisual; dan mengapresiasi berbagai tipe teks berwujud teks visual dan/atau audiovisual. 6.3. Berbicara dan Mempresentasikan Mempresentasikan gagasan, perasaan, pandangan, arahan, pesan, dan/atau kreativitas berbahasa dalam berbagai tipe teks berbentuk monolog, dialog, dan/atau gelar wicara dan/atau berbagai tipe teks secara logis, sistematis, kritis, dan kreatif sesuai dengan norma kesopanan dan budaya Indonesia; menyajikan karya sastra secara kreatif dan menarik; dan mempertahankan hasil penelitian dengan argumentasi. 6.4. Menulis Menulis gagasan, pandangan, imajinasi, dan/atau pengetahuan metakognisi dalam berbagai tipe teks secara logis, kritis, dan kreatif;",,,,,,,,,CP-000,"Capaian Pembelajaran (master), id 119",,,https://kurikulum.kemendikdasmen.go.id/service/download.php?kategori=rujukan&id=119,,,extracted_machine,OFFICIAL_PUBLIC_ACCESS,medium,machine-extracted phase-level CP; element tables pending
CPM-MATEMATIKA-F,ID,Kurikulum Nasional,2026,2026/2027,SMA,F,11-12,Matematika,,,,CP-MATEMATIKA-F,"Pada akhir fase F, murid memiliki kemampuan sebagai berikut. 1. Menyimak Mengevaluasi teks nonsastra berbentuk teks aural yang digunakan dalam konteks sosial, akademis, dan dunia kerja; dan mengapresiasi teks sastra Indonesia dan teks sastra dunia berbentuk teks aural dan teks audio. 2. Membaca dan Memirsa Mengevaluasi berbagai teks yang digunakan dalam konteks sosial, akademis, dan/atau dunia kerja berbentuk cetak dan digital; dan mengapresiasi teks sastra Indonesia dan teks sastra dunia yang dibaca dan dipirsa. 3. Berbicara dan Mempresentasikan Mempresentasikan berbagai teks dalam konteks sosial, akademis, dan/atau dunia kerja dalam berbagai media; dan mempresentasikan teks sastra Indonesia dan teks sastra dunia dalam bentuk digital atau pertunjukan. 4. Menulis Menulis berbagai tipe teks dalam konteks sosial, akademis, dan dunia kerja; memodifikasi teks sastra Indonesia dan teks sastra dunia ke dalam bentuk multimedia lisan/cetak atau digital; dan mempublikasikan hasil karya baik di media cetak maupun digital. IV.1.",,,,,,,,,CP-000,"Capaian Pembelajaran (master), id 119",,,https://kurikulum.kemendikdasmen.go.id/service/download.php?kategori=rujukan&id=119,,,extracted_machine,OFFICIAL_PUBLIC_ACCESS,medium,machine-extracted phase-level CP; element tables pending
CPM-MATEMATIKA-A,ID,Kurikulum Nasional,2026,2026/2027,SD,A,1-2,Matematika,,,,CP-MATEMATIKA-A,"Pada akhir fase A, murid memiliki kemampuan sebagai berikut. 1.1. Bilangan Menunjukkan pemahaman dan memiliki intuisi bilangan ( number sense ) pada bilangan cacah sampai 100; membaca, menulis, menentukan nilai tempat, membandingkan, mengurutkan, serta melakukan komposisi (menyusun) dan dekomposisi (mengurai) bilangan; melakukan operasi penjumlahan dan pengurangan menggunakan benda-benda konkret yang banyaknya sampai 20; dan menunjukkan pemahaman pecahan sebagai bagian dari keseluruhan melalui konteks membagi sebuah benda atau kumpulan benda sama banyak (pecahan yang diperkenalkan adalah setengah dan seperempat). 1.2. Aljabar Menunjukan pemahaman makna simbol",,,,,,,,,CP-000,"Capaian Pembelajaran (master), id 119",,,https://kurikulum.kemendikdasmen.go.id/service/download.php?kategori=rujukan&id=119,,,extracted_machine,OFFICIAL_PUBLIC_ACCESS,medium,machine-extracted phase-level CP; element tables pending
CPM-MATEMATIKA-B,ID,Kurikulum Nasional,2026,2026/2027,SD,B,3-4,Matematika,,,,CP-MATEMATIKA-B,"Pada akhir fase B, murid memiliki kemampuan sebagai berikut. 2.1. Bilangan Memiliki pemahaman dan intuisi bilangan ( number sense ) pada bilangan cacah sampai",,,,,,,,,CP-000,"Capaian Pembelajaran (master), id 119",,,https://kurikulum.kemendikdasmen.go.id/service/download.php?kategori=rujukan&id=119,,,extracted_machine,OFFICIAL_PUBLIC_ACCESS,medium,machine-extracted phase-level CP; element tables pending
CPM-MATEMATIKA-C,ID,Kurikulum Nasional,2026,2026/2027,SD,C,5-6,Matematika,,,,CP-MATEMATIKA-C,"Pada akhir fase C, murid memiliki kemampuan sebagai berikut. 3.1. Bilangan Menunjukkan pemahaman dan intuisi bilangan ( number sense ) pada bilangan cacah sampai 1.000.000; membaca, menulis, menentukan nilai tempat, membandingkan, mengurutkan, melakukan komposisi dan dekomposisi bilangan; menyelesaikan masalah yang berkaitan dengan uang; melakukan operasi penjumlahan, pengurangan, perkalian, dan pembagian bilangan cacah sampai 100.000; serta menyelesaikan masalah yang berkaitan dengan KPK dan FPB. Murid dapat membandingkan dan mengurutkan berbagai pecahan termasuk pecahan campuran, melakukan operasi penjumlahan dan pengurangan pecahan, serta melakukan operasi perkalian dan pembagian pecahan dengan bilangan asli; mengubah pecahan menjadi berbagai bentuk pecahan lain, serta",,,,,,,,,CP-000,"Capaian Pembelajaran (master), id 119",,,https://kurikulum.kemendikdasmen.go.id/service/download.php?kategori=rujukan&id=119,,,extracted_machine,OFFICIAL_PUBLIC_ACCESS,medium,machine-extracted phase-level CP; element tables pending
CPM-MATEMATIKA-D,ID,Kurikulum Nasional,2026,2026/2027,SMP,D,7-9,Matematika,,,,CP-MATEMATIKA-D,"Pada akhir fase D, murid memiliki kemampuan sebagai berikut 4.1. Bilangan Membaca, menulis, dan membandingkan bilangan bulat, bilangan rasional, bilangan desimal, bilangan berpangkat bulat dan akar, bilangan dalam notasi ilmiah; menerapkan operasi aritmatika pada bilangan real, dan memberikan estimasi/perkiraan dalam menyelesaikan masalah (termasuk berkaitan dengan literasi finansial). Murid dapat menggunakan rasio (skala, proporsi, dan laju perubahan) dalam penyelesaian masalah. 4.2. Aljabar Mengenali, memprediksi dan menggeneralisasi pola dalam bentuk susunan benda dan bilangan; Menyatakan suatu situasi ke dalam bentuk aljabar; menggunakan sifat-sifat operasi (komutatif, asosiatif, dan distributif) untuk menghasilkan bentuk aljabar yang ekuivalen. Murid dapat memahami relasi dan fungsi (domain, kodomain, range) serta menyajikannya dalam bentuk diagram panah, tabel, himpunan pasangan berurutan, dan grafik; membedakan beberapa fungsi non linear dari fungsi linear secara grafik; menyelesaikan persamaan dan pertidaksamaan linear satu variabel; menyajikan, menganalisis, dan menyelesaikan masalah dengan menggunakan relasi, fungsi dan persamaan linear; serta menyelesaikan sistem",,,,,,,,,CP-000,"Capaian Pembelajaran (master), id 119",,,https://kurikulum.kemendikdasmen.go.id/service/download.php?kategori=rujukan&id=119,,,extracted_machine,OFFICIAL_PUBLIC_ACCESS,medium,machine-extracted phase-level CP; element tables pending
CPM-MATEMATIKA-E,ID,Kurikulum Nasional,2026,2026/2027,SMA,E,10,Matematika,,,,CP-MATEMATIKA-E,"Pada akhir fase E, murid memiliki kemampuan sebagai berikut 5.1. Bilangan Menggeneralisasi sifat-sifat bilangan berpangkat (termasuk bilangan pangkat pecahan), dan menggunakannya untuk menyelesaikan masalah. 5.2. Aljabar dan Fungsi Menyelesaikan masalah yang berkaitan dengan sistem pertidaksamaan linear dua variabel;",,,,,,,,,CP-000,"Capaian Pembelajaran (master), id 119",,,https://kurikulum.kemendikdasmen.go.id/service/download.php?kategori=rujukan&id=119,,,extracted_machine,OFFICIAL_PUBLIC_ACCESS,medium,machine-extracted phase-level CP; element tables pending
CPM-MATEMATIKA-TINGKAT-LANJUT-F,ID,Kurikulum Nasional,2026,2026/2027,SMA,F,11-12,Matematika Tingkat Lanjut,,,,CP-MATEMATIKA-TINGKAT-LANJUT-F,"Pada akhir fase F, murid memiliki kemampuan sebagai berikut. 1. Aljabar dan Fungsi Melakukan operasi aritmetika pada polinomial (suku banyak), menentukan faktor polinomial, dan menggunakan identitas polinomial untuk menyelesaikan masalah; melakukan operasi aljabar pada matriks dan menerapkannya dalam transformasi geometri; menyatakan fungsi trigonometri menggunakan lingkaran satuan, memodelkan fenomena periodik dengan fungsi trigonometri, dan membuktikan serta menerapkan identitas trigonometri dan aturan cosinus dan sinus; mengenal berbagai fungsi (termasuk fungsi rasional, fungsi akar, fungsi eksponensial, fungsi logaritma, fungsi nilai mutlak, fungsi tangga dan fungsi piecewise ) dan menggunakannya untuk memodelkan berbagai fenomena. 2. Geometri Menyatakan vektor pada bidang datar, dan melakukan operasi aljabar pada vektor; melakukan pembuktian geometris menggunakan vektor; serta menyatakan sifat-sifat geometri dari persamaan lingkaran, elips dan persamaan garis singgung. 3. Analisis Data dan Peluang Memahami variabel acak diskrit (distribusi binomial) dan fungsi peluang (distribusi normal), dan menggunakannya dalam memodelkan data; menginterpretasi parameter distribusi data secara statistik, menghitung nilai harapan",,,,,,,,,CP-000,"Capaian Pembelajaran (master), id 119",,,https://kurikulum.kemendikdasmen.go.id/service/download.php?kategori=rujukan&id=119,,,extracted_machine,OFFICIAL_PUBLIC_ACCESS,medium,machine-extracted phase-level CP; element tables pending
CPM-BAHASA-INGGRIS-B,ID,Kurikulum Nasional,2026,2026/2027,SD,B,3-4,Bahasa Inggris,,,,CP-BAHASA-INGGRIS-B,"Pada akhir fase B, murid memiliki kemampuan sebagai berikut. 1.1. Menyimak - Berbicara ( Listening - Speaking ) Memahami dan merespon teks lisan atau teks multimodal sederhana tentang kehidupan sehari-hari baik secara verbal atau non-verbal sesuai konteks. (understand and respond to simple oral or multimodal texts about everyday life verbally or non-verbally in line with its context) 1.2. Membaca - Memirsa ( Reading - Viewing )",,,,,,,,,CP-000,"Capaian Pembelajaran (master), id 119",,,https://kurikulum.kemendikdasmen.go.id/service/download.php?kategori=rujukan&id=119,,,extracted_machine,OFFICIAL_PUBLIC_ACCESS,medium,machine-extracted phase-level CP; element tables pending
CPM-BAHASA-INGGRIS-C,ID,Kurikulum Nasional,2026,2026/2027,SD,C,5-6,Bahasa Inggris,,,,CP-BAHASA-INGGRIS-C,"Pada akhir fase C, murid memiliki kemampuan sebagai berikut. 2.1. Menyimak - Berbicara ( Listening - Writing ) Memahami alur informasi teks secara keseluruhan dan merespon teks lisan atau teks multimodal sederhana tentang topik sehari-hari secara lisan dengan kalimat pendek dan sederhana sesuai konteks. (Understand the entire flow of information and respond to simple oral or multimodal texts about everyday topics using short and simple sentences verbally in line with its context) 2.2. Membaca - Memirsa ( Reading - Viewing ) Memahami alur informasi secara keseluruhan, gagasan utama dan informasi rinci dari beragam teks pendek atau teks multimodal tentang topik sehari-hari dan meresponnya sesuai konteks. (Understand the entire flow of information, main ideas and details from a variety of short texts or",,,,,,,,,CP-000,"Capaian Pembelajaran (master), id 119",,,https://kurikulum.kemendikdasmen.go.id/service/download.php?kategori=rujukan&id=119,,,extracted_machine,OFFICIAL_PUBLIC_ACCESS,medium,machine-extracted phase-level CP; element tables pending
CPM-BAHASA-INGGRIS-D,ID,Kurikulum Nasional,2026,2026/2027,SMP,D,7-9,Bahasa Inggris,,,,CP-BAHASA-INGGRIS-D,"Pada akhir fase D, murid memiliki kemampuan sebagai berikut. 3.1. Menyimak - Berbicara ( Listening - Speaking ) Memahami alur informasi secara keseluruhan, gagasan utama dan informasi rinci dari teks lisan tentang topik sehari-hari atau yang sesuai dengan minat; menggunakan bahasa Inggris untuk mengungkapkan gagasan dan pengalaman dalam berbagai jenis teks secara lisan tentang topik yang dibahas dengan menggunakan kalimat sederhana dan majemuk baik formal maupun informal sesuai konteks. (Understand the entire flow of information, main ideas and details of oral texts about everyday topics or topics of interest; using English to express ideas and experiences in various types of texts orally about the topics discussed using simple and compound sentences, both formally and informally in line with its context) 3.2. Membaca - Memirsa ( Reading - Viewing ) Memahami alur informasi, informasi tersurat dan tersirat dari berbagai jenis teks tertulis atau teks multimodal tentang topik sehari-hari atau",,,,,,,,,CP-000,"Capaian Pembelajaran (master), id 119",,,https://kurikulum.kemendikdasmen.go.id/service/download.php?kategori=rujukan&id=119,,,extracted_machine,OFFICIAL_PUBLIC_ACCESS,medium,machine-extracted phase-level CP; element tables pending
CPM-BAHASA-INGGRIS-E,ID,Kurikulum Nasional,2026,2026/2027,SMA,E,10,Bahasa Inggris,,,,CP-BAHASA-INGGRIS-E,"Pada akhir fase E, murid memiliki kemampuan sebagai berikut 4.1. Menyimak - Berbicara ( Listening - Speaking ) Memahami alur informasi secara keseluruhan, gagasan utama dan detail dalam teks lisan fiksi dan non fiksi mengenai berbagai macam topik yang relevan dengan topik sehari-hari atau isu terkini; menggunakan bahasa Inggris untuk",,,,,,,,,CP-000,"Capaian Pembelajaran (master), id 119",,,https://kurikulum.kemendikdasmen.go.id/service/download.php?kategori=rujukan&id=119,,,extracted_machine,OFFICIAL_PUBLIC_ACCESS,medium,machine-extracted phase-level CP; element tables pending
CPM-BAHASA-INGGRIS-F,ID,Kurikulum Nasional,2026,2026/2027,SMA,F,11-12,Bahasa Inggris,,,,CP-BAHASA-INGGRIS-F,"Pada akhir fase F, murid memiliki kemampuan sebagai berikut. 5.1. Menyimak-Berbicara ( Listening-Speaking ) Memahami alur informasi secara keseluruhan dari teks lisan fiksi dan non fiksi tentang isu terkini atau topik terkait mata pelajaran lain; menggunakan bahasa Inggris untuk mengungkapkan pendapat dan mempertahankan argumen tentang topik yang dibahas. (Understand the entire flow of information in fiction and nonfiction spoken texts about current issues or topics related to other subjects; students use English to express their opinions and defend their arguments about the topics discussed) 5.2. Membaca - Memirsa ( Reading - Viewing ) Mengevaluasi informasi tersurat dan tersirat dari berbagai jenis teks fiksi dan non fiksi tertulis atau teks multimodal tentang isu terkini atau topik yang terkait mata pelajaran lain. ( Evaluate explicit and implicit information in fiction and nonfiction from written and multimodal texts about current issues or topics related to other subjects ) 5.3. Menulis-Mempresentasikan ( Writing-Presenting ) Mengomunikasikan gagasan atau pengalaman secara tertulis atau multimodal dalam berbagai jenis teks fiksi dan nonfiksi dengan struktur teks dan unsur kebahasaan yang tepat dan kompleks dengan menggunakan berbagai media presentasi (cetak dan digital) untuk mencapai tujuan yang berbeda-beda; menunjukkan strategi koreksi dalam kaidah menulis baik dengan bantuan",,,,,,,,,CP-000,"Capaian Pembelajaran (master), id 119",,,https://kurikulum.kemendikdasmen.go.id/service/download.php?kategori=rujukan&id=119,,,extracted_machine,OFFICIAL_PUBLIC_ACCESS,medium,machine-extracted phase-level CP; element tables pending
CPM-BAHASA-INGGRIS-TINGKAT-LANJUT-F,ID,Kurikulum Nasional,2026,2026/2027,SMA,F,11-12,Bahasa Inggris Tingkat Lanjut,,,,CP-BAHASA-INGGRIS-TINGKAT-LANJUT-F,"Pada akhir fase F, murid memiliki kemampuan sebagai berikut. 1. Menyimak - Berbicara ( Listening - Speaking ) Memahami alur cerita atau informasi dari teks narasi, eksposisi, dan diskusi tentang isu terkini atau topik terkait mata pelajaran lain secara lisan atau multimodal; menggunakan bahasa Inggris untuk mengungkapkan pendapat dan mempertahankan argumen tentang topik yang dibahas. (Understand the storyline or information from narrative, exposition, and discussion texts on current issues or topics",,,,,,,,,CP-000,"Capaian Pembelajaran (master), id 119",,,https://kurikulum.kemendikdasmen.go.id/service/download.php?kategori=rujukan&id=119,,,extracted_machine,OFFICIAL_PUBLIC_ACCESS,medium,machine-extracted phase-level CP; element tables pending
CPM-ILMU-PENGETAHUAN-ALAM-DAN-SOSIAL-C,ID,Kurikulum Nasional,2026,2026/2027,SD,C,5-6,Ilmu Pengetahuan Alam dan Sosial,,,,CP-ILMU-PENGETAHUAN-ALAM-DAN-SOSIAL-C,"Pada akhir fase C, murid memiliki kemampuan sebagai berikut. 2.1. Pemahaman IPAS Merefleksikan sistem organ tubuh manusia yang dikaitkan dengan cara menjaga kesehatan tubuhnya; menganalisis hubungan antar komponen biotik dan abiotik, serta pengaruhnya terhadap ekosistem; menjelaskan fenomena gelombang bunyi dan cahaya dalam kehidupan sehari-hari; menghasilkan upaya penghematan energi, serta pemanfaatan sumber energi alternatif dari sumber daya yang ada di",,,,,,,,,CP-000,"Capaian Pembelajaran (master), id 119",,,https://kurikulum.kemendikdasmen.go.id/service/download.php?kategori=rujukan&id=119,,,extracted_machine,OFFICIAL_PUBLIC_ACCESS,medium,machine-extracted phase-level CP; element tables pending
CPM-ILMU-PENGETAHUAN-ALAM-IPA-D,ID,Kurikulum Nasional,2026,2026/2027,SMP,D,7-9,Ilmu Pengetahuan Alam (Ipa),,,,CP-ILMU-PENGETAHUAN-ALAM-IPA-D,"Pada akhir fase D, murid memiliki kemampuan sebagai berikut. 1.1. Pemahaman IPA Menelaah hasil identifikasi makhluk hidup sesuai dengan karakteristiknya; menganalisis klasifikasi, sifat, dan perubahan materi; menganalisis sistem organisasi kehidupan, fungsi, serta kelainan atau gangguan yang muncul pada sistem organ; menganalisis interaksi antar makhluk hidup dan lingkungannya dalam merancang upaya-upaya untuk mencegah dan mengatasi perubahan iklim; menganalisis pewarisan sifat; membuat bioteknologi konvensional di lingkungan sekitarnya; menerapkan pengukuran terhadap aspek fisis dalam kehidupan sehari-hari; menganalisis ragam gerak, gaya, dan tekanan; menganalisis hubungan usaha dan energi; menganalisis pengaruh kalor dan perpindahannya terhadap perubahan suhu; menganalisis gelombang dan pemanfaatannya dalam kehidupan sehari-hari; menganalisis gejala kemagnetan dan kelistrikan untuk menyelesaikan tantangan yang dihadapi dalam kehidupan sehari-hari termasuk pemanfaatan sumber energi listrik ramah lingkungan; menganalisis posisi relatif bumi-bulan-matahari dalam sistem tata surya untuk menjelaskan fenomena alam dan perubahan iklim; serta mengevaluasi keputusan yang tepat untuk menghindari zat aditif dan adiktif yang",,,,,,,,,CP-000,"Capaian Pembelajaran (master), id 119",,,https://kurikulum.kemendikdasmen.go.id/service/download.php?kategori=rujukan&id=119,,,extracted_machine,OFFICIAL_PUBLIC_ACCESS,medium,machine-extracted phase-level CP; element tables pending
CPM-ILMU-PENGETAHUAN-ALAM-IPA-E,ID,Kurikulum Nasional,2026,2026/2027,SMA,E,10,Ilmu Pengetahuan Alam (Ipa),,,,CP-ILMU-PENGETAHUAN-ALAM-IPA-E,"Pada akhir fase E, murid memiliki kemampuan sebagai berikut. 2.1. Pemahaman IPA Menerapkan prinsip klasifikasi dan strategi pelestarian keanekaragaman hayati; mendeskripsikan peranan virus, bakteri, dan jamur dalam kehidupan; menganalisis interaksi antar komponen ekosistem dan pengaruhnya terhadap keseimbangan ekosistem; menggunakan sistem pengukuran dalam kerja ilmiah; menganalisis gerak dua dimensi; menganalisis pemanfaatan energi alternatif untuk mengatasi permasalahan ketersediaan energi; menganalisis partikel penyusun materi dan menerapkan konsep stoikiometri dalam berbagai aspek kuantitatif reaksi kimia; dan menerapkan konsep IPA untuk mengatasi permasalahan berkaitan dengan perubahan iklim. 2.2. Keterampilan Proses Mampu menerapkan keterampilan proses yang meliputi: ● Mengamati Melakukan pengamatan terhadap fenomena dan peristiwa di sekitarnya dan mencatat hasil pengamatannya dengan memperhatikan karakteristik objek yang diamati. ● Mempertanyakan dan Memprediksi Mengidentifikasi pertanyaan yang dapat",,,,,,,,,CP-000,"Capaian Pembelajaran (master), id 119",,,https://kurikulum.kemendikdasmen.go.id/service/download.php?kategori=rujukan&id=119,,,extracted_machine,OFFICIAL_PUBLIC_ACCESS,medium,machine-extracted phase-level CP; element tables pending
CPM-FISIKA-F,ID,Kurikulum Nasional,2026,2026/2027,SMA,F,11-12,Fisika,,,,CP-FISIKA-F,"Pada akhir fase F, murid memiliki kemampuan sebagai berikut. 1. Pemahaman Fisika Menganalisis hubungan gerak dan gaya serta pemanfaatannya untuk menjelaskan fenomena alam, desain, atau rekayasa struktur; membuat karya yang menunjukkan penerapan hukum fluida dalam kehidupan sehari-hari; menganalisis konsep kalor dan termodinamika serta penerapannya untuk mengidentifikasi fenomena perubahan iklim; menganalisis gejala gelombang dan penerapannya dalam kehidupan sehari-hari; mengevaluasi rangkaian listrik; menganalisis fenomena elektromagnetik; menganalisis teori dasar fisika modern dan pengaruhnya terhadap perkembangan teknologi; serta menerapkan teori dasar digital dalam kehidupan sehari-hari. 2. Keterampilan Proses",,,,,,,,,CP-000,"Capaian Pembelajaran (master), id 119",,,https://kurikulum.kemendikdasmen.go.id/service/download.php?kategori=rujukan&id=119,,,extracted_machine,OFFICIAL_PUBLIC_ACCESS,medium,machine-extracted phase-level CP; element tables pending
CPM-KIMIA-F,ID,Kurikulum Nasional,2026,2026/2027,SMA,F,11-12,Kimia,,,,CP-KIMIA-F,"Pada akhir fase F, murid memiliki kemampuan sebagai berikut. 1. Pemahaman Kimia Menganalisis hubungan struktur atom dengan sistem periodik unsur; membandingkan jenis ikatan kimia serta kaitannya dengan bentuk molekul dan gaya intermolekuler dalam memprediksi sifat fisik materi; mengaitkan perubahan entalpi standar dari suatu reaksi kimia dengan sumber energi yang ada di lingkungan sekitar; menganalisis faktor-faktor yang mempengaruhi laju reaksi; menganalisis kesetimbangan kimia dan penerapannya; menjelaskan daya hantar listrik dan sifat koligatif larutan; menjelaskan sel",,,,,,,,,CP-000,"Capaian Pembelajaran (master), id 119",,,https://kurikulum.kemendikdasmen.go.id/service/download.php?kategori=rujukan&id=119,,,extracted_machine,OFFICIAL_PUBLIC_ACCESS,medium,machine-extracted phase-level CP; element tables pending
CPM-BIOLOGI-F,ID,Kurikulum Nasional,2026,2026/2027,SMA,F,11-12,Biologi,,,,CP-BIOLOGI-F,"Pada akhir fase F, murid memiliki kemampuan sebagai berikut. 1. Pemahaman Biologi Mengaitkan hubungan antara struktur dan fungsi organel di dalam sel; menerapkan prinsip-prinsip bioproses yang terjadi di dalam sel; menganalisis keterkaitan antar sistem organ dalam tubuh untuk merespons stimulus internal dan eksternal; menerapkan prinsip pewarisan sifat; mengaitkan mekanisme evolusi dengan proses terjadi keanekaragaman dan kelangsungan hidup organisme; menerapkan prinsip pertumbuhan dan perkembangan; serta menganalisis proses bioteknologi modern. 2. Keterampilan Proses Menerapkan keterampilan proses yang mencakup: ● Mengamati Mengamati fenomena ilmiah dalam kehidupan",,,,,,,,,CP-000,"Capaian Pembelajaran (master), id 119",,,https://kurikulum.kemendikdasmen.go.id/service/download.php?kategori=rujukan&id=119,,,extracted_machine,OFFICIAL_PUBLIC_ACCESS,medium,machine-extracted phase-level CP; element tables pending
CPM-INFORMATIKA-D,ID,Kurikulum Nasional,2026,2026/2027,SMP,D,7-9,Informatika,,,,CP-INFORMATIKA-D,"Pada akhir fase D, murid memiliki kemampuan sebagai berikut: 1.1. Berpikir Komputasional Menerapkan berpikir komputasional untuk problem dalam kehidupan sehari-hari maupun dalam menghadapi masalah komputasi; memahami konsep himpunan data terstruktur dalam kehidupan sehari-hari; memahami konsep lembar kerja pengolah data; menerapkan berpikir komputasional dalam menyelesaikan persoalan yang mengandung himpunan data berstruktur sederhana dengan volume kecil;",,,,,,,,,CP-000,"Capaian Pembelajaran (master), id 119",,,https://kurikulum.kemendikdasmen.go.id/service/download.php?kategori=rujukan&id=119,,,extracted_machine,OFFICIAL_PUBLIC_ACCESS,medium,machine-extracted phase-level CP; element tables pending
CPM-INFORMATIKA-E,ID,Kurikulum Nasional,2026,2026/2027,SMA,E,10,Informatika,,,,CP-INFORMATIKA-E,"Pada akhir fase E, murid memiliki kemampuan sebagai berikut: 2.1. Berpikir Komputasional Memahami konsep struktur data dan algoritma standar; menerapkan proses komputasi yang dilakukan manusia secara mandiri atau berkelompok untuk mendapatkan data yang berkualitas; menerapkan algoritma dan struktur",,,,,,,,,CP-000,"Capaian Pembelajaran (master), id 119",,,https://kurikulum.kemendikdasmen.go.id/service/download.php?kategori=rujukan&id=119,,,extracted_machine,OFFICIAL_PUBLIC_ACCESS,medium,machine-extracted phase-level CP; element tables pending
CPM-ILMU-PENGETAHUAN-SOSIAL-D,ID,Kurikulum Nasional,2026,2026/2027,SMP,D,7-9,Ilmu Pengetahuan Sosial,,,,CP-ILMU-PENGETAHUAN-SOSIAL-D,"Pada akhir fase D, murid memiliki kemampuan sebagai berikut. 1.1. Pemahaman Konsep Menjelaskan keberagaman kondisi geografis Indonesia, konektivitas antarruang terhadap upaya pemanfaatan dan pelestarian potensi sumber daya alam, faktor aktivitas manusia terhadap perubahan iklim dan potensi bencana alam; memprediksi dampak perubahan iklim terhadap kehidupan ekonomi, sosial, budaya masyarakat serta merefleksikan pola adaptasi terhadap perubahan iklim dan upaya mitigasi bencana untuk menunjang sustainable development goals (SDGs) dalam konteks lokal, regional, dan global; mengidentifikasi upaya masyarakat dalam memenuhi kebutuhannya melalui kegiatan ekonomi, harga, pasar, lembaga keuangan, perdagangan internasional; menelaah peran masyarakat dan negara dalam mendorong pertumbuhan ekonomi di era digital, serta potensi Indonesia menjadi negara maju; mengelaborasi proses interaksi sosial, lembaga sosial, dinamika sosial dan perubahan sistem sosial budaya dalam masyarakat yang majemuk",,,,,,,,,CP-000,"Capaian Pembelajaran (master), id 119",,,https://kurikulum.kemendikdasmen.go.id/service/download.php?kategori=rujukan&id=119,,,extracted_machine,OFFICIAL_PUBLIC_ACCESS,medium,machine-extracted phase-level CP; element tables pending
CPM-ILMU-PENGETAHUAN-SOSIAL-E,ID,Kurikulum Nasional,2026,2026/2027,SMA,E,10,Ilmu Pengetahuan Sosial,,,,CP-ILMU-PENGETAHUAN-SOSIAL-E,"Pada akhir fase E, murid memiliki kemampuan sebagai berikut. 2.1. Pemahaman Konsep Menjelaskan konsep dasar geografi, fenomena geografi fisik melalui litosfer, atmosfer, dan hidrosfer sebagai ruang hidup, serta mengimplementasikan teknologi geospasial berupa peta, penginderaan jauh dan Sistem Informasi Geografis (SIG); menelaah hakikat ilmu ekonomi sebagai ilmu yang mempelajari upaya manusia dalam memenuhi kebutuhan hidupnya; membedakan produk keuangan bank dan nonbank sebagai dasar dalam menggunakan produk dan layanan, risiko keuangan dan menyusun laporan keuangan pribadi; menjelaskan fungsi sosiologi sebagai ilmu yang secara kritis, analitis, kreatif, dan solutif mengkaji masyarakat; menelaah status dan peran individu dalam kelompok sosial dan memberikan contoh berbagai ragam gejala sosial yang ada di dalam masyarakat; menganalisis keragaman manusia dan budayanya sebagai bagian dari masyarakat multikultural; dan menelaah konsep dasar ilmu sejarah dan mengimplementasikan penelitian sejarah untuk merefleksikan keterhubungan antara masa lampau, masa kini, dan masa yang akan datang melalui berbagai peristiwa atau kejadian penting dalam lingkup lokal, nasional dan global mulai dari masa kerajaan Hindu-Buddha hingga masa kerajaan Islam. 2.2. Keterampilan Proses Mengamati fenomena kehidupan manusia dalam dimensi ruang dan waktu secara sistematis serta",,,,,,,,,CP-000,"Capaian Pembelajaran (master), id 119",,,https://kurikulum.kemendikdasmen.go.id/service/download.php?kategori=rujukan&id=119,,,extracted_machine,OFFICIAL_PUBLIC_ACCESS,medium,machine-extracted phase-level CP; element tables pending
CPM-SEJARAH-F,ID,Kurikulum Nasional,2026,2026/2027,SMA,F,11-12,Sejarah,,,,CP-SEJARAH-F,"Pada akhir fase F, murid mampu memiliki kemampuan sebagai berikut: 1. Pemahaman Konsep Menjelaskan sejarah pada Masa Penjajahan Bangsa Barat, Perlawanan Rakyat Daerah Terhadap Penjajah, Pergerakan Kebangsaan Indonesia, Pendudukan Jepang, Proklamasi Kemerdekaan Indonesia, Mempertahankan Kemerdekaan Indonesia, Masa Pemerintahan Sukarno, Masa Pemerintahan Suharto, dan Reformasi; menerapkan proses berpikir sejarah, melakukan literasi sejarah, penelitian sejarah, dan menunjukkan kesadaran sejarah melalui proses inkuiri; dan mengevaluasi nilai-nilai yang terkandung dalam sejarah untuk dapat dikontekstualisasikan dalam kehidupan masa sekarang.",,,,,,,,,CP-000,"Capaian Pembelajaran (master), id 119",,,https://kurikulum.kemendikdasmen.go.id/service/download.php?kategori=rujukan&id=119,,,extracted_machine,OFFICIAL_PUBLIC_ACCESS,medium,machine-extracted phase-level CP; element tables pending
CPM-SEJARAH-TINGKAT-LANJUT-F,ID,Kurikulum Nasional,2026,2026/2027,SMA,F,11-12,Sejarah Tingkat Lanjut,,,,CP-SEJARAH-TINGKAT-LANJUT-F,"Pada akhir fase F, murid memiliki kemampuan sebagai berikut. 1. Pemahaman Konsep Menunjukan kesadaran sejarah melalui proses berpikir sejarah, pemahaman yang empatik melalui kegiatan literasi sejarah, meneliti dan menulis sejarah, serta mengaplikasikan sejarah dunia berwawasan global dan dikaitkan dengan sejarah Indonesia yang menghasilkan projek sejarah dalam bentuk produk digital atau nondigital; merefleksikan sejarah dunia dalam kehidupan sehari-hari dan perkembangan informasi tentang kondisi dunia yang terus berubah. Kompetensi tersebut dikuasai setelah murid mempelajari berbagai peristiwa sejarah yang terjadi di dunia mulai dari asal usul manusia, peradaban-peradaban besar dunia, pemikiran-pemikiran besar dunia, revolusi-revolusi besar dunia, perang dunia I dan perang dunia II, perang dingin, dan peristiwa-peristiwa kontemporer dunia sampai abad-21. 2. Keterampilan Proses Menerapkan secara spesifik proses berpikir historis dikembangkan dengan kriteria signifikansi sejarah, pencarian sumber sejarah, perubahan, keberlanjutan dan keberulangan, Signifikansi sejarah, Pencarian sumber sejarah, perubahan, keberlanjutan dan keberulangan, Perkembangan dan keruntuhan, Keruangan sejarah, Empati dan keputusan moral, Pelaku sejarah. Secara umum keterampilan proses pada mata pelajaran",,,,,,,,,CP-000,"Capaian Pembelajaran (master), id 119",,,https://kurikulum.kemendikdasmen.go.id/service/download.php?kategori=rujukan&id=119,,,extracted_machine,OFFICIAL_PUBLIC_ACCESS,medium,machine-extracted phase-level CP; element tables pending
CPM-GEOGRAFI-F,ID,Kurikulum Nasional,2026,2026/2027,SMA,F,11-12,Geografi,,,,CP-GEOGRAFI-F,"Pada akhir fase F, murid memiliki kemampuan sebagai berikut. 1. Pemahaman Konsep Menganalisis keuntungan dari posisi strategis wilayah Indonesia dari sisi astronomis, geografis, geologis dan pemanfaatan sumber daya alam yang ada; memahami pola keanekaragaman hayati Indonesia dan dunia; memahami karakteristik geografi penduduk di wilayah Indonesia; memahami perubahan iklim, kebencanaan, dan lingkungan hidup sebagai bagian yang tak terpisahkan dari kondisi alam Indonesia; dan memahami kewilayahan dan pembangunan serta kerja sama antarnegara. 2. Keterampilan Proses Mengamati fenomena di Indonesia dan/atau dunia untuk memahami pola dan karakteristik, serta membuat pertanyaan ilmiah guna menggali informasi secara mendalam; mengumpulkan data melalui observasi langsung dan/atau kajian pustaka, mendokumentasikan data secara sistematis, menganalisis data dengan pendekatan ilmiah, dan menyimpulkan hasil analisis untuk menjawab pertanyaan; mengomunikasikan hasil analisis dalam berbagai media, seperti peta, grafik, tabel, infografis, dan aplikasi digital, serta merefleksi proses serta hasil yang diperoleh untuk menyempurnakan pemahaman dan merencanakan pengembangan lebih lanjut; dan membuat projek kolaboratif tentang fenomena geografi di Indonesia",,,,,,,,,CP-000,"Capaian Pembelajaran (master), id 119",,,https://kurikulum.kemendikdasmen.go.id/service/download.php?kategori=rujukan&id=119,,,extracted_machine,OFFICIAL_PUBLIC_ACCESS,medium,machine-extracted phase-level CP; element tables pending
CPM-EKONOMI-F,ID,Kurikulum Nasional,2026,2026/2027,SMA,F,11-12,Ekonomi,,,,CP-EKONOMI-F,"Pada akhir fase F, murid memiliki kemampuan sebagai berikut. 1. Pemahaman Konsep Menjelaskan berbagai konsep dasar ekonomi; Mengidentifikasi berbagai permasalahan ekonomi dan keuangan, termasuk keterkaitan permasalahan ekonomi dengan literasi ekonomi dan keuangan digital yang terjadi di lingkungan sekitar, serta menganalisis dampak dari permasalahan ekonomi dan keuangan yang sedang terjadi berdasarkan konsep yang sudah dipelajari; memahami konsep-konsep pendapatan nasional dan pertumbuhan ekonomi serta kaitannya dengan kemiskinan, kesenjangan ekonomi, serta solusi untuk mengatasinya; memahami konsep ketenagakerjaan dan masalahnya serta solusi untuk mengatasinya; memahami konsep uang dan peredaran uang serta kaitannya dengan inflasi dan kebijakan moneter; memahami konsep akuntansi keuangan dasar dalam konteks menilai kondisi keuangan unit usaha (persamaan dasar akuntansi, siklus akuntansi dan laporan keuangan); dan memahami konsep kebijakan fiskal, fungsi anggaran negara dan daerah, dan perpajakan; konsep ekonomi internasional dan masalahnya. 2. Keterampilan Proses Mengamati kondisi dan masalah ekonomi di lingkungan sekitar, regional, atau nasional; mempertanyakan dan memprediksi faktor penyebab, kondisi, dan masalah ekonomi di lingkungan sekitar, regional, atau nasional; mengumpulkan informasi berkaitan dengan kondisi dan permasalahan ekonomi di lingkungan sekitar, regional, atau",,,,,,,,,CP-000,"Capaian Pembelajaran (master), id 119",,,https://kurikulum.kemendikdasmen.go.id/service/download.php?kategori=rujukan&id=119,,,extracted_machine,OFFICIAL_PUBLIC_ACCESS,medium,machine-extracted phase-level CP; element tables pending
CPM-SOSIOLOGI-F,ID,Kurikulum Nasional,2026,2026/2027,SMA,F,11-12,Sosiologi,,,,CP-SOSIOLOGI-F,"Pada akhir fase F, murid memiliki kemampuan sebagai berikut. 1. Pemahaman Konsep Menguasai sejumlah kompetensi, yakni murid mampu berpikir kritis dan kreatif; melakukan kajian literasi atas fenomena Sosiologi, menganalisis, menyajikan, melaporkan dan mengomunikasikan hasil kajian; mampu menunjukkan sikap berkesadaran sebagai warga yang baik, dan menghasilkan projek inovatif atas fenomena Sosiologi dalam bentuk digital maupun nondigital. Kompetensi tersebut terbentuk setelah murid menganalisis berbagai permasalahan sosial, konflik, dan integrasi sosial yang terjadi di masyarakat; dan murid juga mampu menyusun pemecahan masalah sosial dalam perspektif pemberdayaan, menerapkan prinsip kesetaraan dalam perbedaan sosial yang digunakan untuk mewujudkan masyarakat",,,,,,,,,CP-000,"Capaian Pembelajaran (master), id 119",,,https://kurikulum.kemendikdasmen.go.id/service/download.php?kategori=rujukan&id=119,,,extracted_machine,OFFICIAL_PUBLIC_ACCESS,medium,machine-extracted phase-level CP; element tables pending
CPM-ANTROPOLOGI-F,ID,Kurikulum Nasional,2026,2026/2027,SMA,F,11-12,Antropologi,,,,CP-ANTROPOLOGI-F,"Pada akhir fase F, murid memiliki kemampuan sebagai berikut. 1. Pemahaman Konsep Menjelaskan konsep dasar Antropologi sebagai disiplin keilmuan, termasuk sejarah perkembangan, ruang lingkup, dan prinsip-prinsip seperti native’s point of view (pendekatan emik), relativisme budaya, thick description dan",,,,,,,,,CP-000,"Capaian Pembelajaran (master), id 119",,,https://kurikulum.kemendikdasmen.go.id/service/download.php?kategori=rujukan&id=119,,,extracted_machine,OFFICIAL_PUBLIC_ACCESS,medium,machine-extracted phase-level CP; element tables pending
CPM-SENI-MUSIK-A,ID,Kurikulum Nasional,2026,2026/2027,SD,A,1-2,Seni Musik,,,,CP-SENI-MUSIK-A,"Pada akhir fase A, murid memiliki kemampuan sebagai berikut: 1.1. Mengalami ( Experiencing ) Mengenali unsur-unsur musik (nada dan irama) menggunakan anggota tubuh maupun alat musik. 1.2. Merefleksikan ( Reflecting ) Melakukan umpan balik mengenai praktik bermain musik diri sendiri atau orang lain menggunakan bahasa sehari-hari. 1.3. Berpikir dan Bekerja Artistik ( Thinking and Working Artistically ) Menirukan pola irama dan nada menggunakan alat musik ritmis atau melodis; mengenali ragam alat musik dan bunyi yang dihasilkan; mengenali cara memainkan dan membersihkan instrumen/alat musik. 1.4. Menciptakan ( Creating ) Membuat pola irama menggunakan anggota tubuh atau alat musik ritmis yang tersedia di lingkungan sekitar. 1.5. Berdampak ( Impacting ) Menunjukkan ekspresi senang dalam kegiatan bermusik. 2. Fase B (Umumnya untuk Kelas III dan IV SD/MI/Program Paket A)",,,,,,,,,CP-000,"Capaian Pembelajaran (master), id 119",,,https://kurikulum.kemendikdasmen.go.id/service/download.php?kategori=rujukan&id=119,,,extracted_machine,OFFICIAL_PUBLIC_ACCESS,medium,machine-extracted phase-level CP; element tables pending
CPM-SENI-MUSIK-B,ID,Kurikulum Nasional,2026,2026/2027,SD,B,3-4,Seni Musik,,,,CP-SENI-MUSIK-B,"Pada akhir fase B, murid memiliki kemampuan sebagai berikut: 2.1. Mengalami ( Experiencing ) Mengenali nada dan pola irama menggunakan anggota tubuh maupun alat musik. 2.2. Merefleksikan ( Reflecting ) Melakukan umpan balik mengenai praktik bermusik diri sendiri atau orang lain menggunakan istilah musik. 2.3. Berpikir dan Bekerja Artistik ( Thinking and Working Artistically ) Menirukan pola irama dan melodi menggunakan alat musik ritmis atau melodis; menyebutkan karakteristik",,,,,,,,,CP-000,"Capaian Pembelajaran (master), id 119",,,https://kurikulum.kemendikdasmen.go.id/service/download.php?kategori=rujukan&id=119,,,extracted_machine,OFFICIAL_PUBLIC_ACCESS,medium,machine-extracted phase-level CP; element tables pending
CPM-SENI-MUSIK-C,ID,Kurikulum Nasional,2026,2026/2027,SD,C,5-6,Seni Musik,,,,CP-SENI-MUSIK-C,"Pada akhir fase C, murid memiliki kemampuan sebagai berikut: 3.1. Mengalami ( Experiencing ) Mengenali dan menerapkan unsur-unsur musik (nada, irama dan melodi) menggunakan alat musik ritmis dan melodis serta menunjukkan tingkat kepekaan akan unsur-unsur musik dengan menggunakan alat musik ritmis dan melodis. 3.2. Merefleksikan ( Reflecting ) Melakukan umpan balik mengenai karya dan kemampuan bermusik diri sendiri atau orang lain menggunakan istilah musik yang tepat. 3.3. Berpikir dan Bekerja Artistik ( Thinking and Working Artistically ) Mengeksplorasi variasi pola irama, tempo dan melodi dengan alat musik ritmis dan melodis menggunakan notasi musik dan teknik dasar yang telah dipelajari; menemukan alternatif untuk menghasilkan bunyi musik sederhana melalui eksplorasi material yang tersedia di lingkungan sekitar dan menerapkan cara memainkan dan merawat alat musik dengan teknik yang tepat sesuai dengan spesifikasi bahan alat musik. 3.4. Menciptakan ( Creating ) Membuat dan mengembangkan pola irama menggunakan anggota tubuh atau alat musik ritmis yang tersedia berdasarkan nilai kearifan lokal daerahnya.",,,,,,,,,CP-000,"Capaian Pembelajaran (master), id 119",,,https://kurikulum.kemendikdasmen.go.id/service/download.php?kategori=rujukan&id=119,,,extracted_machine,OFFICIAL_PUBLIC_ACCESS,medium,machine-extracted phase-level CP; element tables pending
CPM-SENI-MUSIK-D,ID,Kurikulum Nasional,2026,2026/2027,SMP,D,7-9,Seni Musik,,,,CP-SENI-MUSIK-D,"Pada akhir fase D, murid memiliki kemampuan sebagai berikut: 4.1. Mengalami ( Experiencing ) Mengenali dan menerapkan unsur-unsur musik berupa nada, irama, dan melodi, dengan alat musik berbasis teknologi yang sesuai dengan kondisi setempat serta mengidentifikasi karakteristik musik dari berbagai genre dan era. 4.2. Merefleksikan ( Reflecting ) Melakukan umpan balik kemampuan bermain musik, karya musik diri sendiri atau orang lain sesuai dengan genre menggunakan istilah musik yang tepat. 4.3. Berpikir dan Bekerja Artistik ( Thinking and Working Artistically ) Menerapkan seluruh proses berpraktik musik untuk perbaikan dan perkembangan keterampilan bermusik; menyajikan musik sederhana dari daerah setempat dan Nusantara; dan menyajikan karya-karya musik modern Indonesia dengan interpretasi dan ekspresi yang tepat, baik secara individu maupun berkelompok. 4.4. Menciptakan ( Creating ) Mengenali dan menghasilkan lagu sederhana dengan mengembangkan irama dan melodi menggunakan berbagai alat musik. 4.5. Berdampak ( Impacting ) Menunjukkan minat, empati, dan kepedulian terhadap isu-isu di lingkungan sekitar melalui kegiatan bermusik. 5. Fase E (Umumnya untuk Kelas X SMA/MA/SMK/MAK/Program Paket C)",,,,,,,,,CP-000,"Capaian Pembelajaran (master), id 119",,,https://kurikulum.kemendikdasmen.go.id/service/download.php?kategori=rujukan&id=119,,,extracted_machine,OFFICIAL_PUBLIC_ACCESS,medium,machine-extracted phase-level CP; element tables pending
CPM-SENI-MUSIK-F,ID,Kurikulum Nasional,2026,2026/2027,SMA,F,11-12,Seni Musik,,,,CP-SENI-MUSIK-F,"Pada akhir fase F, murid memiliki kemampuan sebagai berikut. 1. Penguasaan Instrumen Pokok Memainkan salah satu instrumen pokok yang dikuasai atau dipilih dengan posisi tubuh yang sesuai, pernapasan yang benar, penjarian atau fingering, menurut gaya musik serta improvisasi; dan menerapkan teori musik, partitur, serta ilmu bentuk analisis musik dan penerapannya pada instrumen pokok. 2. Aransemen Menerapkan penyusunan musik bertekstur polifonik dan homofonik dengan menggunakan teknik-teknik harmoni dan pemaduan alur-alur melodi dalam konteks umum, akademis dan profesi dengan berbagai pendekatan estetika. 3. Ansambel Memainkan instrumen musik dan vokal secara bersama, menerapkan teknik instrumen spesialisasi pada genre musik; memainkan hasil analisis etude instrumen spesialisasi pada genre musik; serta memainkan repertoar instrumen spesi. 4. Musik Teknologi Menerapkan ilmu pengetahuan dan teknologi dengan memperhatikan nilai estetis, kaidah, tata cara, etika ilmiah, teknologi perangkat keras dan lunak, seperti perangkat lunak penulisan notasi, musik digital, pengetahuan sound ( Sound Engineer ) dan pengetahuan perekaman ( Recording ). 5. Solfegio Menerapkan latihan kepekaan melodi dalam berbagai tangga nada atau scale , ritme dalam berbagai tanda sukat, dan harmoni baik konvensional maupun modern. 6. Produk kreativitas Musik Menerapkan pengemasan produksi jasa di bidang musik, dari mulai proses penciptaan karya secara prosedural dan konseptual, merekam, hingga memasarkan.",,,,,,,,,CP-000,"Capaian Pembelajaran (master), id 119",,,https://kurikulum.kemendikdasmen.go.id/service/download.php?kategori=rujukan&id=119,,,extracted_machine,OFFICIAL_PUBLIC_ACCESS,medium,machine-extracted phase-level CP; element tables pending
CPM-SENI-RUPA-A,ID,Kurikulum Nasional,2026,2026/2027,SD,A,1-2,Seni Rupa,,,,CP-SENI-RUPA-A,"Pada akhir fase A, murid memiliki kemampuan sebagai berikut. 1.1. Mengalami (Experiencing) Mengenali dan menyebutkan unsur-unsur rupa dalam benda-benda di sekitar/karya seni rupa. 1.2. Merefleksikan (Reflecting)",,,,,,,,,CP-000,"Capaian Pembelajaran (master), id 119",,,https://kurikulum.kemendikdasmen.go.id/service/download.php?kategori=rujukan&id=119,,,extracted_machine,OFFICIAL_PUBLIC_ACCESS,medium,machine-extracted phase-level CP; element tables pending
CPM-SENI-RUPA-B,ID,Kurikulum Nasional,2026,2026/2027,SD,B,3-4,Seni Rupa,,,,CP-SENI-RUPA-B,"Pada akhir fase B, murid memiliki kemampuan sebagai berikut. 2.1. Mengalami (Experiencing) Mengidentifikasi unsur rupa dan prinsip desain dalam benda-benda di sekitar/karya seni rupa. 2.2. Merefleksikan (Reflecting) Merefleksikan dan mengapresiasi karya diri sendiri dan teman sekelas menggunakan kosa kata seni rupa yang sesuai. 2.3. Berpikir dan Bekerja Artistik ( Thinking and Working Artistically) Mengenali dan menguji coba alat dan/atau bahan yang dimiliki serta prosedur penggunaannya. 2.4. Menciptakan ( Making/Creating ) Membuat karya seni rupa berdasarkan pengalaman dan hasil pengamatan terhadap lingkungan sekitar. 2.5. Berdampak ( Impacting ) Menghasilkan karya seni rupa yang berdampak pada perasaan atau mewakili harapannya. 3. Fase C (Umumnya untuk Kelas V dan VI SD/MI/Program",,,,,,,,,CP-000,"Capaian Pembelajaran (master), id 119",,,https://kurikulum.kemendikdasmen.go.id/service/download.php?kategori=rujukan&id=119,,,extracted_machine,OFFICIAL_PUBLIC_ACCESS,medium,machine-extracted phase-level CP; element tables pending
CPM-SENI-RUPA-C,ID,Kurikulum Nasional,2026,2026/2027,SD,C,5-6,Seni Rupa,,,,CP-SENI-RUPA-C,"Pada akhir fase C, murid memiliki kemampuan sebagai berikut. 3.1. Mengalami (Experiencing) Menjelaskan unsur rupa dan prinsip desain dalam benda-benda di sekitar/karya seni rupa. 3.2. Merefleksikan (Reflecting) Merefleksikan dan mengapresiasi karya diri sendiri dan teman sekelas menggunakan kosa kata seni rupa yang sesuai. 3.3. Berpikir dan Bekerja Artistik ( Thinking and Working Artistically) Mengenali dan menguji coba variasi teknik penggunaan alat dan/atau bahan. 3.4. Menciptakan ( Making/Creating ) Membuat karya seni rupa berdasarkan pengalaman dan/atau hasil pengamatan terhadap lingkungan sekitar melalui pengembangan imajinasi. 3.5. Berdampak ( Impacting ) Menghasilkan karya seni rupa yang mewakili minatnya. 4. Fase D (Umumnya untuk Kelas VII, VIII, dan IX SMP/MTs/Program Paket B)",,,,,,,,,CP-000,"Capaian Pembelajaran (master), id 119",,,https://kurikulum.kemendikdasmen.go.id/service/download.php?kategori=rujukan&id=119,,,extracted_machine,OFFICIAL_PUBLIC_ACCESS,medium,machine-extracted phase-level CP; element tables pending
CPM-SENI-RUPA-D,ID,Kurikulum Nasional,2026,2026/2027,SMP,D,7-9,Seni Rupa,,,,CP-SENI-RUPA-D,"Pada akhir fase D, murid memiliki kemampuan sebagai berikut. 4.1. Mengalami (Experiencing) Menganalisis unsur rupa dan prinsip desain dalam benda-benda di sekitar/karya seni rupa. 4.2. Merefleksikan (Reflecting) Merefleksikan dan mengapresiasi karya diri sendiri dan teman sekelas; membandingkan unsur rupa, prinsip desain, dan fungsi karya seni rupa menggunakan kosa kata seni rupa yang sesuai. 4.3. Berpikir dan Bekerja Artistik ( Thinking and Working Artistically)",,,,,,,,,CP-000,"Capaian Pembelajaran (master), id 119",,,https://kurikulum.kemendikdasmen.go.id/service/download.php?kategori=rujukan&id=119,,,extracted_machine,OFFICIAL_PUBLIC_ACCESS,medium,machine-extracted phase-level CP; element tables pending
CPM-SENI-RUPA-E,ID,Kurikulum Nasional,2026,2026/2027,SMA,E,10,Seni Rupa,,,,CP-SENI-RUPA-E,"Pada akhir fase E, murid memiliki kemampuan sebagai berikut. 5.1. Mengalami (Experiencing) Mengeksplorasi unsur rupa dan prinsip desain dalam benda-benda di sekitar/karya seni rupa. 5.2. Merefleksikan (Reflecting) Merefleksikan penggunaan unsur rupa, prinsip desain, dan fungsi dalam karya diri sendiri dan teman sekelas menggunakan kosa kata seni rupa yang sesuai. 5.3. Berpikir dan Bekerja Artistik ( Thinking and Working Artistically) Mengeksplorasi alternatif/potensi alat dan bahan yang ada di lingkungan sekitar dan menghubungkan seni dengan kelompok atau bidang keilmuan lain dalam berkarya seni rupa. 5.4. Menciptakan ( Making/Creating ) Membuat karya seni rupa berdasarkan pengalaman dan/atau hasil pengamatan terhadap lingkungan sekitar, dengan mempertimbangkan fungsi, menggunakan gaya",,,,,,,,,CP-000,"Capaian Pembelajaran (master), id 119",,,https://kurikulum.kemendikdasmen.go.id/service/download.php?kategori=rujukan&id=119,,,extracted_machine,OFFICIAL_PUBLIC_ACCESS,medium,machine-extracted phase-level CP; element tables pending
CPM-SENI-TARI-F,ID,Kurikulum Nasional,2026,2026/2027,SMA,F,11-12,Seni Tari,,,,CP-SENI-TARI-F,"Pada akhir fase F, murid memiliki kemampuan sebagai berikut. 6.1. Mengalami (Experiencing) Mengeksplorasi penggunaan unsur rupa dan prinsip desain dalam benda-benda di sekitar/karya seni rupa. 6.2. Merefleksikan (Reflecting) Merefleksikan penggunaan unsur rupa, prinsip desain, dan fungsi dalam karya diri sendiri dan teman sekelas menggunakan kosa kata seni rupa yang sesuai. 6.3. Berpikir dan Bekerja Artistik ( Thinking and Working Artistically) Menganalisis potensi alat dan bahan yang ada di lingkungan sekitar dan keterhubungan seni rupa dengan kelompok atau bidang keilmuan lain dalam berkarya. 6.4. Menciptakan ( Making/Creating ) Membuat karya seni rupa berdasarkan pengalaman dan/atau hasil pengamatan terhadap lingkungan sekitar, dengan mempertimbangkan fungsi, menggunakan gaya atau teknik yang dikuasai. 6.5. Berdampak ( Impacting ) Menghasilkan karya seni rupa untuk mengajak orang lain, merespon pengalaman sehari-hari, mengekspresikan perasaan, minat, dan/atau isu sosial dalam masyarakat. XVIII.3.",,,,,,,,,CP-000,"Capaian Pembelajaran (master), id 119",,,https://kurikulum.kemendikdasmen.go.id/service/download.php?kategori=rujukan&id=119,,,extracted_machine,OFFICIAL_PUBLIC_ACCESS,medium,machine-extracted phase-level CP; element tables pending
CPM-SENI-TARI-A,ID,Kurikulum Nasional,2026,2026/2027,SD,A,1-2,Seni Tari,,,,CP-SENI-TARI-A,"Pada akhir fase A, murid memiliki kemampuan sebagai berikut. 1.1. Mengalami ( Experiencing ) Mengenal bentuk tari sebagai media komunikasi serta mengembangkan kesadaran diri dalam bereksplorasi unsur utama tari meliputi gerak, ruang, tenaga, waktu, gerak di tempat dan gerak berpindah. 1.2. Merefleksikan ( Reflecting ) Mengidentifikasi unsur utama tari meliputi gerak, ruang, tenaga, waktu, gerak di tempat dan gerak berpindah, serta mengemukakan pencapaian diri secara lisan, tulisan, dan kinestetik. 1.3. Berpikir dan Bekerja Artistik ( Thinking and Working Artistically ) Meragakan hasil gerak berdasarkan etika sebagai penampil dan penonton dengan keyakinan dan percaya diri saat mengekspresikan ide, perasaan kepada penonton atau lingkungan sekitar. 1.4. Menciptakan ( Creating ) Mengembangkan unsur utama tari (gerak, ruang, waktu, dan tenaga), gerak di tempat, dan",,,,,,,,,CP-000,"Capaian Pembelajaran (master), id 119",,,https://kurikulum.kemendikdasmen.go.id/service/download.php?kategori=rujukan&id=119,,,extracted_machine,OFFICIAL_PUBLIC_ACCESS,medium,machine-extracted phase-level CP; element tables pending
CPM-SENI-TARI-B,ID,Kurikulum Nasional,2026,2026/2027,SD,B,3-4,Seni Tari,,,,CP-SENI-TARI-B,"Pada akhir fase B, murid memiliki kemampuan sebagai berikut. 2.1. Mengalami ( Experiencing ) Mengamati bentuk penyajian tari berdasarkan latar belakang serta mengeksplorasi unsur utama tari sesuai level gerak, dan perubahan arah hadap. 2.2. Merefleksikan ( Reflecting ) Mengidentifikasi unsur utama tari sesuai level gerak, dan perubahan arah hadap, serta menilai pencapaian diri saat melakukan aktivitas pembelajaran tari. 2.3. Berpikir dan Bekerja Artistik ( Thinking and Working Artistically ) Meragakan hasil tari dengan bekerja secara kooperatif untuk mengembangkan kemampuan bekerja sama dan saling menghargai demi tercapainya tujuan bersama. 2.4. Menciptakan ( Creating ) Mengembangkan gerak dengan unsur utama tari, level, dan perubahan arah hadap. 2.5. Berdampak ( Impacting ) M enerima proses pembelajaran sehingga tumbuh rasa ingin tahu dan dapat menunjukkan usaha yang berdampak pada kemampuan diri dalam menyelesaikan aktivitas pembelajaran tari.",,,,,,,,,CP-000,"Capaian Pembelajaran (master), id 119",,,https://kurikulum.kemendikdasmen.go.id/service/download.php?kategori=rujukan&id=119,,,extracted_machine,OFFICIAL_PUBLIC_ACCESS,medium,machine-extracted phase-level CP; element tables pending
CPM-SENI-TARI-C,ID,Kurikulum Nasional,2026,2026/2027,SD,C,5-6,Seni Tari,,,,CP-SENI-TARI-C,"Pada akhir fase C, murid memiliki kemampuan sebagai berikut. 3.1. Mengalami ( Experiencing ) Mengamati berbagai bentuk tari tradisi yang dapat digunakan untuk mengekspresikan diri melalui unsur pendukung tari. 3.2. Merefleksikan ( Reflecting ) Mengidentifikasi unsur pendukung tari dalam tari tradisi serta menghargai hasil pencapaian diri dengan mempertimbangkan pendapat orang lain. 3.3. Berpikir dan Bekerja Artistik ( Thinking and Working Artistically ) Meragakan hasil rangkaian gerak tari menggunakan unsur pendukung tari dengan menunjukan kerja sama dan berperan aktif dalam kelompok. 3.4. Menciptakan ( Creating ) Merangkai gerak tari yang berpijak pada tradisi/ kreasi dengan menerapkan desain kelompok. 3.5. Berdampak ( Impacting ) M enanggapi kejadian- kejadian di lingkungan sekitar melalui tari yang disajikan kepada penonton atau masyarakat sekitar. 4. Fase D (Umumnya untuk Kelas VII, VIII, dan IX SMP/MTs/Program Paket B)",,,,,,,,,CP-000,"Capaian Pembelajaran (master), id 119",,,https://kurikulum.kemendikdasmen.go.id/service/download.php?kategori=rujukan&id=119,,,extracted_machine,OFFICIAL_PUBLIC_ACCESS,medium,machine-extracted phase-level CP; element tables pending
CPM-SENI-TARI-D,ID,Kurikulum Nasional,2026,2026/2027,SMP,D,7-9,Seni Tari,,,,CP-SENI-TARI-D,"Pada akhir fase D, murid memiliki kemampuan sebagai berikut. 4.1. Mengalami ( Experiencing ) Mengamati latar belakang, jenis, fungsi, dan nilai tari dalam konteks budaya. 4.2. Merefleksikan ( Reflecting ) Mengelompokkan jenis, fungsi, dan nilai tari berdasarkan latar belakang budaya serta mengukur hasil pencapaian karya tari.",,,,,,,,,CP-000,"Capaian Pembelajaran (master), id 119",,,https://kurikulum.kemendikdasmen.go.id/service/download.php?kategori=rujukan&id=119,,,extracted_machine,OFFICIAL_PUBLIC_ACCESS,medium,machine-extracted phase-level CP; element tables pending
CPM-SENI-TARI-E,ID,Kurikulum Nasional,2026,2026/2027,SMA,E,10,Seni Tari,,,,CP-SENI-TARI-E,"Pada akhir fase E, murid memiliki kemampuan sebagai berikut. 5.1. Mengalami ( Experiencing ) Menginterpretasi makna dan simbol pada tari tradisi/tari kreasi dalam bentuk karya seni pertunjukan. 5.2. Merefleksikan ( Reflecting ) Membandingkan makna dan simbol dengan mengapresiasi tari tradisi/tari kreasi. 5.3. Berpikir dan Bekerja Artistik ( Thinking and Working Artistically ) Merancang karya tari tradisi/tari kreasi secara individu maupun berkelompok. 5.4. Menciptakan ( Creating ) Menata gerak tari berdasarkan makna dan simbol dari tari tradisi/tari kreasi dalam bentuk karya seni pertunjukan. 5.5. Berdampak ( Impacting ) Mengaktualisasikan diri melalui pertunjukan tari. 6. Fase F (Umumnya untuk Kelas XI dan XII",,,,,,,,,CP-000,"Capaian Pembelajaran (master), id 119",,,https://kurikulum.kemendikdasmen.go.id/service/download.php?kategori=rujukan&id=119,,,extracted_machine,OFFICIAL_PUBLIC_ACCESS,medium,machine-extracted phase-level CP; element tables pending
CPM-SENI-TEATER-F,ID,Kurikulum Nasional,2026,2026/2027,SMA,F,11-12,Seni Teater,,,,CP-SENI-TEATER-F,"Pada akhir fase F, murid memiliki kemampuan sebagai berikut. 6.1. Mengalami ( Experiencing ) Mengelaborasi tari tradisi/tari kreasi berdasarkan makna, simbol, nilai estetis dari sudut pandang aspek seni sesuai dengan pengalaman dan wawasan. 6.2. Merefleksikan ( Reflecting ) Mengevaluasi hasil penciptaan karya tari dengan mengapresiasi nilai estetis tari tradisi/tari kreasi berdasarkan makna dan simbol. 6.3. Berpikir dan Bekerja Artistik ( Thinking and Working Artistically ) Mengembangkan penciptaan tari tradisi/kreasi secara individu ataupun kelompok dengan manajemen pertunjukan. 6.4. Menciptakan ( Creating ) Mengkomposisi tari yang terinspirasi dari hasil membandingkan berbagai pertunjukan tari tradisi/tari kreasi berdasarkan makna, simbol, nilai estetis. 6.5. Berdampak ( Impacting ) Memiliki karakter diri sehingga dapat mempengaruhi orang lain untuk memberikan apresiasi pertunjukan tari. XVIII.4.",,,,,,,,,CP-000,"Capaian Pembelajaran (master), id 119",,,https://kurikulum.kemendikdasmen.go.id/service/download.php?kategori=rujukan&id=119,,,extracted_machine,OFFICIAL_PUBLIC_ACCESS,medium,machine-extracted phase-level CP; element tables pending
CPM-SENI-TEATER-A,ID,Kurikulum Nasional,2026,2026/2027,SD,A,1-2,Seni Teater,,,,CP-SENI-TEATER-A,"Pada akhir fase A, murid memiliki kemampuan sebagai berikut. 1.1. Mengalami (Experiencing) Mengamati, merespons, meniru gerak tubuh dan suara sebagai media untuk mengomunikasikan emosi. 1.2. Merefleksikan (Reflection) Mengenali pengalaman dan emosi selama proses berseni teater serta menceritakan sebuah karya dengan kosakata sehari-hari. 1.3. Berpikir dan Bekerja Artistik (Thinking and Working Artistically) Mengenal jenis-jenis properti/alat bantu yang dapat mendukung cerita/permainan peran. 1.4. Menciptakan (Creating) Mengeksplorasi beragam peran mengenai tokoh di sekitar atau rekaan, dan memainkan sebuah lakon pertunjukan. 1.5. Berdampak (Impacting) Memainkan gerak dan lagu sesuai arahan dari pendidik. 2. Fase B (Umumnya untuk Kelas III dan IV SD/MI/Program Paket A)",,,,,,,,,CP-000,"Capaian Pembelajaran (master), id 119",,,https://kurikulum.kemendikdasmen.go.id/service/download.php?kategori=rujukan&id=119,,,extracted_machine,OFFICIAL_PUBLIC_ACCESS,medium,machine-extracted phase-level CP; element tables pending
CPM-SENI-TEATER-B,ID,Kurikulum Nasional,2026,2026/2027,SD,B,3-4,Seni Teater,,,,CP-SENI-TEATER-B,"Pada akhir fase B, murid memiliki kemampuan sebagai berikut. 2.1. Mengalami (Experiencing) Mengenal teknik dasar akting (pemeranan) melalui proses meniru (mimesis), mengenal",,,,,,,,,CP-000,"Capaian Pembelajaran (master), id 119",,,https://kurikulum.kemendikdasmen.go.id/service/download.php?kategori=rujukan&id=119,,,extracted_machine,OFFICIAL_PUBLIC_ACCESS,medium,machine-extracted phase-level CP; element tables pending
CPM-SENI-TEATER-C,ID,Kurikulum Nasional,2026,2026/2027,SD,C,5-6,Seni Teater,,,,CP-SENI-TEATER-C,"Pada akhir fase C, murid memiliki kemampuan sebagai berikut. 3.1. Mengalami (Experiencing) Melakukan permainan peran berkelompok, seperti improvisasi untuk melatih aksi dan reaksi dalam mengelaborasi cerita atau tokoh dan melakukan pengenalan karakter melalui pengamatan kebiasaan tokoh yang diperankan. 3.2. Merefleksikan (Reflection) Menceritakan pendapatnya tentang sebuah cerita sederhana (penokohan, perwatakan). 3.3. Berpikir dan Bekerja Artistik (Thinking and Working Artistically) Mengidentifikasi properti sederhana berdasarkan cerita yang akan dimainkan. 3.4. Menciptakan (Creating) Mengenal dan memainkan ragam peran dari cerita sederhana berdasarkan hasil pengamatan. 3.5. Berdampak (Impacting) Memerankan lakon secara individu maupun",,,,,,,,,CP-000,"Capaian Pembelajaran (master), id 119",,,https://kurikulum.kemendikdasmen.go.id/service/download.php?kategori=rujukan&id=119,,,extracted_machine,OFFICIAL_PUBLIC_ACCESS,medium,machine-extracted phase-level CP; element tables pending
CPM-SENI-TEATER-D,ID,Kurikulum Nasional,2026,2026/2027,SMP,D,7-9,Seni Teater,,,,CP-SENI-TEATER-D,"Pada akhir fase D, murid memiliki kemampuan sebagai berikut. 4.1. Mengalami (Experiencing) Mengeksplorasi olah tubuh, mimik wajah, dan vokal sebagai dasar keaktoran murid; mengidentifikasi karakter melalui analisis karakteristik, dan sosiologis; membuat dan memainkan beragam karakter dengan imajinasi dan kreativitasnya dan mengenal bentuk-bentuk teater. 4.2. Merefleksikan (Reflection) Menjelaskan pengalaman bermain peran dan dampaknya terhadap diri sendiri serta memberikan apresiasi dan umpan balik sesuai dengan pengalaman pribadi. 4.3. Berpikir dan Bekerja Artistik (Thinking and Working Artistically) Mengeksplorasi dan merancang tata artistik panggung dengan mempertimbangkan elemen-elemen rupa yang sederhana dari bahan yang ada di lingkungan sekitar serta memanfaatkan teknologi digital. 4.4. Menciptakan (Creating) Mengidentifikasi karakter dalam sebuah cerita dan menyusun alur cerita sederhana yang jelas dan mudah dipahami; memainkan lakon dengan satu gaya yang sederhana dan mudah dipelajari dan memainkan peran dalam sebuah pertunjukan sederhana di kelas atau satuan pendidikan. 4.5. Berdampak (Impacting) Membuat pertunjukan teater yang relevan dengan kehidupan murid.",,,,,,,,,CP-000,"Capaian Pembelajaran (master), id 119",,,https://kurikulum.kemendikdasmen.go.id/service/download.php?kategori=rujukan&id=119,,,extracted_machine,OFFICIAL_PUBLIC_ACCESS,medium,machine-extracted phase-level CP; element tables pending
CPM-SENI-TEATER-E,ID,Kurikulum Nasional,2026,2026/2027,SMA,E,10,Seni Teater,,,,CP-SENI-TEATER-E,"Pada akhir fase E, murid memiliki kemampuan sebagai berikut. 5.1. Mengalami (Experiencing) Menginterpretasi dialog atau naskah dengan ragam teater bergenre propaganda, serta tokoh dan perwatakannya berdasar analisis karakteristik dan sosiologis untuk menunjang pesan/isu cerita secara realis. 5.2. Merefleksikan (Reflection) Mengapresiasi dan memberikan umpan balik mengenai pesan, kualitas akting, tata artistik, teknologi, dan elaborasi genre pada suatu karya, dengan menggunakan kosakata seni teater yang tepat dan argumentasi berdasarkan teori yang dipelajari. 5.3. Berpikir dan Bekerja Artistik (Thinking and Working Artistically) Mengeksplorasi berbagai peran dan tata artistik panggung yang sesuai dengan cerita/genre yang dipertunjukkan di panggung maupun secara digital. 5.4. Menciptakan (Creating) Mengeksplorasi beragam peran realis, penulisan naskah orisinal, dan penyusunan cerita/alur pertunjukan. 5.5. Berdampak (Impacting) Menghasilkan naskah atau pertunjukan berdasarkan minat, pengetahuan, peristiwa aktual, pengalaman, empati, kreativitas, dan respons terhadap isu sosial dalam masyarakat. 6. Fase F (Umumnya untuk Kelas XI dan XII SMA/MA/Program Paket C)",,,,,,,,,CP-000,"Capaian Pembelajaran (master), id 119",,,https://kurikulum.kemendikdasmen.go.id/service/download.php?kategori=rujukan&id=119,,,extracted_machine,OFFICIAL_PUBLIC_ACCESS,medium,machine-extracted phase-level CP; element tables pending
CPM-PRAKARYA-BUDI-DAYA-D,ID,Kurikulum Nasional,2026,2026/2027,SMP,D,7-9,Prakarya Budi Daya,,,,CP-PRAKARYA-BUDI-DAYA-D,"Pada akhir fase D, murid memiliki kemampuan sebagai berikut. 1.1. Eksplorasi dan Observasi Menjelaskan aspek- aspek penting budi daya berdasarkan hasil observasi; menjelaskan produk budi daya serta modifikasi bahan, alat, dan teknik bila diperlukan sesuai potensi lingkungan/kearifan lokal berdasarkan hasil eksplorasi. 1.2. Desain/Perencanaan Menyusun rencana kegiatan budi daya serta modifikasi bahan, alat, dan teknik bila diperlukan, sesuai potensi lingkungan/kearifan lokal. 1.3. Produksi Menghasilkan produk budi daya yang aman berdasarkan potensi lingkungan/kearifan lokal dengan modifikasi bahan, alat, dan teknik bila diperlukan, serta ditampilkan dalam kemasan sederhana. 1.4. Evaluasi dan Refleksi Mengevaluasi dan merefleksikan proses serta produk budi daya yang dihasilkan. 2. Fase E (Umumnya untuk Kelas X SMA/MA/Program Paket C)",,,,,,,,,CP-000,"Capaian Pembelajaran (master), id 119",,,https://kurikulum.kemendikdasmen.go.id/service/download.php?kategori=rujukan&id=119,,,extracted_machine,OFFICIAL_PUBLIC_ACCESS,medium,machine-extracted phase-level CP; element tables pending
CPM-PRAKARYA-KERAJINAN-E,ID,Kurikulum Nasional,2026,2026/2027,SMA,E,10,Prakarya Kerajinan,,,,CP-PRAKARYA-KERAJINAN-E,"Pada akhir fase E, murid memiliki kemampuan sebagai berikut. 2.1. Eksplorasi dan Observasi Menganalisis keragaman teknik budi daya tanaman, jamur, ternak, atau ikan yang bernilai ekonomis. 2.2. Desain/Perencanaan Menyusun rencana kegiatan budi daya dan kelayakannya berdasarkan analisis kebutuhan pasar dan/atau potensi sumber daya yang tersedia. 2.3. Produksi Melakukan kegiatan budi daya berbasis nilai ekonomi produk/ kebutuhan pasar dan/atau sumber daya yang tersedia dan pengemasan yang menarik. 2.4. Evaluasi dan Refleksi Mengevaluasi dan merefleksi proses serta produk budi daya bernilai ekonomis yang dihasilkan. XIX.2.",,,,,,,,,CP-000,"Capaian Pembelajaran (master), id 119",,,https://kurikulum.kemendikdasmen.go.id/service/download.php?kategori=rujukan&id=119,,,extracted_machine,OFFICIAL_PUBLIC_ACCESS,medium,machine-extracted phase-level CP; element tables pending
CPM-PRAKARYA-KERAJINAN-D,ID,Kurikulum Nasional,2026,2026/2027,SMP,D,7-9,Prakarya Kerajinan,,,,CP-PRAKARYA-KERAJINAN-D,"Pada akhir fase D, murid memiliki kemampuan sebagai berikut: 1.1. Eksplorasi dan Observasi Memahami proses observasi dan eksplorasi produk kerajinan berdasarkan karakteristik bentuk, bahan, alat, teknik, prosedur pembuatan sesuai potensi lingkungan/kearifan lokal 1.2. Desain/Perencanaan Merancang desain produk kerajinan menggunakan bahan, alat, teknik, dan prosedur pembuatan, dengan mempertimbangkan potensi lingkungan/kearifan lokal. 1.3. Produksi Membuat produk kerajinan sesuai dengan rancangan serta menampilkan melalui displai produk yang sesuai. 1.4. Evaluasi dan Refleksi",,,,,,,,,CP-000,"Capaian Pembelajaran (master), id 119",,,https://kurikulum.kemendikdasmen.go.id/service/download.php?kategori=rujukan&id=119,,,extracted_machine,OFFICIAL_PUBLIC_ACCESS,medium,machine-extracted phase-level CP; element tables pending
CPM-PRAKARYA-PENGOLAHAN-D,ID,Kurikulum Nasional,2026,2026/2027,SMP,D,7-9,Prakarya Pengolahan,,,,CP-PRAKARYA-PENGOLAHAN-D,"Pada akhir fase D, murid memiliki kemampuan sebagai berikut. 1.1. Observasi dan Eksplorasi Mengidentifikasi dan mengomunikasikan karakteristik bahan, alat, teknik pengolahan, pengemasan, dan penyajian produk olahan pangan dan atau nonpangan sesuai potensi lingkungan. 1.2. Perencanaan Merancang modifikasi bahan, alat, atau teknik pengolahan, pengemasan atau penyajian produk olahan pangan dan atau nonpangan. 1.3. Produksi Membuat, mengemas, dan menyajikan produk olahan pangan dan atau nonpangan hasil rancangan modifikasi dengan menerapkan K3 (kesehatan dan keselamatan kerja). 1.4. Refleksi dan Evaluasi Mengevaluasi dan merefleksi setiap tahapan produksi olahan pangan dan atau nonpangan hasil modifikasi. 2. Fase E (Umumnya untuk Kelas X SMA/MA/Program Paket C)",,,,,,,,,CP-000,"Capaian Pembelajaran (master), id 119",,,https://kurikulum.kemendikdasmen.go.id/service/download.php?kategori=rujukan&id=119,,,extracted_machine,OFFICIAL_PUBLIC_ACCESS,medium,machine-extracted phase-level CP; element tables pending
CPM-PRAKARYA-REKAYASA-D,ID,Kurikulum Nasional,2026,2026/2027,SMP,D,7-9,Prakarya Rekayasa,,,,CP-PRAKARYA-REKAYASA-D,"Pada akhir fase D, murid memiliki kemampuan sebagai berikut. 1.1. Observasi dan eksplorasi Menganalisis aspek-aspek yang penting diobservasi dalam pengembangan produk rekayasa dan mengeksplorasi produk rekayasa teknologi tepat guna yang kreatif, inovatif, dan bernilai ergonomis berdasarkan karakteristik bahan, alat, teknik, atau prosedur pembuatan. 1.2. Desain/perencanaan Merancang desain produk rekayasa teknologi tepat",,,,,,,,,CP-000,"Capaian Pembelajaran (master), id 119",,,https://kurikulum.kemendikdasmen.go.id/service/download.php?kategori=rujukan&id=119,,,extracted_machine,OFFICIAL_PUBLIC_ACCESS,medium,machine-extracted phase-level CP; element tables pending
CPM-PRAKARYA-REKAYASA-E,ID,Kurikulum Nasional,2026,2026/2027,SMA,E,10,Prakarya Rekayasa,,,,CP-PRAKARYA-REKAYASA-E,"Pada akhir fase E, murid memiliki kemampuan sebagai berikut. 2.1. Observasi dan eksplorasi Menganalisis aspek-aspek yang penting diobservasi dalam pengembangan produk rekayasa teknologi terapan; mengeksplorasi karakteristik bahan, alat, teknik, prosedur pembuatan produk prototipe /dummy /model rekayasa teknologi terapan berdasarkan analisis kebutuhan, kelayakan fungsi, atau nilai ekonomis. 2.2. Desain/perencanaan Membuat rancangan prototipe/ dummy/ model rekayasa teknologi terapan dari hasil mengeksplorasi bahan, teknik, alat, dan prosedur pembuatan, serta memperhatikan potensi budaya, kearifan lokal dan teknologi yang siap dikembangkan. 2.3. Produksi Membuat produk rekayasa teknologi terapan sesuai dengan kebutuhan lingkungan melalui modifikasi bahan, alat, teknik, dan prosedur pembuatan yang",,,,,,,,,CP-000,"Capaian Pembelajaran (master), id 119",,,https://kurikulum.kemendikdasmen.go.id/service/download.php?kategori=rujukan&id=119,,,extracted_machine,OFFICIAL_PUBLIC_ACCESS,medium,machine-extracted phase-level CP; element tables pending
CPM-PRAKARYA-DAN-KEWIRAUSAHAAN-F,ID,Kurikulum Nasional,2026,2026/2027,SMA,F,11-12,Prakarya dan Kewirausahaan,,,,CP-PRAKARYA-DAN-KEWIRAUSAHAAN-F,"Pada akhir fase F, murid memiliki kemampuan sebagai berikut. 1. Eksplorasi dan Observasi Menganalisis peluang usaha produk budidaya berdasarkan potensi internal dan eksternal. 2. Desain/Perencanaan Menyusun rencana usaha dalam bentuk proposal sederhana berdasarkan kajian ilmiah, pemanfaatan teknologi, ekosistem dan analisis kebutuhan pasar sesuai potensi lingkungan/kearifan lokal. 3. Produksi Menyusun strategi produksi dan standar produk, melaksanakan kegiatan budi daya dan mengendalikan mutu produk, melaksanakan pengemasan dan pemasaran produk serta memberikan layanan terhadap pelanggan. 4. Evaluasi dan Refleksi Mengevaluasi, merefleksikan proses dan produk budi daya, kepuasan pelanggan, serta melakukan perbaikan secara berkelanjutan. XX.2.",,,,,,,,,CP-000,"Capaian Pembelajaran (master), id 119",,,https://kurikulum.kemendikdasmen.go.id/service/download.php?kategori=rujukan&id=119,,,extracted_machine,OFFICIAL_PUBLIC_ACCESS,medium,machine-extracted phase-level CP; element tables pending
CPM-PENDIDIKAN-A,ID,Kurikulum Nasional,2026,2026/2027,SD,A,1-2,Pendidikan,,,,CP-PENDIDIKAN-A,"Pada akhir fase A, murid memiliki kemampuan sebagai berikut. 1.1. Terampil Bergerak Mempraktikkan keterampilan gerak fundamental dan menerapkannya dalam berbagai situasi gerak yang berbeda; mengeksplorasi berbagai strategi gerak; dan mengeksplorasi berbagai konsep gerak serta menyimpulkan efektivitasnya. 1.2. Belajar Melalui Gerak Menaati peraturan untuk menumbuhkan fair play di dalam berbagai aktivitas jasmani; menerapkan strategi kolaborasi ketika berpartisipasi dalam aktivitas jasmani.",,,,,,,,,CP-000,"Capaian Pembelajaran (master), id 119",,,https://kurikulum.kemendikdasmen.go.id/service/download.php?kategori=rujukan&id=119,,,extracted_machine,OFFICIAL_PUBLIC_ACCESS,medium,machine-extracted phase-level CP; element tables pending
CPM-PENDIDIKAN-B,ID,Kurikulum Nasional,2026,2026/2027,SD,B,3-4,Pendidikan,,,,CP-PENDIDIKAN-B,"Pada akhir fase B, murid memiliki kemampuan sebagai berikut. 2.1. Terampil Bergerak Menghaluskan keterampilan gerak fundamental dan menerapkannya dalam situasi gerak yang baru; menyesuaikan strategi gerak untuk mendapatkan capaian keterampilan gerak; dan memperagakan berbagai konsep gerak yang dapat diterapkan dalam rangkaian gerak. 2.2. Belajar Melalui Gerak Menerapkan strategi gerak sederhana dan memecahkan masalah gerak; menerapkan peraturan untuk menumbuhkan fair play di dalam berbagai aktivitas jasmani; dan berpartisipasi secara positif dalam kelompok atau tim di dalam berbagai aktivitas jasmani. 2.3. Bergaya Hidup Aktif Berpartisipasi dalam berbagai aktivitas jasmani dan mengenali faktor-faktor yang menyebabkan aktivitas jasmani menyenangkan. 2.4. Memilih Hidup yang Menyehatkan Mengenali risiko kesehatan akibat gaya hidup dan berbagai aktivitas jasmani untuk pencegahannya; mengidentifikasi pola makan",,,,,,,,,CP-000,"Capaian Pembelajaran (master), id 119",,,https://kurikulum.kemendikdasmen.go.id/service/download.php?kategori=rujukan&id=119,,,extracted_machine,OFFICIAL_PUBLIC_ACCESS,medium,machine-extracted phase-level CP; element tables pending
CPM-PENDIDIKAN-C,ID,Kurikulum Nasional,2026,2026/2027,SD,C,5-6,Pendidikan,,,,CP-PENDIDIKAN-C,"Pada akhir fase C, murid memiliki kemampuan sebagai berikut. 3.1. Terampil Bergerak Menyesuaikan keterampilan gerak melintasi berbagai situasi gerak; mentransfer strategi gerak yang sudah dikuasai ke dalam berbagai situasi gerak yang berbeda; dan menginvestigasi berbagai konsep gerak yang dapat diterapkan untuk meningkatkan capaian keterampilan gerak 3.2. Belajar Melalui Gerak Menguji efektivitas penerapan strategi gerak dalam berbagai situasi gerak; merancang peraturan alternatif dan modifikasi permainan untuk mendukung fair play dan partisipasi inklusif; dan menjalankan berbagai peran untuk mencapai keberhasilan kelompok atau tim di dalam berbagai aktivitas jasmani. 3.3. Bergaya Hidup Aktif Berpartisipasi dalam aktivitas jasmani dan menjelaskan pengaruh aktivitas jasmani yang teratur terhadap kesehatan; mengidentifikasi rekomendasi aktivitas jasmani serta pencegahan perilaku sedenter. 3.4. Memilih Hidup yang Menyehatkan Mengidentifikasi dan menghubungkan antara gaya hidup, risiko kesehatan, dan aktivitas pencegahannya sesuai rekomendasi otoritas kesehatan; menjelaskan pola makan sehat untuk",,,,,,,,,CP-000,"Capaian Pembelajaran (master), id 119",,,https://kurikulum.kemendikdasmen.go.id/service/download.php?kategori=rujukan&id=119,,,extracted_machine,OFFICIAL_PUBLIC_ACCESS,medium,machine-extracted phase-level CP; element tables pending
CPM-PENDIDIKAN-D,ID,Kurikulum Nasional,2026,2026/2027,SMP,D,7-9,Pendidikan,,,,CP-PENDIDIKAN-D,"Pada akhir fase D, murid memiliki kemampuan sebagai berikut. 4.1. Terampil Bergerak Menerapkan keterampilan gerak serta mentransfernya ke dalam berbagai situasi gerak; memperagakan strategi gerak yang dapat dimanfaatkan untuk meningkatkan capaian keterampilan gerak. 4.2. Belajar Melalui Gerak Membuktikan strategi gerak yang paling efektif dalam situasi gerak yang berbeda; menginvestigasi modifikasi peraturan yang mendukung fair play dan partisipasi inklusif; menerapkan kepemimpinan, kolaborasi, dan pengambilan keputusan kelompok ketika berpartisipasi di dalam berbagai aktivitas jasmani. 4.3. Bergaya Hidup Aktif Berpartisipasi dalam aktivitas jasmani dan menjelaskan reaksi tubuh terhadap berbagai tingkat intensitas yang berbeda; menjelaskan strategi peningkatan aktivitas jasmani dan pencegahan perilaku sedenter. 4.4. Memilih Hidup yang Menyehatkan Menganalisis risiko kesehatan akibat gaya hidup dan merancang tindakan pencegahan melalui aktivitas jasmani berdasarkan rekomendasi otoritas kesehatan; merancang pola makan sehat berdasarkan analisis kandungan gizi sesuai",,,,,,,,,CP-000,"Capaian Pembelajaran (master), id 119",,,https://kurikulum.kemendikdasmen.go.id/service/download.php?kategori=rujukan&id=119,,,extracted_machine,OFFICIAL_PUBLIC_ACCESS,medium,machine-extracted phase-level CP; element tables pending
CPM-PENDIDIKAN-E,ID,Kurikulum Nasional,2026,2026/2027,SMA,E,10,Pendidikan,,,,CP-PENDIDIKAN-E,"Pada akhir fase E, murid memiliki kemampuan sebagai berikut. 5.1. Terampil Bergerak Menerapkan keterampilan gerak spesifik di dalam berbagai situasi gerak yang menantang; mengembangkan strategi gerak untuk mendapatkan keberhasilan capaian keterampilan gerak melintasi berbagai situasi gerak yang menantang. 5.2. Belajar Melalui Gerak Merefleksikan transfer strategi gerak yang telah dikuasai dalam situasi gerak yang berbeda; memperagakan fair play dan mengevaluasi pengaruh perilaku etis terhadap capaian aktivitas jasmani bagi individu dan kelompok; serta menerapkan strategi pengambilan keputusan dalam kerja tim yang mempertunjukkan keterampilan kepemimpinan dan kolaborasi. 5.3. Bergaya Hidup Aktif Berpartisipasi dalam aktivitas kebugaran dan menginvestigasi dampak partisipasi yang teratur terhadap kesehatan; merancang strategi peningkatan aktivitas kebugaran untuk kesehatan. 5.4. Memilih Hidup yang Menyehatkan Mengevaluasi risiko kesehatan akibat gaya hidup dan tindakan pencegahan melalui aktivitas jasmani serta mempromosikannya menggunakan",,,,,,,,,CP-000,"Capaian Pembelajaran (master), id 119",,,https://kurikulum.kemendikdasmen.go.id/service/download.php?kategori=rujukan&id=119,,,extracted_machine,OFFICIAL_PUBLIC_ACCESS,medium,machine-extracted phase-level CP; element tables pending
CPM-PENDIDIKAN-F,ID,Kurikulum Nasional,2026,2026/2027,SMA,F,11-12,Pendidikan,,,,CP-PENDIDIKAN-F,"Pada akhir fase F, murid memiliki kemampuan sebagai berikut. 6.1. Terampil Bergerak Mengevaluasi keterampilan gerak spesifik di dalam berbagai situasi gerak yang menantang untuk meningkatkan kinerja gerak; mengevaluasi strategi gerak untuk mendapatkan keberhasilan capaian keterampilan gerak melintasi berbagai situasi gerak yang menantang 6.2. Belajar Melalui Gerak Mengevaluasi strategi gerak yang telah dikuasai dalam situasi gerak baru yang menantang; mengevaluasi fair play dan merefleksikan pengaruh perilaku etis terhadap capaian aktivitas jasmani bagi individu dan kelompok; dan mengevaluasi strategi pengambilan keputusan dalam kerja tim yang mempertunjukkan keterampilan kepemimpinan dan kolaborasi. 6.3. Bergaya Hidup Aktif Berpartisipasi dalam aktivitas kebugaran dan mengevaluasi dampak partisipasi yang teratur terhadap kesehatan; mengevaluasi efektivitas strategi peningkatan aktivitas kebugaran untuk kesehatan. 6.4. Memilih Hidup yang Menyehatkan Mengadvokasi gaya hidup aktif dan sehat melalui aktivitas jasmani menggunakan berbagai media; mengadvokasi pola makan sehat dan bergizi seimbang kepada orang lain sesuai",,,,,,,,,CP-000,"Capaian Pembelajaran (master), id 119",,,https://kurikulum.kemendikdasmen.go.id/service/download.php?kategori=rujukan&id=119,,,extracted_machine,OFFICIAL_PUBLIC_ACCESS,medium,machine-extracted phase-level CP; element tables pending
CPM-BAHASA-ARAB-F,ID,Kurikulum Nasional,2026,2026/2027,SMA,F,11-12,Bahasa Arab,,,,CP-BAHASA-ARAB-F,"Pada akhir fase F, murid memiliki kemampuan sebagai berikut. 1. Menyimak ( al-Istima’ ) Menganalisis informasi dalam teks lisan sederhana berbahasa Arab tentang kehidupan sehari-hari ( al-hayat al-yaumiyyah ) dan lingkungan sekitar ( al-bi’ah ). 2. Berbicara ( al-Kalam ) Mengomunikasikan informasi dalam teks lisan sederhana berbahasa Arab dengan baik, santun, dan sesuai dengan pemahaman lintas budaya ( tafahum tsaqafi ) tentang kehidupan sehari-hari ( al-hayat al-yaumiyyah ) dan lingkungan sekitar ( al-bi’ah ). 3. Membaca ( al-Qira’ah )",,,,,,,,,CP-000,"Capaian Pembelajaran (master), id 119",,,https://kurikulum.kemendikdasmen.go.id/service/download.php?kategori=rujukan&id=119,,,extracted_machine,OFFICIAL_PUBLIC_ACCESS,medium,machine-extracted phase-level CP; element tables pending
CPM-BAHASA-JERMAN-F,ID,Kurikulum Nasional,2026,2026/2027,SMA,F,11-12,Bahasa Jerman,,,,CP-BAHASA-JERMAN-F,"Pada akhir fase F, murid memiliki kemampuan sebagai berikut. 1. Menyimak （聞 く） Menyimpulkan teks tentang gagasan dan informasi lisan atau multimodal dalam bahasa Jepang sederhana. 2. Berbicara （話 す） Mengomunikasikan gagasan, dan informasi secara lisan dalam bahasa Jepang sederhana. 3. Membaca （読 む） Menyimpulkan teks tentang gagasan dan informasi kemudian menghubungkannya dengan teks yang lain dalam bahasa Jepang sederhana. 4. Menulis （書 く） Menyusun teks tulis atau multimodal tentang gagasan dan informasi sederhana secara tertulis dalam bahasa Jepang. XXIV.",,,,,,,,,CP-000,"Capaian Pembelajaran (master), id 119",,,https://kurikulum.kemendikdasmen.go.id/service/download.php?kategori=rujukan&id=119,,,extracted_machine,OFFICIAL_PUBLIC_ACCESS,medium,machine-extracted phase-level CP; element tables pending
CPM-BAHASA-KOREA-F,ID,Kurikulum Nasional,2026,2026/2027,SMA,F,11-12,Bahasa Korea,,,,CP-BAHASA-KOREA-F,"Pada akhir fase F, murid memiliki kemampuan sebagai berikut. 1. Menyimak Menafsirkan informasi umum, selektif, dan terperinci dari teks lisan sederhana tentang kehidupan sehari-hari dan lingkungan sekitar dengan mengintegrasikan pemahaman lintas budaya. 2. Berbicara Memproduksi teks lisan sederhana tentang kehidupan sehari-hari dan lingkungan sekitar dengan mengintegrasikan pemahaman lintas budaya. 3. Membaca Menafsirkan informasi umum, selektif, dan terperinci dari berbagai jenis teks tulis sederhana tentang kehidupan sehari-hari dan lingkungan sekitar dengan mengintegrasikan pemahaman lintas budaya. 4. Menulis Memproduksi teks tulis sederhana tentang kehidupan sehari-hari dan lingkungan sekitar dengan mengintegrasikan pemahaman lintas budaya. XXV.",,,,,,,,,CP-000,"Capaian Pembelajaran (master), id 119",,,https://kurikulum.kemendikdasmen.go.id/service/download.php?kategori=rujukan&id=119,,,extracted_machine,OFFICIAL_PUBLIC_ACCESS,medium,machine-extracted phase-level CP; element tables pending
CPM-BAHASA-MANDARIN-F,ID,Kurikulum Nasional,2026,2026/2027,SMA,F,11-12,Bahasa Mandarin,,,,CP-BAHASA-MANDARIN-F,"Pada akhir fase F, murid memiliki kemampuan sebagai berikut. 1. Menyimak ( 듣기 ) Memahami informasi umum, selektif, dan terperinci dari teks lisan atau multimodal sederhana tentang kehidupan sehari-hari, lingkungan sekitar, dan lintas budaya. 2. Berbicara ( 말하기 ) Memproduksi teks lisan sederhana tentang kehidupan sehari-hari, lingkungan sekitar, dan lintas budaya. 3. Membaca ( 읽기 ) Memahami informasi umum, selektif, dan terperinci dari berbagai jenis teks tulis atau multimodal sederhana tentang kehidupan sehari-hari, lingkungan sekitar, dan lintas budaya. 4. Menulis ( 쓰기 ) Menyusun teks tulis atau multimodal sederhana tentang kehidupan sehari-hari, lingkungan sekitar, dan lintas budaya. XXVI.",,,,,,,,,CP-000,"Capaian Pembelajaran (master), id 119",,,https://kurikulum.kemendikdasmen.go.id/service/download.php?kategori=rujukan&id=119,,,extracted_machine,OFFICIAL_PUBLIC_ACCESS,medium,machine-extracted phase-level CP; element tables pending
CPM-BAHASA-PRANCIS-F,ID,Kurikulum Nasional,2026,2026/2027,SMA,F,11-12,Bahasa Prancis,,,,CP-BAHASA-PRANCIS-F,"Pada akhir fase F, berdasarkan data dan fakta tentang peluang, tujuan, kebermaknaan penguasaan bahasa Prancis, dan total alokasi waktu belajar yang tersedia, murid diharapkan dapat mencapai standar CECRL antara A1-A2.2. Mata pelajaran Bahasa Prancis diajarkan dengan menggunakan pendekatan komunikatif berbasis teks dan atau pendekatan pembelajaran bahasa lain yang relevan seperti pembelajaran mendalam, melalui pemanfaatan beragam teks baik lisan maupun tulisan. Profil lulusan merupakan kompetensi yang ingin dituju sebagai luaran jangka panjang. Delapan dimensi profil lulusan harus diterapkan dan diaplikasikan ke dalam pembelajaran Bahasa Prancis. Selama proses pembelajaran, murid diharapkan untuk mandiri, seperti mencari sumber rujukan yang ditugaskan oleh pendidik di internet. B. Tujuan Mata pelajaran Bahasa Prancis bertujuan untuk memastikan murid menguasai dan mengembangkan: 1. Keterampilan berkomunikasi dalam bahasa Prancis secara tulis dan lisan dalam konteks aktivitas sehari-hari dan lingkungan sekitar murid; 2. keterampilan berbahasa Prancis antara level A1 - level A2.2 standar CECRL; 3. pemahaman lintas budaya untuk memahami dan",,,,,,,,,CP-000,"Capaian Pembelajaran (master), id 119",,,https://kurikulum.kemendikdasmen.go.id/service/download.php?kategori=rujukan&id=119,,,extracted_machine,OFFICIAL_PUBLIC_ACCESS,medium,machine-extracted phase-level CP; element tables pending
CPM-KODING-DAN-KECERDASAN-ARTIFISIAL-F,ID,Kurikulum Nasional,2026,2026/2027,SMA,F,11-12,Koding dan Kecerdasan Artifisial,,,,CP-KODING-DAN-KECERDASAN-ARTIFISIAL-F,"Pada akhir fase F, murid memiliki kemampuan sebagai berikut. 2.1. Berpikir Komputasional Menerapkan berpikir komputasional untuk memecahkan permasalahan kompleks di dunia kerja dan masyarakat serta melakukan prediksi sesuai dengan bidang keahlian. 2.2. Literasi Digital Menerapkan produksi dan diseminasi konten digital tingkat lanjut untuk mendukung pengembangan aplikasi dan KA sesuai dengan bidang keahlian. 2.3. Algoritma Pemrograman Memahami algoritma dan menerapkan pemrograman berorientasi objek pada tools koding tingkat lanjut yang berkaitan dengan pemanfaatan KA. 2.4. Analisis Data Memahami data encoding , menerapkan basis data untuk menyelesaikan permasalahan di dunia kerja dan masyarakat. 2.5. Literasi dan Etika Kecerdasan Artifisial Memahami prinsip kerja teknologi kecerdasan artifisial secara tepat guna dan bertanggungjawab di dunia kerja dan masyarakat dengan memperhatikan aspek etika, keamanan data dan dampak sosial penggunaannya. 2.6. Pemanfaatan dan Pengembangan Kecerdasan Artifisial Mengaktualisasikan produk KA sesuai bidang",,,,,,,,,CP-000,"Capaian Pembelajaran (master), id 119",,,https://kurikulum.kemendikdasmen.go.id/service/download.php?kategori=rujukan&id=119,,,extracted_machine,OFFICIAL_PUBLIC_ACCESS,medium,machine-extracted phase-level CP; element tables pending
CPM-KODING-DAN-KECERDASAN-ARTIFISIAL-C,ID,Kurikulum Nasional,2026,2026/2027,SD,C,5-6,Koding dan Kecerdasan Artifisial,,,,CP-KODING-DAN-KECERDASAN-ARTIFISIAL-C,"Pada akhir fase C, murid memiliki kemampuan sebagai berikut. 1.1. Berpikir Komputasional Memahami permasalahan sederhana dalam kehidupan sehari-hari, menerapkan pemecahan masalah secara sistematis, serta menuliskan instruksi logis dan terstruktur menggunakan sekumpulan kosakata atau simbol. 1.2. Literasi Digital Memahami konsep dasar, manfaat, dan dampak teknologi digital, memahami sistem komputer tingkat pradasar, menerapkan pengamanan informasi pribadi dalam komunikasi daring, memanfaatkan internet, dan memproduksi serta mendiseminasi konten digital dalam bentuk teks dan gambar. 1.3. Literasi dan Etika Kecerdasan Artifisial Memahami konsep KA sederhana, manfaat dan dampak KA pada kehidupan sehari-hari, prinsip bahwa KA dikembangkan untuk meningkatkan kesejahteraan manusia dan tidak boleh merugikan manusia, mengetahui perbedaan manusia dan komputer dalam melakukan penginderaan, dan mengetahui perbedaan antara mesin cerdas dan mesin non-cerdas. Memahami etika dasar penggunaan KA seperti empati dan tidak menyakiti orang lain. 1.4. Pemanfaatan dan Pengembangan Kecerdasan Artifisial Menyimulasikan secara sederhana kerja KA saat mengenali pola, mengklasifikasi benda konkret berdasarkan sifatnya, dan mengetahui bagaimana prediksi sistem KA dipengaruhi input benda konkret.",,,,,,,,,CP-000,"Capaian Pembelajaran (master), id 119",,,https://kurikulum.kemendikdasmen.go.id/service/download.php?kategori=rujukan&id=119,,,extracted_machine,OFFICIAL_PUBLIC_ACCESS,medium,machine-extracted phase-level CP; element tables pending
CPM-KODING-DAN-KECERDASAN-ARTIFISIAL-D,ID,Kurikulum Nasional,2026,2026/2027,SMP,D,7-9,Koding dan Kecerdasan Artifisial,,,,CP-KODING-DAN-KECERDASAN-ARTIFISIAL-D,"Pada akhir fase D, murid memiliki kemampuan sebagai berikut. 2.1. Berpikir Komputasional Menerapkan pengelolaan data, pemecahan masalah sederhana dalam kehidupan masyarakat secara sistematis, dan menuliskan instruksi. 2.2. Literasi Digital Memproduksi dan mendiseminasi konten digital berupa audio, video, slide, dan infografis. 2.3. Literasi dan Etika Kecerdasan Artifisial Memahami perbedaan cara manusia dan KA menggabungkan informasi dari beberapa perangkat penginderaan atau sensor, memahami bagaimana komputer memaknai informasi dari perangkat penginderaan atau sensor, memahami kualitas data, serta manfaat dan dampak KA pada kehidupan masyarakat. Memahami etika penggunaan KA dalam kehidupan sehari-hari seperti menjaga data pribadi dalam menggunakan KA, KA adalah sebagai alat bantu sehingga manusia tidak boleh tergantung dan percaya sepenuhnya pada KA karena KA masih sangat mungkin menghasilkan output yang salah, bias, atau melakukan halusinasi, serta menganalisis konten deep fake dalam bentuk gambar, audio, atau video. 2.4. Pemanfaatan dan Pengembangan Kecerdasan Artifisial Menggunakan perangkat KA sederhana dengan kritis dan mampu menuliskan input bermakna ke dalam sistem KA. 3. Fase E (Umumnya untuk Kelas X SMA/MA)",,,,,,,,,CP-000,"Capaian Pembelajaran (master), id 119",,,https://kurikulum.kemendikdasmen.go.id/service/download.php?kategori=rujukan&id=119,,,extracted_machine,OFFICIAL_PUBLIC_ACCESS,medium,machine-extracted phase-level CP; element tables pending
CPM-KODING-DAN-KECERDASAN-ARTIFISIAL-E,ID,Kurikulum Nasional,2026,2026/2027,SMA,E,10,Koding dan Kecerdasan Artifisial,,,,CP-KODING-DAN-KECERDASAN-ARTIFISIAL-E,"Pada akhir fase E, murid memiliki kemampuan sebagai berikut. 1.1. Berpikir Komputasional Menerapkan berpikir komputasional untuk memecahkan permasalahan pada objek sesuai bidang keahlian. 1.2. Literasi Digital Menerapkan produksi dan diseminasi konten digital dalam bentuk sajian multimedia sesuai dengan bidang keahlian. 1.3. Algoritma Pemrograman Membandingkan beberapa algoritma dan menerapkan algoritma pemrograman untuk menghasilkan aplikasi. 1.4. Analisis Data Memahami konsep dasar basis data dan menerapkan pengolahan data pada basis data. 1.5. Literasi dan Etika Kecerdasan Artifisial Memahami prinsip kerja teknologi kecerdasan",,,,,,,,,CP-000,"Capaian Pembelajaran (master), id 119",,,https://kurikulum.kemendikdasmen.go.id/service/download.php?kategori=rujukan&id=119,,,extracted_machine,OFFICIAL_PUBLIC_ACCESS,medium,machine-extracted phase-level CP; element tables pending
CPM-SEJARAH-SMK-MAK-E,ID,Kurikulum Nasional,2026,2026/2027,SMA,E,10,Sejarah Smk/Mak,,,,CP-SEJARAH-SMK-MAK-E,"Pada akhir fase E, murid memiliki kemampuan sebagai berikut 1.1. Pemahaman Konsep Memahami konsep dasar ilmu sejarah serta menginterpretasi berbagai peristiwa sejarah Indonesia yang berkaitan dengan masa Kerajaan Hindu-Buddha, Kerajaan Islam, Penjajahan Bangsa Barat, hingga Perjuangan Pergerakan Kebangsaan Indonesia. Murid mengaplikasikan keterampilan berpikir sejarah dalam mengkritisi peristiwa masa lalu yang relevan dengan bidang kejuruannya. 1.2. Keterampilan Proses Memahami konsep dasar ilmu sejarah dan mampu berpikir sejarah melalui proses",,,,,,,,,CP-000,"Capaian Pembelajaran (master), id 119",,,https://kurikulum.kemendikdasmen.go.id/service/download.php?kategori=rujukan&id=119,,,extracted_machine,OFFICIAL_PUBLIC_ACCESS,medium,machine-extracted phase-level CP; element tables pending
CPM-SEJARAH-SMK-MAK-F,ID,Kurikulum Nasional,2026,2026/2027,SMA,F,11-12,Sejarah Smk/Mak,,,,CP-SEJARAH-SMK-MAK-F,"Pada akhir fase F, murid memiliki kemampuan sebagai berikut 2.1. Pemahaman Konsep Memahami kehidupan bangsa Indonesia pada masa pendudukan Jepang, proklamasi kemerdekaan Indonesia, upaya mempertahankan kemerdekaan, masa pemerintahan Sukarno, masa pemerintahan Suharto, dan masa reformasi dengan menggunakan konsep-konsep dasar ilmu sejarah. Murid memiliki kesadaran sejarah sebagai wujud literasi dan empati terhadap perjalanan bangsa. Selain itu, murid juga memiliki kemampuan mengaitkan nilai-nilai sejarah yang relevan dengan kompetensi kejuruan dalam menghadapi tantangan dan peluang di dunia kerja serta dunia industri yang terus berkembang 2.2. Keterampilan Proses Mengaplikasikan literasi sejarah, membangun kesadaran sejarah, dan merumuskan penelitian sejarah secara sederhana melalui proses mengamati fenomena sejarah, menanya, mengumpulkan informasi, menganalisis informasi, mengomunikasikan, dan mengaitkannya dengan muatan vokasional sesuai dengan kompetensi kejuruannya.",,,,,,,,,CP-000,"Capaian Pembelajaran (master), id 119",,,https://kurikulum.kemendikdasmen.go.id/service/download.php?kategori=rujukan&id=119,,,extracted_machine,OFFICIAL_PUBLIC_ACCESS,medium,machine-extracted phase-level CP; element tables pending
CPM-DASAR-DASAR-TEKNIK-PERAWATAN-E,ID,Kurikulum Nasional,2026,2026/2027,SMA,E,10,Dasar-Dasar Teknik Perawatan,,,,CP-DASAR-DASAR-TEKNIK-PERAWATAN-E,"Pada akhir fase E, murid memiliki kemampuan sebagai berikut. 1. Wawasan Dunia Kerja Bidang Perawatan Gedung Menganalisis rangkaian aktivitas atau tugas pada pekerjaan perencanaan, pelaksanaan, dan perawatan gedung; serta menganalisis prosedur kepuasan pelanggan, job profile dan entrepreneurship dalam bidang perawatan gedung. 2. Kecakapan Kerja Dasar (Basic Job Skills), K3LH, dan Budaya Kerja Bidang Perawatan Gedung Menerapkan praktik dasar secara keseluruhan pada bidang perawatan gedung, termasuk penggunaan peralatan dan teknologi yang digunakan di dunia kerja; serta mampu menerapkan K3LH dan budaya kerja bidang perawatan gedung. 3. Statika Bangunan M enerapkan tentang elemen-elemen struktur bangunan, keseimbangan gaya pada struktur bangunan, gaya batang pada konstruksi rangka sederhana sebagai dasar perhitungan pekerjaan konstruksi pada struktur bangunan. 4. Dasar Konstruksi Bangunan Menganalisis spesifikasi, karakteristik dan konsep dasar bahan bangunan dengan berbasis green material dan",,,,,,,,,CP-000,"Capaian Pembelajaran (master), id 119",,,https://kurikulum.kemendikdasmen.go.id/service/download.php?kategori=rujukan&id=119,,,extracted_machine,OFFICIAL_PUBLIC_ACCESS,medium,machine-extracted phase-level CP; element tables pending
CPM-DASAR-DASAR-KONSTRUKSI-DAN-E,ID,Kurikulum Nasional,2026,2026/2027,SMA,E,10,Dasar-Dasar Konstruksi dan,,,,CP-DASAR-DASAR-KONSTRUKSI-DAN-E,"Pada akhir fase E, murid memiliki kemampuan sebagai berikut. 1. Wawasan Dunia Kerja pada Bidang Jasa Konstruksi dan Perawatan Bangunan Sipil Memahami rangkaian aktivitas atau tugas serta perkembangan dunia kerja jasa konstruksi (konsultan perencana, kontraktor pelaksana, konsultan pengawas) dan perawatan bangunan sipil. 2. Statika Bangunan Menganalisis statika bangunan sebagai dasar perhitungan pekerjaan konstruksi pada struktur bangunan sipil. 3. Dasar Konstruksi Bangunan Menganalisis spesifikasi dan karakteristik bahan bangunan, serta jenis pekerjaan konstruksi dan perawatan bangunan sipil sesuai dengan kaidah K3LH. 4. Ukur Tanah Menerapkan pengoperasian peralatan pengukuran, prosedur teknik perawatan sesuai dengan kaidah K3LH melalui penyusunan data sesuai kondisi di lapangan. 5. Gambar Teknik Membuat gambar proyeksi orthogonal (2D) dan proyeksi piktorial (3D) dengan kaidah K3LH.",,,,,,,,,CP-000,"Capaian Pembelajaran (master), id 119",,,https://kurikulum.kemendikdasmen.go.id/service/download.php?kategori=rujukan&id=119,,,extracted_machine,OFFICIAL_PUBLIC_ACCESS,medium,machine-extracted phase-level CP; element tables pending
CPM-DASAR-DASAR-TEKNIK-KONSTRUKSI-E,ID,Kurikulum Nasional,2026,2026/2027,SMA,E,10,Dasar-Dasar Teknik Konstruksi,,,,CP-DASAR-DASAR-TEKNIK-KONSTRUKSI-E,"Pada akhir fase E, murid memiliki kemampuan sebagai berikut. 1. Wawasan dunia kerja bidang perkapalan Menganalisis aktivitas pekerjaan pada bidang industri perkapalan antara lain mekanisme kerja, jenis-jenis pengedokan, jenis fasilitas dan layanan pendukung di galangan kapal, proses produksi kapal, perkembangan industri perkapalan, dan profesi dalam industri perkapalan serta menganalisis peluang pasar serta usaha di bidang perkapalan. 2. Kecakapan kerja dasar (basic job skills), budaya kerja dan K3LH Menerapkan teori dasar perkapalan, pekerjaan dasar teknologi perkapalan yang terdiri dari kerja bangku, pekerjaan dasar logam, pekerjaan dasar listrik, pekerjaan dan dasar non logam serta budaya kerja industri yang berwawasan lingkungan. 3. Gambar teknik Menerapkan pembuatan gambar konstruksi geometri meliputi garis, busur, lingkaran, dan sudut; mengevaluasi pembuatan gambar proyeksi meliputi proyeksi piktorial dan proyeksi orthogonal; dan menerapkan penggunaan aturan gambar teknik meliputi pengukuran, penerapan simbol, potongan, dan gambar bukaan. 4. Gambar basic design dengan CAD Menerapkan penggunaan CAD pada penggambaran basic desain.",,,,,,,,,CP-000,"Capaian Pembelajaran (master), id 119",,,https://kurikulum.kemendikdasmen.go.id/service/download.php?kategori=rujukan&id=119,,,extracted_machine,OFFICIAL_PUBLIC_ACCESS,medium,machine-extracted phase-level CP; element tables pending
CPM-DASAR-DASAR-DESAIN-PEMODELAN-E,ID,Kurikulum Nasional,2026,2026/2027,SMA,E,10,Dasar-Dasar Desain Pemodelan,,,,CP-DASAR-DASAR-DESAIN-PEMODELAN-E,"Pada akhir fase E, murid memiliki kemampuan sebagai berikut. 1. Wawasan Dunia Kerja Bidang Desain Pemodelan dan Informasi Bangunan Menganalisis rangkaian aktivitas pekerjaan pada bidang pemodelan dan informasi bangunan serta perkembangan teknologi dan isu-isu global terkait green building dan sustainable building yang dijadikan dasar dalam penggambaran konstruksi bangunan. 2. Kecakapan Kerja Dasar (Basic Job Skills), K3LH, dan Budaya Kerja",,,,,,,,,CP-000,"Capaian Pembelajaran (master), id 119",,,https://kurikulum.kemendikdasmen.go.id/service/download.php?kategori=rujukan&id=119,,,extracted_machine,OFFICIAL_PUBLIC_ACCESS,medium,machine-extracted phase-level CP; element tables pending
CPM-DASAR-DASAR-TEKNIK-FURNITUR-E,ID,Kurikulum Nasional,2026,2026/2027,SMA,E,10,Dasar-Dasar Teknik Furnitur,,,,CP-DASAR-DASAR-TEKNIK-FURNITUR-E,"Pada akhir fase E, murid memiliki kemampuan sebagai berikut. 1. Wawasan Dunia Kerja Bidang Furnitur Menganalisis profesi dan kewirausahaan ( job-profile dan technopreneurship ) serta peluang usaha pada bidang furnitur dan aktivitas pekerjaan industri furnitur. 2. Kecakapan Kerja Dasar (Basic Job Skills), K3LH, dan Budaya Kerja Menerapkan kegiatan praktik yang terkait dengan seluruh proses produksi dan teknologi yang diaplikasikan dalam industri furnitur; pengenalan dan praktik dasar kayu, mesin kayu, Computer Aided Design (CAD); simulasi Computer Aided Manufacturing (CAM)-CNC, dan penerapan K3LH serta budaya kerja. 3. Gambar Teknik Menggambar teknik manual dan/atau menggunakan aplikasi perangkat lunak serta gambar dasar teknik furnitur. 4. Pemilihan Kayu untuk Produksi Furnitur Mengidentifikasi kayu untuk produksi furnitur secara mandiri. 5. Pembuatan Sambungan dengan Peralatan Tangan dan Mesin Membuat macam-macam sambungan pada konstruksi furnitur dengan peralatan tangan dan mesin. 6. Perawatan Peralatan Tangan dan Mesin Menerapkan perawatan, penajaman, penyetelan, dan penyimpanan peralatan tangan dan mesin sesuai standar.",,,,,,,,,CP-000,"Capaian Pembelajaran (master), id 119",,,https://kurikulum.kemendikdasmen.go.id/service/download.php?kategori=rujukan&id=119,,,extracted_machine,OFFICIAL_PUBLIC_ACCESS,medium,machine-extracted phase-level CP; element tables pending
CPM-DASAR-DASAR-TEKNIK-MESIN-E,ID,Kurikulum Nasional,2026,2026/2027,SMA,E,10,Dasar-Dasar Teknik Mesin,,,,CP-DASAR-DASAR-TEKNIK-MESIN-E,"Pada akhir fase E, murid memiliki kemampuan sebagai berikut. 1. Wawasan Bidang Teknik Mesin Menjelaskan perkembangan proses produksi industri manufaktur, Internet of Thing , wawasan hijau ( green skill ), proses produksi dan perawatan mesin berbantuan kecerdasan buatan (AI). 2. Kecakapan Kerja Dasar (basic job skills), K3, dan Budaya Kerja Mengidentifikasi bahaya-bahaya di tempat kerja serta menerapkan prosedur-prosedur dalam keadaan darurat, praktik-praktik kerja yang aman, dan budaya kerja industri. 3. Teknik Dasar Proses Produksi pada Bidang Manufaktur Mesin Menerapkan teknologi cutting dan non cutting terkini, alat ukur, perkakas tangan, perkakas bertenaga, pemesinan dasar, dan pengelasan dasar. 4. Pengetahuan Bahan (Material Science) Menganalisis jenis-jenis, sifat-sifat, dan fungsi bahan dalam proses manufaktur. 5. Dasar Sistem Mekanik Menganalisis jenis sambungan, tumpuan (bushing and bearing), dan transmisi mesin. 6. Gambar Teknik Menerapkan macam-macam peralatan gambar dan CADD, standardisasi dalam pembuatan gambar, teknik sketsa, proyeksi gambar, dan pembacaan gambar teknik.",,,,,,,,,CP-000,"Capaian Pembelajaran (master), id 119",,,https://kurikulum.kemendikdasmen.go.id/service/download.php?kategori=rujukan&id=119,,,extracted_machine,OFFICIAL_PUBLIC_ACCESS,medium,machine-extracted phase-level CP; element tables pending
CPM-DASAR-DASAR-TEKNIK-OTOMOTIF-E,ID,Kurikulum Nasional,2026,2026/2027,SMA,E,10,Dasar-Dasar Teknik Otomotif,,,,CP-DASAR-DASAR-TEKNIK-OTOMOTIF-E,"Pada akhir fase E, murid memiliki kemampuan sebagai berikut. 1. Wawasan Dunia Otomotif Menjelaskan wawasan dunia usaha, dunia industri, dunia kerja bidang otomotif, perkembangan teknologi pada berbagai komponen dan jenis produk otomotif serta isu global, perubahan iklim dan penggunaan kecerdasan buatan pada bidang otomotif kendaraan ringan, kendaraan angkutan, sepeda motor, alat berat dan sejenisnya. 2. Kecakapan Kerja Dasar (Basic Job Skills), K3, dan Budaya Kerja Menerapkan prosedur perawatan dan perbaikan otomotif, potensi bahaya di tempat kerja, prosedur keselamatan dan kesehatan lingkungan kerja, alat pelindung diri, dan prosedur dalam keadaan darurat serta budaya kerja pada bidang otomotif. 3. Gambar Teknik Otomotif Menerapkan gambar teknik berdasarkan standar gambar teknik yang berlaku; membaca gambar teknik; serta menentukan letak dan posisi komponen otomotif sesuai buku manual servis. 4. Peralatan dan Perlengkapan Tempat Kerja Menerapkan cara memilih, menggunakan, dan merawat peralatan peralatan umum ( general tools ), alat perlengkapan bengkel ( equipment tools ), peralatan servis khusus ( special service tools), alat ukur (measuring tools), dan alat diagnosis ( diagnostic tools ). 5. Dasar Kelistrikan dan Elektronika Otomotif Menerapkan prinsip dasar kelistrikan, komponen elektronika otomotif, serta perbaikan rangkaian dasar kelistrikan dan elektronika otomotif. 6. Komponen Otomotif Menganalisis komponen utama konversi energi otomotif, komponen tambahan mesin otomotif, dan komponen perlengkapan mesin otomotif. 7. Dasar Sistem Hidrolik dan Pneumatik",,,,,,,,,CP-000,"Capaian Pembelajaran (master), id 119",,,https://kurikulum.kemendikdasmen.go.id/service/download.php?kategori=rujukan&id=119,,,extracted_machine,OFFICIAL_PUBLIC_ACCESS,medium,machine-extracted phase-level CP; element tables pending
CPM-DASAR-DASAR-TEKNIK-PENGELASAN-E,ID,Kurikulum Nasional,2026,2026/2027,SMA,E,10,Dasar-Dasar Teknik Pengelasan,,,,CP-DASAR-DASAR-TEKNIK-PENGELASAN-E,"Pada akhir fase E, murid memiliki kemampuan sebagai berikut. 1. Wawasan dunia kerja bidang pengelasan dan fabrikasi logam Menganalisis perkembangan teknologi pada bidang pengelasan dan fabrikasi logam di berbagai bidang aktivitas pekerjaan industri konstruksi dan manufaktur; serta memahami profesi dan kewirausahaan ( job-profile dan technopreneurship) di bidang pengelasan dan fabrikasi logam. 2. Kecakapan kerja dasar (Basic Job Skill), K3LH, dan Budaya kerja Menerapkan K3LH dan budaya kerja industri pada proses pengelasan dan fabrikasi logam yang diaplikasikan dalam industri konstruksi dan manufaktur; mengunakan perkakas tangan, perkakas bertenaga, gambar teknik, pengelasan, computer aided design (CAD), dan sejenisnya. 3. Gambar teknik Menggambar teknik dasar lingkup pengelasan dan fabrikasi logam serta mampu mengaplikasikan dasar CAD. 4. Penggunaan perkakas bengkel Menerapkan penggunaan perkakas bengkel sesuai dengan POS. 5. Pengelasan SMAW dasar Menerapkan pengelasan pelat baja karbon posisi di bawah tangan sesuai dengan WPS dan melaksanakan pemeriksaan hasil pengelasan secara visual.",,,,,,,,,CP-000,"Capaian Pembelajaran (master), id 119",,,https://kurikulum.kemendikdasmen.go.id/service/download.php?kategori=rujukan&id=119,,,extracted_machine,OFFICIAL_PUBLIC_ACCESS,medium,machine-extracted phase-level CP; element tables pending
CPM-DASAR-DASAR-TEKNIK-LOGISTIK-E,ID,Kurikulum Nasional,2026,2026/2027,SMA,E,10,Dasar-Dasar Teknik Logistik,,,,CP-DASAR-DASAR-TEKNIK-LOGISTIK-E,"Pada akhir fase E, murid memiliki kemampuan sebagai berikut. 1. Wawasan Dunia Kerja Bidang Teknik Logistik Menganalisis proses bisnis (rangkaian aktivitas dan tugas) pada bidang logistik atau teknik industri secara menyeluruh pada berbagai industri, perkembangan teknik",,,,,,,,,CP-000,"Capaian Pembelajaran (master), id 119",,,https://kurikulum.kemendikdasmen.go.id/service/download.php?kategori=rujukan&id=119,,,extracted_machine,OFFICIAL_PUBLIC_ACCESS,medium,machine-extracted phase-level CP; element tables pending
CPM-DASAR-DASAR-TEKNIK-ELEKTRONIKA-E,ID,Kurikulum Nasional,2026,2026/2027,SMA,E,10,Dasar-Dasar Teknik Elektronika,,,,CP-DASAR-DASAR-TEKNIK-ELEKTRONIKA-E,"Pada akhir fase E, murid memiliki kemampuan sebagai berikut. 1. Wawasan Dunia Kerja Bidang Elektronika Menganalisis proses produksi mulai dari perancangan produk, supply chain , proses produksi, quality control , dan pengemasan pada industri manufaktur dan rekayasa elektronik; menerapkan perawatan peralatan produksi, serta pengelolaan sumber daya manusia dengan memperhatikan potensi dan kearifan lokal; menganalisis revolusi industri 4.0 dalam bidang elektronika, teknologi digital dalam dunia industri, product life cycle , isu pemanasan global, waste control , dan perubahan iklim; dan menganalisis profil dan kewirausahaan ( job profile dan technopreneurship ) dalam bidang manufaktur dan rekayasa elektronika. 2. Kecakapan Kerja Dasar (Basic Job Skills), K3LH, dan Budaya Kerja Menerapkan prinsip dasar, peraturan dan prosedur keselamatan dan kesehatan kerja serta lingkungan hidup (K3LH); menerapkan makna rambu-rambu keselamatan dan kesehatan kerja serta lingkungan hidup (K3LH), tindakan pencegahan jenis-jenis bahaya kerja, prosedur penanganan limbah B3, prosedur dan tindakan keselamatan dan kesehatan kerja dalam kondisi",,,,,,,,,CP-000,"Capaian Pembelajaran (master), id 119",,,https://kurikulum.kemendikdasmen.go.id/service/download.php?kategori=rujukan&id=119,,,extracted_machine,OFFICIAL_PUBLIC_ACCESS,medium,machine-extracted phase-level CP; element tables pending
CPM-DASAR-DASAR-TEKNIK-PESAWAT-E,ID,Kurikulum Nasional,2026,2026/2027,SMA,E,10,Dasar-Dasar Teknik Pesawat,,,,CP-DASAR-DASAR-TEKNIK-PESAWAT-E,"Pada akhir fase E, murid memiliki kemampuan sebagai berikut. 1. Wawasan dunia kerja bidang penerbangan Menganalisis aktivitas pekerjaan yang berhubungan dengan profesi dan pekerjaan di dunia penerbangan meliputi aktivitas pekerjaan di dalam pesawat udara dan di bandara. 2. Kecakapan dasar (Basic Skill), K3, dan budaya kerja Menerapkan kecakapan dasar ( Basic skill ), K3, dan budaya kerja industri di tempat kerja.",,,,,,,,,CP-000,"Capaian Pembelajaran (master), id 119",,,https://kurikulum.kemendikdasmen.go.id/service/download.php?kategori=rujukan&id=119,,,extracted_machine,OFFICIAL_PUBLIC_ACCESS,medium,machine-extracted phase-level CP; element tables pending
CPM-DASAR-DASAR-KIMIA-ANALISIS-E,ID,Kurikulum Nasional,2026,2026/2027,SMA,E,10,Dasar-Dasar Kimia Analisis,,,,CP-DASAR-DASAR-KIMIA-ANALISIS-E,"Pada akhir fase E, murid memiliki kemampuan sebagai berikut. 1. Wawasan dunia kerja bidang kimia analisis Menganalisis aktivitas pekerjaan pada bidang kimia analisis secara menyeluruh, perkembangan teknologi kimia analisis, dan isu-isu global seputar laboratorium kimia analisis dan industri yang melibatkan kimia analisis, serta profesi dan kewirausahaan ( job-profile dan technopreneurship ) di bidang kimia analisis. 2. Kecakapan kerja dasar (basic job skills), K3, dan budaya kerja Menerapkan konsep dan teknik dasar proses kerja di bidang kimia analisis, K3LH, dan budaya kerja industri. 3. Pengelolaan laboratorium kimia",,,,,,,,,CP-000,"Capaian Pembelajaran (master), id 119",,,https://kurikulum.kemendikdasmen.go.id/service/download.php?kategori=rujukan&id=119,,,extracted_machine,OFFICIAL_PUBLIC_ACCESS,medium,machine-extracted phase-level CP; element tables pending
CPM-DASAR-DASAR-TEKNIK-KIMIA-INDUSTRI-E,ID,Kurikulum Nasional,2026,2026/2027,SMA,E,10,Dasar-Dasar Teknik Kimia Industri,,,,CP-DASAR-DASAR-TEKNIK-KIMIA-INDUSTRI-E,"Pada akhir fase E, murid memiliki kemampuan sebagai berikut. 1. Wawasan Kerja Bidang Teknik Kimia Industri Menganalisis karakteristik industri kimia, serta menguraikan perkembangan proses produksinya dari teknologi konvensional hingga teknologi modern mencakup product life cycle , aktivitas bidang kimia industri yang berdampak pada perubahan iklim, dan analisis pengelolaan sumber daya manusia yang memperhatikan potensi serta kearifan lokal yang meliputi ketenagakerjaan, ragam profesi dalam bidang kimia industri, kegiatan kewirausahaan, serta identifikasi peluang usaha di bidang kimia industri.",,,,,,,,,CP-000,"Capaian Pembelajaran (master), id 119",,,https://kurikulum.kemendikdasmen.go.id/service/download.php?kategori=rujukan&id=119,,,extracted_machine,OFFICIAL_PUBLIC_ACCESS,medium,machine-extracted phase-level CP; element tables pending
CPM-DASAR-DASAR-TEKNIK-TEKSTIL-E,ID,Kurikulum Nasional,2026,2026/2027,SMA,E,10,Dasar-Dasar Teknik Tekstil,,,,CP-DASAR-DASAR-TEKNIK-TEKSTIL-E,"Pada akhir fase E, murid memiliki kemampuan sebagai berikut. 1. Wawasan dunia kerja bidang industri tekstil Menganalisis proses bisnis dan profesi bidang teknologi tekstil. 2. Sejarah dan Perkembangan Industri Tekstil Menganalisis sejarah dan perkembangan teknologi tekstil. 3. Pengetahuan Teknologi Tekstil Menerapkan dasar-dasar proses produksi dan teknologi yang diterapkan dalam industri tekstil meliputi pemintalan serat buatan, pembuatan benang stapel, pembuatan kain,",,,,,,,,,CP-000,"Capaian Pembelajaran (master), id 119",,,https://kurikulum.kemendikdasmen.go.id/service/download.php?kategori=rujukan&id=119,,,extracted_machine,OFFICIAL_PUBLIC_ACCESS,medium,machine-extracted phase-level CP; element tables pending
CPM-DASAR-DASAR-TEKNIK-E,ID,Kurikulum Nasional,2026,2026/2027,SMA,E,10,Dasar-Dasar Teknik,,,,CP-DASAR-DASAR-TEKNIK-E,"Pada akhir fase E, murid memiliki kemampuan sebagai berikut. 1. Wawasan Dunia Kerja Bidang Ketenagalistrikan Menganalisis sistem tenaga listrik, aktivitas pekerjaan pada bidang teknik ketenagalistrikan dengan memperhatikan potensi dan kearifan lokal, perkembangan industri ketenagalistrikan yang mengalami transformasi menuju Revolusi Industri 4.0, digitalisasi, Internet of Things , dan peralatan-peralatan cerdas, SCADA dan HMI, profesi dan kewirausahaan ( job-profile dan technopreneurship ), serta peluang usaha di bidang ketenagalistrikan. 2. Kecakapan Kerja Dasar (Basic Job Skills), K3, dan Budaya Kerja Menerapkan praktik dasar yang terkait dengan proses kerja dan teknologi yang diaplikasikan dalam bidang ketenagalistrikan berprinsip pada K3 dan budaya kerja. 3. Teori dasar listrik dan elektronika Menganalisis besaran-besaran listrik dan komponen elektronika dalam rangkaian listrik dasar arus searah dan bolak balik, serta dasar teknik digital.",,,,,,,,,CP-000,"Capaian Pembelajaran (master), id 119",,,https://kurikulum.kemendikdasmen.go.id/service/download.php?kategori=rujukan&id=119,,,extracted_machine,OFFICIAL_PUBLIC_ACCESS,medium,machine-extracted phase-level CP; element tables pending
CPM-DASAR-DASAR-TEKNIK-ENERGI-E,ID,Kurikulum Nasional,2026,2026/2027,SMA,E,10,Dasar-Dasar Teknik Energi,,,,CP-DASAR-DASAR-TEKNIK-ENERGI-E,"Pada akhir fase E, murid memiliki kemampuan sebagai berikut. 1. Wawasan Dunia Kerja di Bidang Teknik Energi Terbarukan Menganalisis segala aktivitas produksi yang dilakukan dalam bidang energi terbarukan, berbagai isu-isu dan perkembangan teknologi dalam dunia energi terbarukan, serta profesi dan kewirausahaan yang dapat dikembangkan dalam dunia energi terbarukan. 2. Kecakapan Kerja Dasar (basic job skills) Teknik Energi Terbarukan Menerapkan pekerjaan dasar pada energi terbarukan melalui pengenalan dan praktik dasar yang terkait dengan seluruh proses produksi dan teknologi yang diaplikasikan dalam energi terbarukan; pengenalan teknologi yang diaplikasikan untuk pembangkit listrik tenaga air, tenaga bayu, tenaga surya, biomassa; dan menerapkan K3LH dan budaya kerja di industri dalam bidang teknologi energi terbarukan. 3. Gambar Teknik Menggambar teknik dasar dengan pengenalan macam-macam peralatan gambar, standarisasi dalam pembuatan gambar; dan menganalisis gambar yang",,,,,,,,,CP-000,"Capaian Pembelajaran (master), id 119",,,https://kurikulum.kemendikdasmen.go.id/service/download.php?kategori=rujukan&id=119,,,extracted_machine,OFFICIAL_PUBLIC_ACCESS,medium,machine-extracted phase-level CP; element tables pending
CPM-DASAR-DASAR-TEKNIK-GEOSPASIAL-E,ID,Kurikulum Nasional,2026,2026/2027,SMA,E,10,Dasar-Dasar Teknik Geospasial,,,,CP-DASAR-DASAR-TEKNIK-GEOSPASIAL-E,"Pada akhir fase E, murid memiliki kemampuan sebagai berikut. 1. Wawasan Dunia Kerja Bidang Teknik Geospasial Menganalisis aktivitas pekerjaan bidang teknik geospasial serta perkembangan teknologi dan peralatan yang digunakan pada bidang teknik geospasial, isu-isu global terkait dengan pelestarian lingkungan, dan jenis-jenis profesi serta peluang usaha di bidang teknik geospasial termasuk kode etik surveyor dengan melaksanakan pembelajaran berbasis proyek nyata. 2. Kecakapan Kerja Dasar (Basic Job Skills), K3LH, dan Budaya Kerja Bidang Teknik Geospasial Menerapkan teknik geospasial dasar, K3LH dan budaya kerja, gambar teknik yang memiliki karakteristik geografis, dan menganalisis gambar peta yang menunjukkan posisi suatu tempat berdasarkan kenampakan sebenarnya di lapangan.",,,,,,,,,CP-000,"Capaian Pembelajaran (master), id 119",,,https://kurikulum.kemendikdasmen.go.id/service/download.php?kategori=rujukan&id=119,,,extracted_machine,OFFICIAL_PUBLIC_ACCESS,medium,machine-extracted phase-level CP; element tables pending
CPM-DASAR-DASAR-TEKNIK-PERMINYAKAN-E,ID,Kurikulum Nasional,2026,2026/2027,SMA,E,10,Dasar-Dasar Teknik Perminyakan,,,,CP-DASAR-DASAR-TEKNIK-PERMINYAKAN-E,"Pada akhir fase E, murid memiliki kemampuan sebagai berikut. 1. Wawasan dunia kerja bidang Teknik Perminyakan Menganalisis aktivitas pekerjaan pada bidang teknik perminyakan (kegiatan eksplorasi, pemboran, produksi dan pengolahan minyak dan gas bumi), perkembangan teknologi proses produksi industri minyak untuk",,,,,,,,,CP-000,"Capaian Pembelajaran (master), id 119",,,https://kurikulum.kemendikdasmen.go.id/service/download.php?kategori=rujukan&id=119,,,extracted_machine,OFFICIAL_PUBLIC_ACCESS,medium,machine-extracted phase-level CP; element tables pending
CPM-DASAR-DASAR-PENGEMBANGAN-E,ID,Kurikulum Nasional,2026,2026/2027,SMA,E,10,Dasar-Dasar Pengembangan,,,,CP-DASAR-DASAR-PENGEMBANGAN-E,"Pada akhir fase E, murid memiliki kemampuan sebagai berikut. 1. Wawasan dunia kerja bidang pengembangan perangkat lunak dan gim Menganalisis langkah-langkah kerja dalam pengembangan perangkat lunak dan gim dengan metode yang menerapkan prinsip sesuai kebutuhan pelanggan; menganalisis perkembangan teknologi di bidang perangkat lunak, jaringan komputer, cloud computing , dan gim; menganalisis",,,,,,,,,CP-000,"Capaian Pembelajaran (master), id 119",,,https://kurikulum.kemendikdasmen.go.id/service/download.php?kategori=rujukan&id=119,,,extracted_machine,OFFICIAL_PUBLIC_ACCESS,medium,machine-extracted phase-level CP; element tables pending
CPM-DASAR-DASAR-TEKNIK-JARINGAN-E,ID,Kurikulum Nasional,2026,2026/2027,SMA,E,10,Dasar-Dasar Teknik Jaringan,,,,CP-DASAR-DASAR-TEKNIK-JARINGAN-E,"Pada akhir fase E, murid memiliki kemampuan sebagai berikut. 1. Wawasan dunia kerja bidang Teknik Jaringan Komputer dan Telekomunikasi",,,,,,,,,CP-000,"Capaian Pembelajaran (master), id 119",,,https://kurikulum.kemendikdasmen.go.id/service/download.php?kategori=rujukan&id=119,,,extracted_machine,OFFICIAL_PUBLIC_ACCESS,medium,machine-extracted phase-level CP; element tables pending
CPM-DASAR-DASAR-LAYANAN-KESEHATAN-E,ID,Kurikulum Nasional,2026,2026/2027,SMA,E,10,Dasar-Dasar Layanan Kesehatan,,,,CP-DASAR-DASAR-LAYANAN-KESEHATAN-E,"Pada akhir fase E, murid memiliki kemampuan sebagai berikut. 1. Wawasan dunia kerja bidang layanan kesehatan Menganalisis berbagai aktivitas pekerjaan di bidang layanan kesehatan, yang mencakup proses penerimaan klien, kebutuhan klien, perencanaan, pelaksanaan, hingga evaluasi pemberian layanan, serta pengelolaan sumber daya manusia di fasilitas kesehatan; menganalisis secara tepat dan menyeluruh peluang kerja, profesi, usaha, serta peluang pasar di bidang layanan kesehatan, sekaligus memahami konsep healthpreneur untuk membangun visi dan passion (renjana); dan menganalisis perkembangan teknologi termasuk penerapan kecerdasan artifisial seperti sistem pendukung keputusan klinis, telemedicine , dan alat monitoring kesehatan berbasis digital, fasilitas dan jenis layanan kesehatan serta perkembangan isu-isu kesehatan global, prinsip 3R ( Reduce, Reuse, Recycle ) dalam praktik pelayanan kesehatan, seperti mengelola limbah medis secara bertanggung jawab maupun situasi kontekstual, seperti penyebaran penyakit menular baru, dampak perubahan iklim terhadap kesehatan, dan ketidaksetaraan layanan kesehatan di berbagai wilayah di dunia kerja baik melalui simulasi, studi kasus, maupun praktik nyata yang mencerminkan kebutuhan dan tantangan di dunia kerja bidang kesehatan. 2. Anatomi fisiologi dan pertumbuhan perkembangan manusia Menganalisis anatomi dan fisiologi tubuh manusia dengan menyebutkan struktur utama organ-organ tubuh, memadukan fungsi serta gangguan yang mungkin terjadi dalam sistem pernapasan, sistem jantung, pembuluh darah dan limfatik, sistem pencernaan, sistem persarafan, sistem",,,,,,,,,CP-000,"Capaian Pembelajaran (master), id 119",,,https://kurikulum.kemendikdasmen.go.id/service/download.php?kategori=rujukan&id=119,,,extracted_machine,OFFICIAL_PUBLIC_ACCESS,medium,machine-extracted phase-level CP; element tables pending
CPM-DASAR-DASAR-TEKNIK-LABORATORIUM-E,ID,Kurikulum Nasional,2026,2026/2027,SMA,E,10,Dasar-Dasar Teknik Laboratorium,,,,CP-DASAR-DASAR-TEKNIK-LABORATORIUM-E,"Pada akhir fase E, murid memiliki kemampuan sebagai berikut. 1. Wawasan dunia kerja bidang layanan laboratorium medik Menerapkan sistem layanan dan tuntutan perkembangan dunia kerja termasuk etika profesi sesuai dengan peluang kerja yang ada di bidang layanan laboratorium medik.",,,,,,,,,CP-000,"Capaian Pembelajaran (master), id 119",,,https://kurikulum.kemendikdasmen.go.id/service/download.php?kategori=rujukan&id=119,,,extracted_machine,OFFICIAL_PUBLIC_ACCESS,medium,machine-extracted phase-level CP; element tables pending
CPM-DASAR-DASAR-PEKERJAAN-SOSIAL-E,ID,Kurikulum Nasional,2026,2026/2027,SMA,E,10,Dasar-Dasar Pekerjaan Sosial,,,,CP-DASAR-DASAR-PEKERJAAN-SOSIAL-E,"Pada akhir fase E, murid memiliki kemampuan sebagai berikut. 1. Wawasan Dunia Kerja Bidang Teknologi Farmasi Menerapkan aktivitas kerja di bidang farmasi, termasuk pengenalan profesi, jenis industri farmasi, serta peran teknologi dalam sistem informasi, manajemen mutu, dan pelayanan kesehatan serta menganalisis perkembangan teknologi terkini, isu global kefarmasian dan memetakan peluang karier serta potensi usaha di bidang farmasi sesuai kebutuhan dunia kerja. 2. Kecakapan Kerja Dasar (Basic Job Skills), K3, dan Budaya Kerja Menerapkan prinsip-prinsip keselamatan dan kesehatan kerja (K3LH) dalam praktik laboratorium farmasi, merawat dan menggunakan peralatan dasar dengan benar, serta memahami proses produksi obat; menganalisis jenis-jenis sediaan farmasi, melakukan penggolongan dan klasifikasi obat; menerapkan regulasi penting seperti CDOB dan CPOB; dan menganalisis tanaman obat (simplisia) beserta manfaat empirisnya berdasarkan budaya dan kearifan lokal. V.26.",,,,,,,,,CP-000,"Capaian Pembelajaran (master), id 119",,,https://kurikulum.kemendikdasmen.go.id/service/download.php?kategori=rujukan&id=119,,,extracted_machine,OFFICIAL_PUBLIC_ACCESS,medium,machine-extracted phase-level CP; element tables pending
CPM-DASAR-DASAR-AGRIBISNIS-TERNAK-E,ID,Kurikulum Nasional,2026,2026/2027,SMA,E,10,Dasar-Dasar Agribisnis Ternak,,,,CP-DASAR-DASAR-AGRIBISNIS-TERNAK-E,"Pada akhir fase E, murid memiliki kemampuan sebagai berikut. 1. Wawasan dunia kerja bidang agribisnis ternak",,,,,,,,,CP-000,"Capaian Pembelajaran (master), id 119",,,https://kurikulum.kemendikdasmen.go.id/service/download.php?kategori=rujukan&id=119,,,extracted_machine,OFFICIAL_PUBLIC_ACCESS,medium,machine-extracted phase-level CP; element tables pending
CPM-DASAR-DASAR-AGRIBISNIS-PERIKANAN-E,ID,Kurikulum Nasional,2026,2026/2027,SMA,E,10,Dasar-Dasar Agribisnis Perikanan,,,,CP-DASAR-DASAR-AGRIBISNIS-PERIKANAN-E,"Pada akhir fase E, murid memiliki kemampuan sebagai berikut. 1. Wawasan Dunia Kerja Bidang Perikanan Menganalisis berbagai jenis produk perikanan dan nilai tambah produk perikanan; mengklasifikasikan jenis usaha dan peluang usaha bidang perikanan; mengklasifikasikan jenis pasar dan peluang pasar perikanan; mengenali berbagai profesi di sektor perikanan. 2. Komoditas Perikanan dalam Ekosistem Perairan Menganalisis kaitan antara dasar-dasar ekosistem perairan dengan budi daya perikanan; mengenali morfologi dan anatomi sederhana pada komoditas perikanan dan menjelaskan keterkaitannya dengan pemeliharaan ikan.",,,,,,,,,CP-000,"Capaian Pembelajaran (master), id 119",,,https://kurikulum.kemendikdasmen.go.id/service/download.php?kategori=rujukan&id=119,,,extracted_machine,OFFICIAL_PUBLIC_ACCESS,medium,machine-extracted phase-level CP; element tables pending
CPM-DASAR-DASAR-AGRITEKNOLOGI-E,ID,Kurikulum Nasional,2026,2026/2027,SMA,E,10,Dasar-Dasar Agriteknologi,,,,CP-DASAR-DASAR-AGRITEKNOLOGI-E,"Pada akhir fase E, murid memiliki kemampuan sebagai berikut. 1. Wawasan dunia kerja bidang Agriteknologi Pengolahan Pengolahan Hasil Pertanian Menganalisis konsep, klasifikasi, dan lingkup industri pengolahan hasil pertanian (agroindustri), perencanaan, proses produksi, pemasaran dan pengelolaan sumberdaya, teknologi dan informasi serta wirausaha pengolahan hasil pertanian dan lapangan kerja, bioteknologi, nanoteknologi, otomatisasi, digitalisasi, internet of things (IoT), kecerdasan artifisial (Artificial Intelligence/AI) , pemanasan global, perubahan iklim, serta ketersediaan pangan dan pertanian. 2. Teknik dasar, penanganan, pengolahan dan pengujian mutu hasil pertanian Menerapkan teknik proses termal meliputi pendinginan, pembekuan, pengeringan, penggorengan, pengasapan,",,,,,,,,,CP-000,"Capaian Pembelajaran (master), id 119",,,https://kurikulum.kemendikdasmen.go.id/service/download.php?kategori=rujukan&id=119,,,extracted_machine,OFFICIAL_PUBLIC_ACCESS,medium,machine-extracted phase-level CP; element tables pending
CPM-DASAR-DASAR-KEHUTANAN-E,ID,Kurikulum Nasional,2026,2026/2027,SMA,E,10,Dasar-Dasar Kehutanan,,,,CP-DASAR-DASAR-KEHUTANAN-E,"Pada akhir fase E, murid memiliki kemampuan sebagai berikut. 1. Kecakapan Kerja Dasar Bidang Kehutanan Menganalisis isu-isu global di bidang kehutanan dan pengenalan hutan serta menerapkan dasar-dasar pembinaan hutan, pengukuran hutan sederhana, dasar-dasar penggunaan GPS di bidang kehutanan, pengukuran pohon, dasar-dasar identifikasi tumbuhan (dendrologi), perlindungan hutan, dan komunikasi efektif yang dipadukan dengan penerapan teknologi dan prinsip K3LH. 2. Wawasan Dunia Kerja dan Wirausaha Bidang Kehutanan",,,,,,,,,CP-000,"Capaian Pembelajaran (master), id 119",,,https://kurikulum.kemendikdasmen.go.id/service/download.php?kategori=rujukan&id=119,,,extracted_machine,OFFICIAL_PUBLIC_ACCESS,medium,machine-extracted phase-level CP; element tables pending
CPM-DASAR-DASAR-TEKNIKA-KAPAL-E,ID,Kurikulum Nasional,2026,2026/2027,SMA,E,10,Dasar-Dasar Teknika Kapal,,,,CP-DASAR-DASAR-TEKNIKA-KAPAL-E,"Pada akhir fase E, murid memiliki kemampuan sebagai berikut. 1. Wawasan Dunia Kerja Bidang Teknika Kapal Penangkap Ikan Menganalisis rangkaian aktivitas dan tugas pada bidang teknika kapal penangkapan ikan sebagai bagian integral dari penangkapan ikan meliputi kesehatan dan keselamatan kerja awak kapal penangkap ikan (K3LH), organisasi dan manajemen awak kapal. 2. Prosedur Darurat Menganalisis penanganan keadaan darurat pada awak kapal penangkap ikan, penanganan darurat pada kapal penangkap ikan. 3. Tata Laksana Perikanan Yang Bertanggung Jawab atau Code of Conduct for Responsible Fisheries (CCRF) dan Hukum Maritim dan Perikanan Menganalisis prinsip umum Code of Conduct for Responsible Fisheries (CCRF), Illegal, Unreported, and Unregulated (IUU) Fishing ; dan menerapkan persyaratan hukum maritim internasional sesuai dengan perjanjian dan konvensi internasional, mencegah pencemaran laut, menerapkan hukum, peraturan, dan perjanjian nasional lainnya yang relevan (perikanan). 4. Konstruksi dan Stabilitas Kapal Penangkap Ikan Menganalisis fungsi bagian-bagian utama dan konstruksi kapal penangkap ikan serta menerapkan cara mempertahankan stabilitas kapal, dan cara pengaturan muatan ikan hasil tangkap. 5. Penanganan dan Penyimpanan Ikan Hasil Tangkap Menerapkan cara menyimpan dan mengamankan hasil tangkapan dan alat tangkap di kapal, prosedur operasi muat dan bongkar hasil tangkapan, identifikasi pengaruh",,,,,,,,,CP-000,"Capaian Pembelajaran (master), id 119",,,https://kurikulum.kemendikdasmen.go.id/service/download.php?kategori=rujukan&id=119,,,extracted_machine,OFFICIAL_PUBLIC_ACCESS,medium,machine-extracted phase-level CP; element tables pending
CPM-DASAR-DASAR-NAUTIKA-KAPAL-E,ID,Kurikulum Nasional,2026,2026/2027,SMA,E,10,Dasar-Dasar Nautika Kapal,,,,CP-DASAR-DASAR-NAUTIKA-KAPAL-E,"Pada akhir fase E, murid memiliki kemampuan sebagai berikut. 1. Wawasan dunia kerja di bidang nautika kapal penangkap ikan",,,,,,,,,CP-000,"Capaian Pembelajaran (master), id 119",,,https://kurikulum.kemendikdasmen.go.id/service/download.php?kategori=rujukan&id=119,,,extracted_machine,OFFICIAL_PUBLIC_ACCESS,medium,machine-extracted phase-level CP; element tables pending
CPM-DASAR-DASAR-TEKNIKA-KAPAL-NIAGA-E,ID,Kurikulum Nasional,2026,2026/2027,SMA,E,10,Dasar-Dasar Teknika Kapal Niaga,,,,CP-DASAR-DASAR-TEKNIKA-KAPAL-NIAGA-E,"Pada akhir fase E, murid memiliki kemampuan sebagai berikut. 1. Wawasan dunia kerja di bidang teknika kapal niaga Menganalisis aktivitas pekerjaan pada bidang teknika kapal niaga, antara lain Lembaga yang terkait dengan pelayaran kapal niaga dan Isu-isu teknologi di bidang teknika kapal niaga . 2. Prosedur darurat dan SAR (Emergency Procedures and SAR) Menerapkan prosedur keselamatan dan keadaan darurat, seperti kesehatan dan keselamatan pelayaran awak kapal, respon terhadap situasi darurat, penggunaan isyarat bahaya, pengorganisasian tindakan dalam keadaan darurat, identifikasi lintas penyelamatan diri, serta melakukan SAR. 3. Undang-undang Pelayaran dan Konvensi Internasional (Basic Knowledge of IMO Convention) Menerapkan undang–undang pelayaran serta menjamin keselamatan pelayaran sebagaimana dituangkan dalam SOLAS 1974 yang mengatur tentang persyaratan konstruksi keselamatan kapal, keselamatan manusia, dan barang-barang yang diangkut. 4. Kepedulian lingkungan dan pencegahan polusi (Environment Awareness and Pollution of Prevention)",,,,,,,,,CP-000,"Capaian Pembelajaran (master), id 119",,,https://kurikulum.kemendikdasmen.go.id/service/download.php?kategori=rujukan&id=119,,,extracted_machine,OFFICIAL_PUBLIC_ACCESS,medium,machine-extracted phase-level CP; element tables pending
CPM-DASAR-DASAR-NAUTIKA-KAPAL-NIAGA-E,ID,Kurikulum Nasional,2026,2026/2027,SMA,E,10,Dasar-Dasar Nautika Kapal Niaga,,,,CP-DASAR-DASAR-NAUTIKA-KAPAL-NIAGA-E,"Pada akhir fase E, murid memiliki kemampuan sebagai berikut. 1. Wawasan dunia kerja bidang Nautika Kapal Niaga Menganalisis aktivitas pekerjaan pada bidang nautika kapal niaga dan pengetahuan tentang lembaga yang terkait",,,,,,,,,CP-000,"Capaian Pembelajaran (master), id 119",,,https://kurikulum.kemendikdasmen.go.id/service/download.php?kategori=rujukan&id=119,,,extracted_machine,OFFICIAL_PUBLIC_ACCESS,medium,machine-extracted phase-level CP; element tables pending
CPM-DASAR-DASAR-PEMASARAN-E,ID,Kurikulum Nasional,2026,2026/2027,SMA,E,10,Dasar-Dasar Pemasaran,,,,CP-DASAR-DASAR-PEMASARAN-E,"Pada akhir fase E, murid memiliki kemampuan sebagai berikut. 1. Wawasan dunia kerja bidang pemasaran di berbagai industri Menganalisis proses bisnis dalam bidang pemasaran secara menyeluruh pada berbagai jenis industri dan usaha, perkembangan pemasaran mulai dari konvensional sampai dengan penerapan teknologi modern, industri 4.0, Internet of Things (IoT), teknologi digital dalam pemasaran, isu-isu perkembangan yang muncul dan hilang ke depan terkait dengan dunia pemasaran, seperti digital marketing, e-commerce, marketplace, media sosial, dan sejenisnya, profil pekerjaan/profesi ( job profile ) dalam bidang pemasaran di masa sekarang dan dimasa mendatang, seperti kasir, pramuniaga, sales executive, merchandiser, digital marketer, public relation, dan sejenisnya, serta peluang usaha di bidang pemasaran, seperti dropshipping, drop servicing, affiliate marketing, marketing agency, content creator , dan sejenisnya, serta mampu menentukan karir di bidang yang sesuai dengan bakat, minat, dan renjana ( passion ). 2. Kecakapan kerja dasar (basic job skills), K3, dan budaya kerja Menerapkan prosedur kesehatan, keselamatan dan keamanan di tempat kerja, penanganan dan antisipasi keadaan darurat, serta mempertahankan standar penampilan pribadi, dan budaya kerja; menganalisis masalah-masalah ekonomi, model ekonomi, pelaku ekonomi, perilaku konsumen dan produsen dalam kegiatan ekonomi, menerapkan ilmu ekonomi dalam kegiatan usaha, memahami administrasi umum serta fungsi-fungsi manajemen, faktor-faktor yang mempengaruhi perilaku konsumen dalam keputusan pembelian barang dan jasa, mengidentifikasi sinyal-sinyal calon pelanggan, menentukan bahasa pemasaran yang tepat serta membuat buyer persona, agar dapat mewujudkan kepuasan pelanggan; dan menerapkan pelayanan prima saat",,,,,,,,,CP-000,"Capaian Pembelajaran (master), id 119",,,https://kurikulum.kemendikdasmen.go.id/service/download.php?kategori=rujukan&id=119,,,extracted_machine,OFFICIAL_PUBLIC_ACCESS,medium,machine-extracted phase-level CP; element tables pending
CPM-DASAR-DASAR-MANAJEMEN-E,ID,Kurikulum Nasional,2026,2026/2027,SMA,E,10,Dasar-Dasar Manajemen,,,,CP-DASAR-DASAR-MANAJEMEN-E,"Pada akhir fase E, murid memiliki kemampuan sebagai berikut. 1. Wawasan dunia kerja bidang manajemen perkantoran dan layanan bisnis Menganalisis aktivitas pekerjaan pada bidang manajemen perkantoran dan layanan bisnis, fungsi manajemen, rantai pasok ( supply chain ), perkembangan manajemen perkantoran modern, otomatisasi perkantoran, profil pekerjaan/profesi ( job-profile ) di masa sekarang dan di masa mendatang, peluang usaha di bidang manajemen perkantoran dan layanan bisnis, dasar ilmu ekonomi, dasar-dasar pemasaran, dan e-commerce . 2. Kecakapan kerja dasar (basic job skills), K3, dan budaya kerja Menerapkan layanan pelanggan ( customer service ), prosedur dan instruksi kerja, K3/K3LH, budaya kerja,",,,,,,,,,CP-000,"Capaian Pembelajaran (master), id 119",,,https://kurikulum.kemendikdasmen.go.id/service/download.php?kategori=rujukan&id=119,,,extracted_machine,OFFICIAL_PUBLIC_ACCESS,medium,machine-extracted phase-level CP; element tables pending
CPM-DASAR-DASAR-AKUNTANSI-DAN-E,ID,Kurikulum Nasional,2026,2026/2027,SMA,E,10,Dasar-Dasar Akuntansi dan,,,,CP-DASAR-DASAR-AKUNTANSI-DAN-E,"Pada akhir fase E, murid memiliki kemampuan sebagai berikut. 1. Wawasan dunia kerja bidang akuntansi dan keuangan lembaga Menganalisis jenis-jenis perusahaan dalam akuntansi, siklus akuntansi, perkembangan teknologi akuntansi, permasalahan ekonomi, penerapan ilmu ekonomi dalam kegiatan usaha, administrasi dalam akuntansi dan",,,,,,,,,CP-000,"Capaian Pembelajaran (master), id 119",,,https://kurikulum.kemendikdasmen.go.id/service/download.php?kategori=rujukan&id=119,,,extracted_machine,OFFICIAL_PUBLIC_ACCESS,medium,machine-extracted phase-level CP; element tables pending
CPM-DASAR-DASAR-USAHA-LAYANAN-WISATA-E,ID,Kurikulum Nasional,2026,2026/2027,SMA,E,10,Dasar-Dasar Usaha Layanan Wisata,,,,CP-DASAR-DASAR-USAHA-LAYANAN-WISATA-E,"Pada akhir fase E, murid memiliki kemampuan sebagai berikut. 1. Wawasan dunia kerja bidang usaha layanan pariwisata. Menganalisis ruang lingkup industri pariwisata, industri pariwisata sebagai bisnis, program pengembangan pariwisata digital, profesi bidang pariwisata, dan kewirausahaan bidang pariwisata, serta menerapkan alat bantu bisnis umum. 2. Kecakapan dasar (basic job skills), K3 (Keselamatan Kesehatan dan Keamanan) dan budaya kerja. Menerapkan komunikasi di tempat kerja, penyediaan bantuan kepada wisatawan, pemeliharaan standar kinerja pribadi, mengikuti prosedur sederhana bekerja dalam satu tim, komunikasi dengan wisatawan dan kolega dari berbagai latar belakang, penanganan kesalahpahaman antarbudaya, prosedur kesehatan, keselamatan dan",,,,,,,,,CP-000,"Capaian Pembelajaran (master), id 119",,,https://kurikulum.kemendikdasmen.go.id/service/download.php?kategori=rujukan&id=119,,,extracted_machine,OFFICIAL_PUBLIC_ACCESS,medium,machine-extracted phase-level CP; element tables pending
CPM-DASAR-DASAR-KULINER-E,ID,Kurikulum Nasional,2026,2026/2027,SMA,E,10,Dasar-Dasar Kuliner,,,,CP-DASAR-DASAR-KULINER-E,"Pada akhir fase E, murid memiliki kemampuan sebagai berikut. 1. Wawasan dunia kerja bidang perhotelan Menganalisis aktivitas pekerjaan pada industri perhotelan, jenis fasilitas dan layanan di hotel, perkembangan penerapan teknologi, serta isu-isu global terkait dunia pariwisata dan perhotelan. 2. Kecakapan kerja dasar (basic job skills), K3, dan budaya kerja Menerapkan prosedur kesehatan, keselamatan dan keamanan di tempat kerja, serta dasar-dasar pelayanan prima pada industri perhotelan. V.42.",,,,,,,,,CP-000,"Capaian Pembelajaran (master), id 119",,,https://kurikulum.kemendikdasmen.go.id/service/download.php?kategori=rujukan&id=119,,,extracted_machine,OFFICIAL_PUBLIC_ACCESS,medium,machine-extracted phase-level CP; element tables pending
CPM-DASAR-DASAR-KECANTIKAN-DAN-SPA-E,ID,Kurikulum Nasional,2026,2026/2027,SMA,E,10,Dasar-Dasar Kecantikan dan Spa,,,,CP-DASAR-DASAR-KECANTIKAN-DAN-SPA-E,"Pada akhir fase E, murid memiliki kemampuan sebagai berikut. 1. Wawasan dunia kerja bidang kuliner Menganalisis ruang lingkup bisnis industri kuliner, perkembangan dunia kuliner dan pemanfaatan teknologi dalam industri kuliner, profesi atau okupasi dunia kerja dan peluang berwirausaha di bidang kuliner. 2. Kecakapan kerja dasar (basic job skills), K3, dan budaya kerja bidang kuliner Menerapkan dasar pelayanan prima melalui komunikasi verbal dan nonverbal dan bekerja sama dengan kolega dan pelanggan dalam lingkungan sosial yang berbeda; menerapkan keamanan pangan dan kebersihan, kesehatan, keselamatan kerja serta kelestarian lingkungan (Cleanliness Health Safety Environmental Sustainability) dengan pengelolaan limbah di bidang kuliner; merancang kebutuhan peralatan dapur (kitchen equipment dan kitchen utensils) dan bahan makanan serta mendeskripsikan kandungan gizinya; menganalisis menu; serta menerapkan persiapan dasar pengolahan (basic cooking preparation) dan metode dasar memasak (basic cooking method) . V.43.",,,,,,,,,CP-000,"Capaian Pembelajaran (master), id 119",,,https://kurikulum.kemendikdasmen.go.id/service/download.php?kategori=rujukan&id=119,,,extracted_machine,OFFICIAL_PUBLIC_ACCESS,medium,machine-extracted phase-level CP; element tables pending
CPM-DASAR-DASAR-SENI-RUPA-E,ID,Kurikulum Nasional,2026,2026/2027,SMA,E,10,Dasar-Dasar Seni Rupa,,,,CP-DASAR-DASAR-SENI-RUPA-E,"Pada akhir fase E, murid memiliki kemampuan sebagai berikut. 1. Wawasan dunia kerja bidang Kecantikan dan Spa Memahami wawasan profil dan karakteristik industri kecantikan dan spa; dan menganalisis perkembangan penerapan teknologi, isu-isu global terkait dunia kecantikan dan spa, serta wirausaha bidang kecantikan dan spa yang profesional. 2. Kecakapan kerja dasar (basic job skills), K3, dan budaya Menerapkan dasar penerapan pelayanan prima ( excellent service ) pada industri kecantikan dan spa, sanitasi hygiene , kesehatan, keselamatan kerja, dan budaya mutu, konsep dasar spa, serta praktik dasar kecantikan kulit dan rambut. 3. Anatomi dan Fisiologi Kecantikan Menganalisis anatomi dan fisiologi kecantikan dan menerapkan pengetahuan anatomi dan fisiologi untuk perawatan kecantikan dan spa. V.44.",,,,,,,,,CP-000,"Capaian Pembelajaran (master), id 119",,,https://kurikulum.kemendikdasmen.go.id/service/download.php?kategori=rujukan&id=119,,,extracted_machine,OFFICIAL_PUBLIC_ACCESS,medium,machine-extracted phase-level CP; element tables pending
CPM-DASAR-DASAR-DESAIN-KOMUNIKASI-E,ID,Kurikulum Nasional,2026,2026/2027,SMA,E,10,Dasar-Dasar Desain Komunikasi,,,,CP-DASAR-DASAR-DESAIN-KOMUNIKASI-E,"Pada akhir fase E, murid memiliki kemampuan sebagai berikut. 1. Wawasan dunia kerja bidang desain komunikasi visual dan grafika Menganalisis peran pekerjaan/profesi bidang DKV dan grafika dalam ekonomi kreatif Indonesia, perkembangan teknologi DKV dan grafika serta Life Cycle produk industri, reuse , recycling , pengenalan unsur desain, prinsip desain, prinsip komunikasi dan design thinking . 2. Kecakapan kerja dasar (basic job skill), K3LH, dan budaya kerja Menerapkan aspek ketenagakerjaan, Kesehatan Keselamatan Kerja dan Lingkungan Hidup (K3LH), budaya kerja mandiri, pola pikir kreatif dan berpikir kritis, teknik dasar, dan pengoperasian mesin cetak. 3. Tipografi, Sketsa dan Ilustrasi",,,,,,,,,CP-000,"Capaian Pembelajaran (master), id 119",,,https://kurikulum.kemendikdasmen.go.id/service/download.php?kategori=rujukan&id=119,,,extracted_machine,OFFICIAL_PUBLIC_ACCESS,medium,machine-extracted phase-level CP; element tables pending
CPM-DASAR-DASAR-DESAIN-DAN-PRODUKSI-E,ID,Kurikulum Nasional,2026,2026/2027,SMA,E,10,Dasar-Dasar Desain dan Produksi,,,,CP-DASAR-DASAR-DESAIN-DAN-PRODUKSI-E,"Pada akhir fase E, murid memiliki kemampuan sebagai berikut. 1. Wawasan Dunia Kerja Bidang Desain dan Produksi Karya Menganalisis pengelolaan aktivitas pekerjaan di industri kreatif bidang desain dan produksi kriya, wawasan seni kriya kuno dan masa kini, perkembangan proses produksi industri desain dan produksi kriya yang masih konvensional sampai dengan penggunaan alat/mesin dengan teknologi modern, penggunaan aplikasi gambar digital, aplikasi marketplace berbasis online, t eknologi",,,,,,,,,CP-000,"Capaian Pembelajaran (master), id 119",,,https://kurikulum.kemendikdasmen.go.id/service/download.php?kategori=rujukan&id=119,,,extracted_machine,OFFICIAL_PUBLIC_ACCESS,medium,machine-extracted phase-level CP; element tables pending
CPM-DASAR-DASAR-SENI-PERTUNJUKAN-E,ID,Kurikulum Nasional,2026,2026/2027,SMA,E,10,Dasar-Dasar Seni Pertunjukan,,,,CP-DASAR-DASAR-SENI-PERTUNJUKAN-E,"Pada akhir fase E, murid memiliki kemampuan sebagai berikut. 1. Wawasan Budaya Kerja Bidang Seni Pertunjukan Menganalisis lingkup pekerjaan, profesi, peluang usaha, ekonomi kreatif, proses bisnis di industri atau bidang kerja seni pertunjukan, dan perkembangan teknologi maupun isu global yang berpengaruh terhadap bidang seni pertunjukan. 2. Perkembangan Teknologi di Industri dan Dunia Kerja serta Isu-isu Global dalam Seni Pertunjukan Menganalisis perkembangan teknologi dan isu-isu global dalam seni pertunjukan yang terdapat di lingkungan masyarakat sekitar; dan menerapkan teknologi digital dan aplikasi pendukung dalam proses berkarya seni. 3. Konsep Seni Pertunjukan",,,,,,,,,CP-000,"Capaian Pembelajaran (master), id 119",,,https://kurikulum.kemendikdasmen.go.id/service/download.php?kategori=rujukan&id=119,,,extracted_machine,OFFICIAL_PUBLIC_ACCESS,medium,machine-extracted phase-level CP; element tables pending
CPM-DASAR-DASAR-BROADCASTING-DAN-E,ID,Kurikulum Nasional,2026,2026/2027,SMA,E,10,Dasar-Dasar Broadcasting dan,,,,CP-DASAR-DASAR-BROADCASTING-DAN-E,"Pada akhir fase E, murid memiliki kemampuan sebagai berikut. 1. Dunia kerja, profesi, dan bisnis di bidang Broadcasting dan Perfilman Menganalisis dunia kerja, profesi, bidang kerja serta level pekerjaan, kecakapan kerja dasar ( basic job skills ), budaya kerja, K3, technopreneur, peluang usaha, Prosedur Operasional Standar (POS) serta potensi budaya dan kearifan lokal sebagai ide produksi industri radio, pertelevisian, dan perfilman. 2. Perkembangan media, teknologi, dan industri serta regulasi di bidang Broadcasting dan Perfilman Menganalisis perkembangan proses produksi industri broadcasting dari media analog sampai dengan media digital, jenis media digital (FTA dan OTT, podcast, live streaming, live casting, streaming tv, web series dan video on demand) , jenis media digital, Undang-undang Informasi dan Transaksi Elektronik dan Kecerdasan Buatan ( Artificial Intelligence) , isu pemanasan global, perubahan iklim, aspek-aspek ketenagakerjaan, dan life cycle produk industri sampai dengan reuse dan recycling . 3. Teknik dasar pengoperasian peralatan audio visual pada industri Broadcasting dan Perfilman Menganalisis jenis dan fungsi peralatan/teknologi peralatan audio dan video, serta menerapkannya pada fotografi dasar, tata kamera dasar, tata artistik dasar, dan tata suara dasar serta dasar editing audio dan video. 4. Teknik dasar proses produksi pada industri Broadcasting dan Perfilman serta media baru (new media) secara kreatif dan inovatif",,,,,,,,,CP-000,"Capaian Pembelajaran (master), id 119",,,https://kurikulum.kemendikdasmen.go.id/service/download.php?kategori=rujukan&id=119,,,extracted_machine,OFFICIAL_PUBLIC_ACCESS,medium,machine-extracted phase-level CP; element tables pending
CPM-DASAR-DASAR-ANIMASI-E,ID,Kurikulum Nasional,2026,2026/2027,SMA,E,10,Dasar-Dasar Animasi,,,,CP-DASAR-DASAR-ANIMASI-E,"Pada akhir fase E, murid memiliki kemampuan sebagai berikut. 1. Wawasan Dunia Kerja di Bidang Animasi Menganalisis proses bisnis industri animasi melalui integrasi pola pikir kreatif, pengelolaan SDM berbasis potensi lokal, dan pemanfaatan teknologi dalam ekosistem animasi. Selanjutnya, murid mampu mengevaluasi perkembangan teknologi produksi, mulai dari teknik",,,,,,,,,CP-000,"Capaian Pembelajaran (master), id 119",,,https://kurikulum.kemendikdasmen.go.id/service/download.php?kategori=rujukan&id=119,,,extracted_machine,OFFICIAL_PUBLIC_ACCESS,medium,machine-extracted phase-level CP; element tables pending
CPM-DASAR-DASAR-BUSANA-E,ID,Kurikulum Nasional,2026,2026/2027,SMA,E,10,Dasar-Dasar Busana,,,,CP-DASAR-DASAR-BUSANA-E,"Pada akhir fase E, murid memiliki kemampuan sebagai berikut. 1. Wawasan dunia kerja bidang industri busana (fesyen) Menganalisis ekosistem industri mode dan perkembangan terkini dalam dunia fashion ; menganalisis peluang pasar serta profesi kewirausahaan di bidang busana (fesyen), aspek ketenagakerjaan, perkembangan proses produksi pada industri busana (fesyen) mulai dari konvensional hingga penggunaan alat/mesin dengan teknologi modern; menerapkan proses produksi busana baik secara massal maupun custom made ; menerapkan perawatan peralatan; menerapkan Product Life Cycle ; menganalisis berbagai model bisnis di industri fashion; menerapkan teknologi digital untuk mendukung inovasi; menerapkan isu keberlanjutan sustainable fashion yang meliputi aspek lingkungan, aspek sosial dan aspek ekonomi; dan memberikan solusi atas dampak pemanasan global di sektor fesyen. 2. Kecakapan kerja dasar (basic job skills, K3 dan budaya kerja) Menerapkan etika kerja dan keselamatan kerja (K3) serta budaya kerja 5R yang mencakup kepribadian dan sikap dalam bekerja dibidang busana; menerapkan dasar-dasar ilustrasi anatomi tubuh, pengetahuan warna, unsur dan prinsip desain, style dan look ( six basic style ) serta mampu mengeksplorasi gaya dan selera sesuai dengan perkembangan mode dan tren, sumber ide, kolase dan",,,,,,,,,CP-000,"Capaian Pembelajaran (master), id 119",,,https://kurikulum.kemendikdasmen.go.id/service/download.php?kategori=rujukan&id=119,,,extracted_machine,OFFICIAL_PUBLIC_ACCESS,medium,machine-extracted phase-level CP; element tables pending
CPM-TEKNIK-PERAWATAN-GEDUNG-F,ID,Kurikulum Nasional,2026,2026/2027,SMA,F,11-12,Teknik Perawatan Gedung,,,,CP-TEKNIK-PERAWATAN-GEDUNG-F,"Pada akhir fase F, murid memiliki kemampuan sebagai berikut. 1. Pelaksanaan dan pengawasan pekerjaan perawatan gedung Menerapkan penilaian tingkat kerusakan bangunan, pembuatan gambar rencana kerja, pelaksanaan dan pengawasan pekerjaan perawatan gedung, perawatan dan perbaikan konstruksi gedung yang tergolong rehabilitasi, renovasi dan restorasi, serta penyusunan laporan kemajuan pekerjaan perawatan gedung. 2. Sistem utilitas bangunan gedung Menerapkan pekerjaan sistem instalasi pipa air bersih, air panas, dan air kotor/buangan, pemasangan alat saniter, serta pekerjaan elektrikal instalasi listrik pada bangunan gedung sesuai teknik dan prinsip pemasangan. 3. Perawatan dan perbaikan pekerjaan utilitas bangunan gedung Menerapkan prosedur perawatan dan perbaikan instalasi",,,,,,,,,CP-000,"Capaian Pembelajaran (master), id 119",,,https://kurikulum.kemendikdasmen.go.id/service/download.php?kategori=rujukan&id=119,,,extracted_machine,OFFICIAL_PUBLIC_ACCESS,medium,machine-extracted phase-level CP; element tables pending
CPM-KONSTRUKSI-JALAN-DAN-JEMBATAN-F,ID,Kurikulum Nasional,2026,2026/2027,SMA,F,11-12,Konstruksi Jalan dan Jembatan,,,,CP-KONSTRUKSI-JALAN-DAN-JEMBATAN-F,"Pada akhir fase F, murid memiliki kemampuan sebagai berikut. 1. Pengukuran dan Survei Pemetaan (PSP) Menerapkan pekerjaan pengukuran dan survei pemetaan mulai dari persiapan, pengukuran situasi, perhitungan data dan penyajian gambar serta penyusunan laporan pada pekerjaan jalan/ irigasi/jembatan. 2. Mekanika Teknik Konstruksi Jalan, Irigasi dan Jembatan (MT KJIJ) Mengevaluasi keandalan struktur dari faktor pembebanan dan dimensi konstruksi sesuai karakteristik materialnya. 3. Pelaksanaan, Pengawasan dan Pemeliharaan Konstruksi Jalan (P3K Jalan) Menerapkan dan menyusun laporan pelaksanaan, pengawasan, dan pemeliharaan pada pekerjaan jalan. 4. Pelaksanaan, Pengawasan dan Pemeliharaan Konstruksi Irigasi (P3K Irigasi) Menerapkan dan menyusun laporan pelaksanaan, pengawasan, dan pemeliharaan pada pekerjaan irigasi. 5. Pelaksanaan, Pengawasan dan Pemeliharaan Konstruksi Jembatan (P3K Jembatan) Menerapkan dan menyusun laporan pelaksanaan, pengawasan, dan pemeliharaan pada pekerjaan jembatan. 6. Estimasi Biaya Pekerjaan Konstruksi Jalan, Irigasi dan Jembatan (EBP KJIJ) Menghitung volume dan menyusun, HSP, BoQ, NWP, TS dengan kurva S, serta pelaporan anggaran biaya pada pekerjaan konstruksi jalan/irigasi/jembatan. VI.3.",,,,,,,,,CP-000,"Capaian Pembelajaran (master), id 119",,,https://kurikulum.kemendikdasmen.go.id/service/download.php?kategori=rujukan&id=119,,,extracted_machine,OFFICIAL_PUBLIC_ACCESS,medium,machine-extracted phase-level CP; element tables pending
CPM-KONSTRUKSI-GEDUNG-DAN-SANITASI-F,ID,Kurikulum Nasional,2026,2026/2027,SMA,F,11-12,Konstruksi Gedung dan Sanitasi,,,,CP-KONSTRUKSI-GEDUNG-DAN-SANITASI-F,"Pada akhir fase F, murid memiliki kemampuan sebagai berikut. 1. Perencanaan konstruksi dan perumahan Menerapkan perencanaan konstruksi dan perumahan. 2. Pelaksanaan pekerjaan konstruksi perumahan Menerapkan dan mengatur pelaksanaan pekerjaan konstruksi dan perumahan sesuai prosedur K3LH dan budaya kerja industri. 3. Pengawasan pekerjaan konstruksi perumahan Menerapkan pekerjaan pengawasan terhadap semua pekerjaan konstruksi perumahan. 4. Estimasi biaya konstruksi dan perumahan Menerapkan dan menganalisis estimasi biaya pekerjaan konstruksi dan perumahan serta menjelaskan administrasi pekerjaan konstruksi. VI.5.",,,,,,,,,CP-000,"Capaian Pembelajaran (master), id 119",,,https://kurikulum.kemendikdasmen.go.id/service/download.php?kategori=rujukan&id=119,,,extracted_machine,OFFICIAL_PUBLIC_ACCESS,medium,machine-extracted phase-level CP; element tables pending
CPM-DESAIN-PEMODELAN-DAN-INFORMASI-F,ID,Kurikulum Nasional,2026,2026/2027,SMA,F,11-12,Desain Pemodelan dan Informasi,,,,CP-DESAIN-PEMODELAN-DAN-INFORMASI-F,"Pada akhir fase F, murid memiliki kemampuan sebagai berikut. 1. Konstruksi bangunan gedung Menerapkan perencanaan, pelaksanaan, dan pengawasan konstruksi bangunan gedung. 2. Sistem utilitas bangunan gedung Menerapkan perencanaan, pelaksanaan, dan pengawasan pada pekerjaan sistem utilitas bangunan gedung. 3. Perawatan gedung Menerapkan perawatan dan perbaikan pada lingkup konstruksi bangunan gedung. 4. Estimasi biaya pekerjaan Menyusun perhitungan rencana anggaran biaya (RAB) pekerjaan beserta laporannya. VI.6.",,,,,,,,,CP-000,"Capaian Pembelajaran (master), id 119",,,https://kurikulum.kemendikdasmen.go.id/service/download.php?kategori=rujukan&id=119,,,extracted_machine,OFFICIAL_PUBLIC_ACCESS,medium,machine-extracted phase-level CP; element tables pending
CPM-DESAIN-INTERIOR-DAN-TEKNIK-F,ID,Kurikulum Nasional,2026,2026/2027,SMA,F,11-12,Desain Interior dan Teknik,,,,CP-DESAIN-INTERIOR-DAN-TEKNIK-F,"Pada akhir fase F, murid memiliki kemampuan sebagai berikut. 1. Desain Pemodelan Bangunan Membuat gambar 2D dan 3D struktur, arsitektur, interior dan eksterior gedung, serta pembuatan visualisasi animasi desain yang informatif (perencanaan, teknik pemodelan, gambar rumah sederhana dan bertingkat) dengan menggunakan teknologi BIM. 2. Desain Pemodelan Jalan dan Jembatan Membuat gambar 2D dan 3D konstruksi jalan dan jembatan, serta pembuatan visualisasi animasi desain yang informatif dengan menggunakan teknologi BIM. 3. Gambar Konstruksi Utilitas Gedung dan Sistem Plumbing Membuat gambar 2D dan 3D konstruksi utilitas gedung (instalasi air bersih, air kotor, saniter, instalasi listrik, dan instalasi sistem kebakaran) dengan menggunakan teknologi BIM. 4. Rencana Biaya dan Penjadwalan Konstruksi Bangunan Menghitung dan menyusun estimasi biaya ( real cost estimate ) dalam perencanaan bangunan dengan teknologi BIM. VI.7.",,,,,,,,,CP-000,"Capaian Pembelajaran (master), id 119",,,https://kurikulum.kemendikdasmen.go.id/service/download.php?kategori=rujukan&id=119,,,extracted_machine,OFFICIAL_PUBLIC_ACCESS,medium,machine-extracted phase-level CP; element tables pending
CPM-TEKNIK-PEMESINAN-F,ID,Kurikulum Nasional,2026,2026/2027,SMA,F,11-12,Teknik Pemesinan,,,,CP-TEKNIK-PEMESINAN-F,"Pada akhir fase F, murid memiliki kemampuan sebagai berikut. 1. Gambar teknik manufaktur Menerapkan perancangan gambar sederhana, gambar detail, dan gambar rakitan yang kompleks sesuai aturan gambar dan tanda pengerjaan menggunakan teknologi CAD. 2. Teknik pemesinan bubut Menerapkan pembubutan untuk jenis pekerjaan tertentu, pembubutan eksentrik, pembubutan profil, pembubutan benda dengan alat bantu, dan pembubutan benda rakitan yang kompleks. 3. Teknik pemesinan frais Menerapkan pengaturan mesin dan benda kerja sesuai tingkat kepresisian yang dibutuhkan, pengefraisan untuk pekerjaan tertentu, pengefraisan dengan alat bantu, pengefraisan benda sederhana, dan pengefraisan benda rakitan yang kompleks. 4. Teknik pemesinan gerinda",,,,,,,,,CP-000,"Capaian Pembelajaran (master), id 119",,,https://kurikulum.kemendikdasmen.go.id/service/download.php?kategori=rujukan&id=119,,,extracted_machine,OFFICIAL_PUBLIC_ACCESS,medium,machine-extracted phase-level CP; element tables pending
CPM-DESAIN-GAMBAR-MESIN-F,ID,Kurikulum Nasional,2026,2026/2027,SMA,F,11-12,Desain Gambar Mesin,,,,CP-DESAIN-GAMBAR-MESIN-F,"Pada akhir fase F, murid memiliki kemampuan sebagai berikut. 1. Teknik pembuatan pola Menerapkan penggunaan mesin perkakas, perkakas tangan, perkakas bertenaga/operasi digenggam, mesin kerja kayu; merancang desain pola; dan menerapkan pembuatan pola, perakitan pelat pola, dan sistem saluran pola. 2. Teknik pembuatan cetakan dan inti Menerapkan komposisi campuran dan volume pasir cetak, mixer pasir cetak, pengeluaran campuran pasir, pembuatan cetakan pasir; dan menerapkan pembuatan inti, dan mesin untuk pembuatan cetakan/inti. 3. Teknik pengecoran manual Menerapkan penggunaan peralatan pengecoran manual, alat bantu pengangkat, komposisi bahan baku tanur peleburan, pengoperasian tanur peleburan, dan penggunaan ladel/cawan, penuangan 4. Teknik pengecoran dengan mesin Menerapkan peralatan pengecoran dengan mesin; pengoperasian mesin cetak dan mesin inti; pengoperasian dan pemantauan mesin pengecoran bertekanan; pemeriksaan dan perlakuan benda tuang; dan pemantauan tanur. VI.12.",,,,,,,,,CP-000,"Capaian Pembelajaran (master), id 119",,,https://kurikulum.kemendikdasmen.go.id/service/download.php?kategori=rujukan&id=119,,,extracted_machine,OFFICIAL_PUBLIC_ACCESS,medium,machine-extracted phase-level CP; element tables pending
CPM-TEKNIK-PEMESINAN-PESAWAT-UDARA-F,ID,Kurikulum Nasional,2026,2026/2027,SMA,F,11-12,Teknik Pemesinan Pesawat Udara,,,,CP-TEKNIK-PEMESINAN-PESAWAT-UDARA-F,"Pada akhir fase F, murid memiliki kemampuan sebagai berikut. 1. Basic Aircraft Technical Knowledge (BATK) Menganalisis human factor dalam industri penerbangan, aircraft material , aircraft hardware , prinsip theory of flight, karakteristik aerodinamik terhadap kecepatan pesawat, konsep aircraft structure , konsep aircraft system, konsep basic aircraft propulsion , dan CASR part 21, 39, 43, 45, 47, 65, 145, 147. 2. CAD (Computer Aided Design) Menerapkan desain sederhana, pemodifikasian gambar, rancangan gambar detail, hasil rancangan gambar 2 dimensi dan 3 dimensi disesuaikan dengan aplikasi CAD ( Computer Aided Design) . 3. Pembubutan Komponen Pesawat Udara Menerapkan pembubutan bagian luar, muka dan rata, poros bertingkat, lubang bertingkat, di antara dua senter, macam-macam ulir luar dan ulir dalam, kartel, tirus, alur puli, alur dalam lubang, pembubutan pada faceplate , kontur/profil secara manual, poros eksentrik serta dapat melakukan perawatan mesin. 4. Pengefraisan Komponen Pesawat Udara Menerapkan pengefraisan rata, balok bertingkat luar dan dalam, bidang miring, benda kerja alur ekor burung dalam dan ekor burung luar, benda alur T, segi empat pada poros, segi banyak beraturan, batang gigi ( rack ), Roda Gigi Lurus ( spur gear ), alur pasak pada lubang serta dapat melakukan perawatan mesin. 5. Pemesinan CNC Komponen Pesawat Udara",,,,,,,,,CP-000,"Capaian Pembelajaran (master), id 119",,,https://kurikulum.kemendikdasmen.go.id/service/download.php?kategori=rujukan&id=119,,,extracted_machine,OFFICIAL_PUBLIC_ACCESS,medium,machine-extracted phase-level CP; element tables pending
CPM-TEKNIK-KONSTRUKSI-RANGKA-F,ID,Kurikulum Nasional,2026,2026/2027,SMA,F,11-12,Teknik Konstruksi Rangka,,,,CP-TEKNIK-KONSTRUKSI-RANGKA-F,"Pada akhir fase F, murid memiliki kemampuan sebagai berikut. 1. Basic Aircraft Technical Knowledge (BATK)",,,,,,,,,CP-000,"Capaian Pembelajaran (master), id 119",,,https://kurikulum.kemendikdasmen.go.id/service/download.php?kategori=rujukan&id=119,,,extracted_machine,OFFICIAL_PUBLIC_ACCESS,medium,machine-extracted phase-level CP; element tables pending
CPM-TEKNIK-KENDARAAN-RINGAN-F,ID,Kurikulum Nasional,2026,2026/2027,SMA,F,11-12,Teknik Kendaraan Ringan,,,,CP-TEKNIK-KENDARAAN-RINGAN-F,"Pada akhir fase F, murid memiliki kemampuan sebagai berikut. 1. Konversi energi kendaraan ringan Menganalisis konsep konversi energi kendaraan, perhitungan daya motor bakar, dan motor listrik. 2. Proses pelayanan dan manajemen bengkel kendaraan ringan Menganalisis kerja dan tugas kerja pada bengkel kendaraan ringan. 3. Prosedur penggunaan kendaraan ringan Menerapkan prosedur pengecekan sebelum dan sesudah berkendara dan pengoperasian kendaraan transmisi manual, dan automatic . 4. Perawatan berkala kendaraan ringan Menerapkan perawatan berkala kendaraan 1.000 km, 10.000 km, 20.000 km, dan kelipatannya. 5. Sistem engine kendaraan ringan Menerapkan perawatan dan overhaul (pembongkaran, pemeriksaan, perbaikan dan pemasangan) pada komponen utama engine , sistem pelumasan, sistem pendinginan, sistem bahan bakar, sistem pemasukan udara, dan sistem pembuangan dan kontrol emisi sesuai prosedur. 6. Sistem pemindah tenaga kendaraan ringan Menerapkan perawatan dan overhaul (pembongkaran, pemeriksaan, perbaikan, dan pemasangan) pada sistem clutch , sistem transmisi, poros propeller , differential , poros penggerak roda sesuai prosedur. 7. Sistem sasis kendaraan ringan Menerapkan perawatan dan overhaul (pembongkaran, pemeriksaan, perbaikan dan pemasangan) pada sistem rem, sistem kemudi, sistem suspensi, roda dan ban, serta spooring dan balancing roda sesuai prosedur. 8. Sistem elektrikal kendaraan ringan Menerapkan perawatan dan overhaul (pembongkaran, pemeriksaan, perbaikan dan pemasangan) pada baterai, jaringan kelistrikan, sistem penerangan dan sistem lampu tanda, sistem wiper dan washer , sistem power window dan",,,,,,,,,CP-000,"Capaian Pembelajaran (master), id 119",,,https://kurikulum.kemendikdasmen.go.id/service/download.php?kategori=rujukan&id=119,,,extracted_machine,OFFICIAL_PUBLIC_ACCESS,medium,machine-extracted phase-level CP; element tables pending
CPM-TEKNIK-SEPEDA-MOTOR-F,ID,Kurikulum Nasional,2026,2026/2027,SMA,F,11-12,Teknik Sepeda Motor,,,,CP-TEKNIK-SEPEDA-MOTOR-F,"Pada akhir fase F, murid memiliki kemampuan sebagai berikut. 1. Perawatan dan perbaikan engine sepeda motor Menerapkan perawatan dan perbaikan mekanisme katup, sistem pelumasan, sistem pendinginan, sistem gas buang, dan sistem bahan bakar pada engine sepeda motor. 2. Perawatan dan perbaikan sasis sepeda motor Menerapkan perawatan dan perbaikan sistem rem, sistem suspensi, sistem kemudi, dan rangka pada sasis sepeda motor. 3. Perawatan dan perbaikan sistem pemindah tenaga sepeda motor Menerapkan perawatan dan perbaikan sistem kopling, sistem transmisi, roda, ban, dan rantai pada sistem pemindah tenaga sepeda motor. 4. Perawatan dan perbaikan sistem kelistrikan sepeda motor Menerapkan perawatan dan perbaikan sistem penerangan, sistem instrumen dan sinyal, sistem starter, sistem pengapian, dan sistem pengisian pada sistem kelistrikan sepeda motor. 5. Perawatan dan perbaikan sepeda motor listrik dan hybrid Menerapkan perawatan dan perbaikan komponen sepeda motor listrik, sistem controller, Brushless Direct Current (BLDC), dan baterai pada sepeda motor listrik dan hybrid . 6. Perawatan dan perbaikan engine management system sepeda motor Menerapkan perawatan dan perbaikan sistem injeksi dan sistem pengamanan pada engine management system (EMS) sepeda motor. 7. Pengelolaan bengkel sepeda motor",,,,,,,,,CP-000,"Capaian Pembelajaran (master), id 119",,,https://kurikulum.kemendikdasmen.go.id/service/download.php?kategori=rujukan&id=119,,,extracted_machine,OFFICIAL_PUBLIC_ACCESS,medium,machine-extracted phase-level CP; element tables pending
CPM-TEKNIK-ALAT-BERAT-F,ID,Kurikulum Nasional,2026,2026/2027,SMA,F,11-12,Teknik Alat Berat,,,,CP-TEKNIK-ALAT-BERAT-F,"Pada akhir fase F, murid memiliki kemampuan sebagai berikut. 1. Product Knowledge Menganalisis nama, jenis, dan fungsi masing-masing produk alat berat. 2. Manual Book Menerapkan manual book baik bentuk hardcopy atau softcopy . 3. Engine Alat Berat Menganalisis komponen-komponen utama engine serta beberapa sistem yang terdapat pada engine pada unit alat berat. 4. Sistem Kelistrikan Alat Berat Menganalisis baterai, starting system, preheating system, charging system, tipe dan struktur connector dan wire termasuk electrical control serta electric wiring diagram. 5. Sistem Hydraulic Alat Berat Menganalisis komponen-komponen utama sistem hidrolik yang digunakan pada alat berat termasuk komponen pendukung lainnya.",,,,,,,,,CP-000,"Capaian Pembelajaran (master), id 119",,,https://kurikulum.kemendikdasmen.go.id/service/download.php?kategori=rujukan&id=119,,,extracted_machine,OFFICIAL_PUBLIC_ACCESS,medium,machine-extracted phase-level CP; element tables pending
CPM-TEKNIK-OTOTRONIK-F,ID,Kurikulum Nasional,2026,2026/2027,SMA,F,11-12,Teknik Ototronik,,,,CP-TEKNIK-OTOTRONIK-F,"Pada akhir fase F, murid memiliki kemampuan sebagai berikut. 1. Engine Management System dan manajemen motor listrik Menerapkan pemeliharaan sistem engine dasar dan sistem-sistem pada engine management system , serta perbaikan engine management system . 2. Chassis and Powertrain Management System Menerapkan pemeliharaan sistem dasar sasis dan pemindah tenaga, sistem sasis dan pemindah tenaga kontrol elektronik, serta perbaikan chassis and powertrain management system. 3. Comfort, Safety and Information Technology (CSIT)",,,,,,,,,CP-000,"Capaian Pembelajaran (master), id 119",,,https://kurikulum.kemendikdasmen.go.id/service/download.php?kategori=rujukan&id=119,,,extracted_machine,OFFICIAL_PUBLIC_ACCESS,medium,machine-extracted phase-level CP; element tables pending
CPM-TEKNIK-BODI-KENDARAAN-RINGAN-F,ID,Kurikulum Nasional,2026,2026/2027,SMA,F,11-12,Teknik Bodi Kendaraan Ringan,,,,CP-TEKNIK-BODI-KENDARAAN-RINGAN-F,"Pada akhir fase F, murid memiliki kemampuan sebagai berikut. 1. Panel bodi dan rangka Menganalisis estimasi kerusakan bodi kendaraan, pelepasan, pemasangan serta perbaikan ringan panel bodi, pintu, dan fender , perbaikan panel tertutup, pengelasan pada panel, penggantian dan pengukuran dimensi panel utama, perataan panel dengan dempul, dan pembuatan panel dari bahan baja dan fiberglass atau bahan lain. 2. Kelistrikan bodi dan aksesoris Menerapkan analisis gangguan pada sistem lampu otomotif, power window, central lock, dan sistem wiper, pengaturan mirror , pengaturan sunroof , kelistrikan bodi, pelepasan dan pemasangan pelindung/ moulding , sticker/wrapping, spoiler , pemasangan body kit , dan penerapan hiasan door trim. 3. Pengecatan bodi Menerapkan persiapan panel, pemakaian body sealer, metode pendempulan, metode surfacer , masking bagian yang tidak diperbaiki, penyesuaian warna/ color matching , color mixing , perbaikan kecil/ touch up , perbaikan sebagian, pengecatan panel plastik, dan metode pengkilapan/ polishing dan coating . 4. Interior bodi kendaraan Menerapkan pelepasan, pemasangan dan perawatan kaca, lapisan kaca film , plafon, trimming , karpet bodi, dashboard , sabuk pengaman, serta pemasangan dan pelepasan cover jok.",,,,,,,,,CP-000,"Capaian Pembelajaran (master), id 119",,,https://kurikulum.kemendikdasmen.go.id/service/download.php?kategori=rujukan&id=119,,,extracted_machine,OFFICIAL_PUBLIC_ACCESS,medium,machine-extracted phase-level CP; element tables pending
CPM-TEKNIK-PENGELASAN-F,ID,Kurikulum Nasional,2026,2026/2027,SMA,F,11-12,Teknik Pengelasan,,,,CP-TEKNIK-PENGELASAN-F,"Pada akhir fase F, murid memiliki kemampuan sebagai berikut. 1. Gambar teknik Menerapkan gambar teknik lingkup pengelasan. 2. Pengelasan OAW Menerapkan pengelasan pelat ke pelat pada baja karbon posisi di bawah tangan sesuai dengan prosedur code standard yang diacu dalam WPS.",,,,,,,,,CP-000,"Capaian Pembelajaran (master), id 119",,,https://kurikulum.kemendikdasmen.go.id/service/download.php?kategori=rujukan&id=119,,,extracted_machine,OFFICIAL_PUBLIC_ACCESS,medium,machine-extracted phase-level CP; element tables pending
CPM-TEKNIK-PENGELASAN-KAPAL-F,ID,Kurikulum Nasional,2026,2026/2027,SMA,F,11-12,Teknik Pengelasan Kapal,,,,CP-TEKNIK-PENGELASAN-KAPAL-F,"Pada akhir fase F, murid memiliki kemampuan sebagai berikut. 1. Teknik gambar pengelasan Menerapkan gambar teknik, simbol las, dan WPS. 2. Teknik las SMAW Menerapkan pengelasan pelat baja karbon, pelat dan pipa baja karbon, pipa baja karbon, pelat baja paduan, dan pipa baja paduan menggunakan proses Las SMAW.",,,,,,,,,CP-000,"Capaian Pembelajaran (master), id 119",,,https://kurikulum.kemendikdasmen.go.id/service/download.php?kategori=rujukan&id=119,,,extracted_machine,OFFICIAL_PUBLIC_ACCESS,medium,machine-extracted phase-level CP; element tables pending
CPM-TEKNIK-KONSTRUKSI-BADAN-PESAWAT-F,ID,Kurikulum Nasional,2026,2026/2027,SMA,F,11-12,Teknik Konstruksi Badan Pesawat,,,,CP-TEKNIK-KONSTRUKSI-BADAN-PESAWAT-F,"Pada akhir fase F, murid memiliki kemampuan sebagai berikut. 1. Basic Aircraft Technical Knowledge (BATK) Menganalisis human factor dalam industri penerbangan, aircraft material, aircraft hardware, theory of flight, karakteristik aerodinamik terhadap kecepatan pesawat, konsep aircraft structure , konsep aircraft system, konsep basic aircraft propulsion , dan CASR Part 21, 39, 43, 45, 47, 65, 145, 147. 2. Aircraft drawing dan CAD Menerapkan aturan gambar part dan gambar assembling pesawat udara yang sederhana serta kompleks, etiket gambar, bentangan gambar geometris, sistem koordinat, fungsi perintah, pemodifikasian gambar, rancangan gambar detail, hasil rancangan, dan penyimpanan hasil gambar 2 dimensi dan 3 dimensi sesuai dengan sistem CAD yang digunakan. 3. Gambar bentangan dan geometri",,,,,,,,,CP-000,"Capaian Pembelajaran (master), id 119",,,https://kurikulum.kemendikdasmen.go.id/service/download.php?kategori=rujukan&id=119,,,extracted_machine,OFFICIAL_PUBLIC_ACCESS,medium,machine-extracted phase-level CP; element tables pending
CPM-TEKNIK-FABRIKASI-LOGAM-DAN-F,ID,Kurikulum Nasional,2026,2026/2027,SMA,F,11-12,Teknik Fabrikasi Logam dan,,,,CP-TEKNIK-FABRIKASI-LOGAM-DAN-F,"Pada akhir fase F, murid memiliki kemampuan sebagai berikut. 1. Teknik pemesinan konvensional Menerapkan pekerjaan mesin bubut, pekerjaan mesin frais, dan pekerjaan dengan mesin gerinda. 2. Teknik pemesinan nonkonvensional Menerapkan pengoperasian sistem komputer pada mesin CNC, penyetelan mesin CNC, penyetelan serta penyuntingan program pada mesin CNC, pemrograman",,,,,,,,,CP-000,"Capaian Pembelajaran (master), id 119",,,https://kurikulum.kemendikdasmen.go.id/service/download.php?kategori=rujukan&id=119,,,extracted_machine,OFFICIAL_PUBLIC_ACCESS,medium,machine-extracted phase-level CP; element tables pending
CPM-TEKNIK-PENGENDALIAN-PRODUKSI-F,ID,Kurikulum Nasional,2026,2026/2027,SMA,F,11-12,Teknik Pengendalian Produksi,,,,CP-TEKNIK-PENGENDALIAN-PRODUKSI-F,"Pada akhir fase F, murid memiliki kemampuan sebagai berikut. 1. Perencanaan produksi Menerapkan jenis-jenis perencanaan (jangka pendek, menengah, panjang); menyusun rencana produksi berdasarkan permintaan, forecasting ; dan menentukan kebutuhan bahan baku, tenaga kerja dan mesin. 2. Penjadwalan produksi Menerapkan proses produksi; menentukan waktu mulai dan selesai setiap kegiatan produksi; memprediksi waktu tunggu maksimal; meningkatkan efisiensi dan menghindari bottle neck ; menyusun jenis penjadwalan ( job order , Ffow shop, dan b atch Production ); dan menyusun jadwal kerja penggunaan mesin dan tenaga kerja.",,,,,,,,,CP-000,"Capaian Pembelajaran (master), id 119",,,https://kurikulum.kemendikdasmen.go.id/service/download.php?kategori=rujukan&id=119,,,extracted_machine,OFFICIAL_PUBLIC_ACCESS,medium,machine-extracted phase-level CP; element tables pending
CPM-TEKNIK-AUDIO-VIDEO-F,ID,Kurikulum Nasional,2026,2026/2027,SMA,F,11-12,Teknik Audio Video,,,,CP-TEKNIK-AUDIO-VIDEO-F,"Pada akhir fase F, murid memiliki kemampuan sebagai berikut. 1. Pemrograman dan aplikasi mikrokontroler Menerapkan rangkaian digital, arsitektur mikrokontroler, dan pemrograman mikrokontroler serta membuat program aplikasi sistem pengendali berbasis mikrokontroler. 2. Penerapan rangkaian elektronika Menerapkan rangkaian elektronika analog, sensor dan transduser, rangkaian elektronika daya, rangkaian catu daya, penginstalan sistem pembangkit listrik tenaga surya (PLTS), dan sistem keamanan berbasis elektronik. 3. Perencanaan dan instalasi sistem audio video Menerapkan sistem dan perencanaan akustik ruang, psikoakustik anatomi telinga manusia, penginstalan sistem audio rumah, mobil dan pertunjukan, penginstalan sistem audio paging , penginstalan master rekaman audio, pengoperasian kamera, dan penginstalan closed circuit television (CCTV) . 4. Penerapan sistem radio dan televisi Menerapkan transmisi antena gelombang radio, perekayasaan sinyal analog, sistem penerima radio, sistem penyiaran radio digital, dan sistem penerima televisi. 5. Perawatan dan perbaikan peralatan elektronika audio video Menerapkan user manual book dan service manual book , perawatan peralatan elektronika audio video, dan perbaikan perangkat audio video; dan melakukan perbaikan dan perawatan produk perangkat genggam, perangkat elektronik rumah tangga, dan unit display .",,,,,,,,,CP-000,"Capaian Pembelajaran (master), id 119",,,https://kurikulum.kemendikdasmen.go.id/service/download.php?kategori=rujukan&id=119,,,extracted_machine,OFFICIAL_PUBLIC_ACCESS,medium,machine-extracted phase-level CP; element tables pending
CPM-TEKNIK-MEKATRONIKA-F,ID,Kurikulum Nasional,2026,2026/2027,SMA,F,11-12,Teknik Mekatronika,,,,CP-TEKNIK-MEKATRONIKA-F,"Pada akhir fase F, murid memiliki kemampuan sebagai berikut. 1. Sistem kontrol mekatronika Menerapkan pengoperasian kendali sistem motor listrik, pemrograman PLC/Mikrokontroler berdasarkan mekanisme proses kerja peralatan/mesin, pemrograman HMI, networking antar PLC/Mikrokontroler, dan pengoperasian Distributed Control System. 2. Sistem mekatronika berbasis Computer Aided Engineering (CAE) Menerapkan pengoperasian software aplikasi CAD untuk pembuatan gambar desain mekanik pada sistem mekatronika dan perakitan hasil desain/rancangan menjadi sistem mekatronika. 3. Sistem robotik Menerapkan instalasi dan pengoperasian sistem pneumatik dan hidrolik, pengoperasian sistem robotik, dan dismantling and assembling sistem robotik . 4. Perawatan dan perbaikan sistem mekanikal Menerapkan jenis-jenis perawatan mesin, pembersihan dan pelumasan peralatan mekanik, pemeriksaan peralatan",,,,,,,,,CP-000,"Capaian Pembelajaran (master), id 119",,,https://kurikulum.kemendikdasmen.go.id/service/download.php?kategori=rujukan&id=119,,,extracted_machine,OFFICIAL_PUBLIC_ACCESS,medium,machine-extracted phase-level CP; element tables pending
CPM-TEKNIK-ELEKTRONIKA-INDUSTRI-F,ID,Kurikulum Nasional,2026,2026/2027,SMA,F,11-12,Teknik Elektronika Industri,,,,CP-TEKNIK-ELEKTRONIKA-INDUSTRI-F,"Pada akhir fase F, murid memiliki kemampuan sebagai berikut. 1. Penerapan rangkaian elektronika Menerapkan penguat Op-Amp yang diaplikasikan sebagai rangkaian elektronika analog dan rangkaian elektronika digital. 2. Sistem kendali elektronik Menerapkan sistem pengendali analog, sistem pengendali digital, dan rangkaian isolasi elektronik. 3. Pemrograman sistem embedded",,,,,,,,,CP-000,"Capaian Pembelajaran (master), id 119",,,https://kurikulum.kemendikdasmen.go.id/service/download.php?kategori=rujukan&id=119,,,extracted_machine,OFFICIAL_PUBLIC_ACCESS,medium,machine-extracted phase-level CP; element tables pending
CPM-TEKNIK-ELEKTRONIKA-KOMUNIKASI-F,ID,Kurikulum Nasional,2026,2026/2027,SMA,F,11-12,Teknik Elektronika Komunikasi,,,,CP-TEKNIK-ELEKTRONIKA-KOMUNIKASI-F,"Pada akhir fase F, murid memiliki kemampuan sebagai berikut. 1. Rangkaian elektronika Menerapkan rangkaian elektronika analog, catu daya (linear dan switch mode power supply ), elektronika daya, dan uninterruptible power supplies (UPS). 2. Sistem elektronika tertanam (embedded system) Menerapkan rangkaian digital, rangkaian sensorik berbasis elektronik, biometric , radio frequency , bahasa pemrograman object oriented programming (OOP), dan arsitektur sistem elektronika tertanam serta membuat program pengontrol input/output analog serta pengendali perangkat elektronik baik standalone dan internet of things . 3. Sistem transmisi gelombang elektromagnetik Menganalisis sistem dan rekayasa gelombang elektromagnetik, perekayasaan sinyal analog, sistem transmisi dan penerima analog; dan menerapkan sistem komunikasi telepon digital, sistem serta perangkat komunikasi satelit. 4. Perangkat dan media transmisi elektronika komunikasi Menganalisis jenis dan parameter media transmisi, rugi-rugi dalam media transmisi, penyesuai impedansi, konektor RF, prinsip dasar dan parameter antena; dan menerapkan prosedur keselamatan kerja di ketinggian, perencanaan dan instalasi perangkat antena, dan perencanaan sistem komunikasi radio, sistem komunikasi dan jaringan fiber optik. 5. Sistem komunikasi televisi Menganalisis sistem transmisi televisi digital terestrial dan non terrestrial , penerima TV dan digital, Smart TV, teknologi dan resolusi video display , dan digital out of home",,,,,,,,,CP-000,"Capaian Pembelajaran (master), id 119",,,https://kurikulum.kemendikdasmen.go.id/service/download.php?kategori=rujukan&id=119,,,extracted_machine,OFFICIAL_PUBLIC_ACCESS,medium,machine-extracted phase-level CP; element tables pending
CPM-TEKNIK-INSTRUMENTASI-MEDIK-F,ID,Kurikulum Nasional,2026,2026/2027,SMA,F,11-12,Teknik Instrumentasi Medik,,,,CP-TEKNIK-INSTRUMENTASI-MEDIK-F,"Pada akhir fase F, murid memiliki kemampuan sebagai berikut. 1. Penggunaan piranti transduser dan sensor Menganalisis prinsip dasar macam-macam tipe transduser, tipe sensor elektroda, rangkaian input, serta keselamatan dan isolasi listrik pada perangkat instrumentasi medis. 2. Rangkaian pemrosesan sinyal dalam instrumentasi medis Menganalisis macam-macam rangkaian filter, penggunaan offset pada op-amp, karakteristik respons kestabilan dan ketidakstabilan, op-amp sebagai pembanding, integrator dan differensiator , penguat instrumentasi, sirkuit sample and hold , serta konversi analog ke digital (ADC). 3. Penerapan rangkaian pemrosesan sinyal biopotensial Menerapkan rangkaian pemrosesan sinyal penguat biopotensial pada instrumentasi medis. 4. Kalibrasi standar unit peralatan instrumentasi medis Menerapkan penggunaan macam-macam alat kalibrator dengan menggunakan pemodelan matematika (aljabar, numerik, kalkulus, dan lain-lain). 5. Perawatan, pemeliharaan, uji fungsi, dan perbaikan peralatan instrumentasi medis Menerapkan pembuatan gambar block diagram , wiring diagram , skema rangkaian, POS perawatan, pemeliharaan,",,,,,,,,,CP-000,"Capaian Pembelajaran (master), id 119",,,https://kurikulum.kemendikdasmen.go.id/service/download.php?kategori=rujukan&id=119,,,extracted_machine,OFFICIAL_PUBLIC_ACCESS,medium,machine-extracted phase-level CP; element tables pending
CPM-TEKNIK-ELEKTRONIKA-PESAWAT-UDARA-F,ID,Kurikulum Nasional,2026,2026/2027,SMA,F,11-12,Teknik Elektronika Pesawat Udara,,,,CP-TEKNIK-ELEKTRONIKA-PESAWAT-UDARA-F,"Pada akhir fase F, murid memiliki kemampuan sebagai berikut. 1. Basic Aircraft Technical and Knowledge (BATK) Menganalisis human factor dalam industri penerbangan, aircraft material , aircraft hardware , prinsip theory of flight ,",,,,,,,,,CP-000,"Capaian Pembelajaran (master), id 119",,,https://kurikulum.kemendikdasmen.go.id/service/download.php?kategori=rujukan&id=119,,,extracted_machine,OFFICIAL_PUBLIC_ACCESS,medium,machine-extracted phase-level CP; element tables pending
CPM-INSTRUMENTASI-DAN-OTOMATISASI-F,ID,Kurikulum Nasional,2026,2026/2027,SMA,F,11-12,Instrumentasi dan Otomatisasi,,,,CP-INSTRUMENTASI-DAN-OTOMATISASI-F,"Pada akhir fase F, murid memiliki kemampuan sebagai berikut. 1. Perencanaan sistem instrumentasi Membuat rencana gambar teknik instrumentasi ( instrument drawing); dan menerapkan sistem pemipaan instrumentasi, process flow diagram (PFD) dan P&ID , dan instalasi sistem kelistrikan instrumentasi. 2. Pengukuran besaran instrumentasi dan otomatisasi proses Menerapkan pengukuran besaran proses. 3. Sistem kontrol terprogram instrumentasi dan otomatisasi proses Menerapkan rangkaian elektronika analog dan digital pada sistem instrumentasi otomatisasi proses, rangkaian kontrol digital menggunakan mikrokontroler, dan kontrol digital menggunakan PLC. 4. Pengoperasian DCS",,,,,,,,,CP-000,"Capaian Pembelajaran (master), id 119",,,https://kurikulum.kemendikdasmen.go.id/service/download.php?kategori=rujukan&id=119,,,extracted_machine,OFFICIAL_PUBLIC_ACCESS,medium,machine-extracted phase-level CP; element tables pending
CPM-AIRFRAME-POWERPLANT-F,ID,Kurikulum Nasional,2026,2026/2027,SMA,F,11-12,Airframe Powerplant,,,,CP-AIRFRAME-POWERPLANT-F,"Pada akhir fase F, murid memiliki kemampuan sebagai berikut. 1. Aircraft Structure Menerapkan daily inspection, safety belt dan pemasangannya, A/C servicing, A/C ground handling, lap patch repair of aircraft skin, splice repair of stringer, symmetrical check , replace and rig of aileron, elevator and rudder; inspect and adjust flap; replacement of control wheel assembly, adjust nose wheel locking devices , jack an aircraft and perform landing gear retraction test , assembly main landing gear and wheel , dan brake. 2. Aircraft System Menerapkan unjuk kerja yang dibuat oleh ATA (Air Transportation Association) Chapter yang meliputi: air conditioning and cabin pressurization (ATA 21) , instruments/avionic systems, electrical power (ATA 24), fire",,,,,,,,,CP-000,"Capaian Pembelajaran (master), id 119",,,https://kurikulum.kemendikdasmen.go.id/service/download.php?kategori=rujukan&id=119,,,extracted_machine,OFFICIAL_PUBLIC_ACCESS,medium,machine-extracted phase-level CP; element tables pending
CPM-ELECTRICAL-AVIONIC-F,ID,Kurikulum Nasional,2026,2026/2027,SMA,F,11-12,Electrical Avionic,,,,CP-ELECTRICAL-AVIONIC-F,"Pada akhir fase F, murid memiliki kemampuan sebagai berikut. 1. Aircraft electronic Menerapkan dasar elektronika, propagasi gelombang radio, dasar antena, prinsip transmitter dan receiver , serta sistem komunikasi dan navigasi pesawat udara. 2. Digital microprocessor Menerapkan konsep teknologi digital, sistem bilangan, perhitungan dan konversinya, rangkaian logika kombinasional dan sekuensial, encoding dan decoding , analog to digital converter , microprocessor , dan fiber optik. 3. Aircraft electrical Menerapkan konsep dasar kelistrikan, power supplies, generator, auxiliary power units, power conversion equipment, power distribution systems, circuit protection and controlling devices, motors and actuators, dan ground electrical power supplies. 4. Aircraft instruments Menerapkan sistem pengukuran tekanan (pitot static, altimeter, VSI, ASI), sistem indikasi suhu dan engine (temperature dan engine indicating systems), sistem gyroscopic dan navigasi (artificial horizon, turn coordinator, DG, kompas), sistem instrumen digital (servo altimeter, Air Data Computer, dan Electronic Flight Instrument System/EFIS). 5. Aircraft system Menerapkan prinsip dasar Air Conditioning and Cabin Pressurization (ATA 21), Fire Protection (ATA 26), Flights Control (ATA 27), Fuel System (ATA 28) dan Hydraulic Power System (ATA 29), Ice and Rain Protection System",,,,,,,,,CP-000,"Capaian Pembelajaran (master), id 119",,,https://kurikulum.kemendikdasmen.go.id/service/download.php?kategori=rujukan&id=119,,,extracted_machine,OFFICIAL_PUBLIC_ACCESS,medium,machine-extracted phase-level CP; element tables pending
CPM-DESAIN-RANCANG-BANGUN-KAPAL-F,ID,Kurikulum Nasional,2026,2026/2027,SMA,F,11-12,Desain Rancang Bangun Kapal,,,,CP-DESAIN-RANCANG-BANGUN-KAPAL-F,"Pada akhir fase F, murid memiliki kemampuan sebagai berikut. 1. Dasar-dasar desain rancang bangun kapal Menerapkan pengetahuan tentang dasar-dasar desain rancang bangun kapal, dasar perhitungan gaya, dan konstruksi sederhana. 2. Gambar konstruksi kapal Menerapkan teknik menggambar rencana umum, bukaan kulit, sistem konstruksi kapal, rencana profil, midship section, konstruksi haluan, konstruksi buritan, konstruksi pondasi mesin, konstruksi sekat, konstruksi bangunan atas, rumah geladak, dan pembuatan gambar produksi (production drawing) pada konstruksi badan kapal (hull construction). 3. Gambar permesinan dan perlengkapan kapal Menerapkan teknik menggambar layout kamar mesin, sistem poros baling-baling, stern tube, kemudi kapal, baling-baling, sistem dalam kapal, perlengkapan kapal, dan pembuatan gambar produksi (production drawing) pada permesinan dan perlengkapan kapal. 4. Gambar interior kapal Menerapkan teknik menggambar layout ruangan, desain interior, sambungan konstruksi kayu, perabot, konstruksi tangga, lantai, dinding, dan atap. 5. Penggambaran dengan CAD Menerapkan CAD untuk membuat gambar produksi (production drawing) dan pemodelan 3D meliputi konstruksi, permesinan, perlengkapan, dan interior kapal.",,,,,,,,,CP-000,"Capaian Pembelajaran (master), id 119",,,https://kurikulum.kemendikdasmen.go.id/service/download.php?kategori=rujukan&id=119,,,extracted_machine,OFFICIAL_PUBLIC_ACCESS,medium,machine-extracted phase-level CP; element tables pending
CPM-KONSTRUKSI-KAPAL-BAJA-F,ID,Kurikulum Nasional,2026,2026/2027,SMA,F,11-12,Konstruksi Kapal Baja,,,,CP-KONSTRUKSI-KAPAL-BAJA-F,"Pada akhir fase F, murid memiliki kemampuan sebagai berikut. 1. Konstruksi badan kapal baja (hull construction) Menerapkan konsep dasar konstruksi kapal, konstruksi bottom kapal, konstruksi potongan tengah kapal ( midship section ), konstruksi sekat kapal ( bulkhead ), konstruksi",,,,,,,,,CP-000,"Capaian Pembelajaran (master), id 119",,,https://kurikulum.kemendikdasmen.go.id/service/download.php?kategori=rujukan&id=119,,,extracted_machine,OFFICIAL_PUBLIC_ACCESS,medium,machine-extracted phase-level CP; element tables pending
CPM-INTERIOR-KAPAL-F,ID,Kurikulum Nasional,2026,2026/2027,SMA,F,11-12,Interior Kapal,,,,CP-INTERIOR-KAPAL-F,"Pada akhir fase F, murid memiliki kemampuan sebagai berikut. 1. Gambar secara manual dan dengan perangkat lunak aplikasi CAD Menggambar secara manual maupun dengan menggunakan perangkat lunak aplikasi CAD dan mencetak gambar dengan menggunakan perangkat lunak aplikasi CAD. 2. Gambar kapal kayu, kapal fiberglass, dan kapal aluminium Membuat gambar lines plan, gambar rencana umum, mould loft , dan gambar bukaan konstruksi kapal non baja. 3. Konstruksi bangunan kapal kayu, kapal fiberglass, dan Kapal Aluminium Menganalisis konstruksi tengah kapal, konstruksi haluan kapal, konstruksi buritan kapal, konstruksi bangunan atas kapal, konstruksi sekat kapal, dan konstruksi kamar mesin kapal non baja. 4. Konstruksi perlengkapan kapal Menganalisis peralatan tambat, berlabuh, bongkar muat, navigasi, dan keselamatan berlayar serta motor bantu. 5. Pembuatan dan perakitan komponen kapal kayu, komponen kapal fiberglass, dan komponen kapal aluminium Menerapkan pembuatan, perakitan dan perbaikan lambung kapal, deck kapal, sekat kapal, dan komponen kapal non baja. VI.40.",,,,,,,,,CP-000,"Capaian Pembelajaran (master), id 119",,,https://kurikulum.kemendikdasmen.go.id/service/download.php?kategori=rujukan&id=119,,,extracted_machine,OFFICIAL_PUBLIC_ACCESS,medium,machine-extracted phase-level CP; element tables pending
CPM-KIMIA-ANALISIS-F,ID,Kurikulum Nasional,2026,2026/2027,SMA,F,11-12,Kimia Analisis,,,,CP-KIMIA-ANALISIS-F,"Pada akhir fase F, murid memiliki kemampuan sebagai berikut. 1. Teknik pengambilan dan penyiapan sampel Menganalisis jenis-jenis sampel, menerapkan prinsip dan prosedur pengambilan, pengangkutan, penyiapan dan pengarsipan sampel analisis. 2. Analisis titrimetri dan gravimetri Menerapkan prinsip dan prosedur pada analisis titrimetri dan gravimetri",,,,,,,,,CP-000,"Capaian Pembelajaran (master), id 119",,,https://kurikulum.kemendikdasmen.go.id/service/download.php?kategori=rujukan&id=119,,,extracted_machine,OFFICIAL_PUBLIC_ACCESS,medium,machine-extracted phase-level CP; element tables pending
CPM-ANALISIS-PENGUJIAN-LABORATORIUM-F,ID,Kurikulum Nasional,2026,2026/2027,SMA,F,11-12,Analisis Pengujian Laboratorium,,,,CP-ANALISIS-PENGUJIAN-LABORATORIUM-F,"Pada akhir fase F, murid memiliki kemampuan sebagai berikut. 1. Pengambilan dan penyiapan sampel Menerapkan prosedur pengambilan sampel, pengecilan ukuran sampel, penghomogenan sampel, penyiapan sampel untuk pengujian laboratorium dan pengarsipan sampel. 2. Analisis titrimetri dan gravimetri Menerapkan prinsip dan prosedur analisis titrimetri dan gravimetri, pengolahan data, dan pelaporan hasil analisis.",,,,,,,,,CP-000,"Capaian Pembelajaran (master), id 119",,,https://kurikulum.kemendikdasmen.go.id/service/download.php?kategori=rujukan&id=119,,,extracted_machine,OFFICIAL_PUBLIC_ACCESS,medium,machine-extracted phase-level CP; element tables pending
CPM-TEKNIK-KIMIA-INDUSTRI-F,ID,Kurikulum Nasional,2026,2026/2027,SMA,F,11-12,Teknik Kimia Industri,,,,CP-TEKNIK-KIMIA-INDUSTRI-F,"Pada akhir fase F, murid memiliki kemampuan sebagai berikut. 1. Azas Teknik Kimia Menerapkan besaran dan satuan, sistem satuan (CGS, MKS, SI, FPS, BE), konversi satuan, neraca massa, neraca energi, dan termodinamika dasar. 2. Operasi Teknik Kimia Menerapkan fluida statis dan dinamis, penanganan bahan padat ( size reduction , screening, dan transportasi), operasi transfer massa (difusi, absorpsi, adsorpsi, penukaran ion, reverse osmosis , pencampuran bahan, ekstraksi, destilasi, evaporasi, kristalisasi, pengeringan, humidifikasi), operasi transfer panas (konduksi, konveksi, dan radiasi), dan operasi pemisahan secara mekanik (sedimentasi dan filtrasi). 3. Proses Industri Kimia Menerapkan diagram alir proses, reaktor dan utilitas ( steam , listrik, water treatment, waste water treatment ); industri kimia dasar (NaCl, soda kaustik, soda abu, asam klorida, gas klor, gas hidrogen, asam sulfat), industri minyak nabati, mentega, margarin, sabun dan detergen, industri gula, fermentasi, dan pangan, industri pulp dan kertas, industri cat, pewarna, dan pelapis, industri farmasi, industri pupuk, industri silikat (keramik, semen dan kaca), industri karet, industri minyak bumi (petroleum dan petrokimia), dan industri besi dan baja. 4. Kontrol Proses",,,,,,,,,CP-000,"Capaian Pembelajaran (master), id 119",,,https://kurikulum.kemendikdasmen.go.id/service/download.php?kategori=rujukan&id=119,,,extracted_machine,OFFICIAL_PUBLIC_ACCESS,medium,machine-extracted phase-level CP; element tables pending
CPM-KIMIA-TEKSTIL-F,ID,Kurikulum Nasional,2026,2026/2027,SMA,F,11-12,Kimia Tekstil,,,,CP-KIMIA-TEKSTIL-F,"Pada akhir fase F, murid memiliki kemampuan sebagai berikut. 1. Evaluasi kimia fisika tekstil Menerapkan identifikasi serat tekstil, kain tenun, dan zat warna. 2. Proses persiapan kimia tekstil Menerapkan proses pembakaran bulu, penghilangan kanji, pemasakan, pengelantangan, merserisasi, serta heat setting , dan weight reduce benang dan kain. 3. Proses pencelupan Menerapkan pencelupan benang dan kain tekstil, pengujian hasil proses pencelupan, dan colour matching secara manual. 4. Proses pencapan Menerapkan proses tracing engraving , pembuatan pengental, pembuatan pasta cap, proses pencapan dan pengujian hasil proses pencapan. 5. Proses penyempurnaan khusus kimia fisika",,,,,,,,,CP-000,"Capaian Pembelajaran (master), id 119",,,https://kurikulum.kemendikdasmen.go.id/service/download.php?kategori=rujukan&id=119,,,extracted_machine,OFFICIAL_PUBLIC_ACCESS,medium,machine-extracted phase-level CP; element tables pending
CPM-TEKNIK-PEMBUATAN-SERAT-FILAMEN-F,ID,Kurikulum Nasional,2026,2026/2027,SMA,F,11-12,Teknik Pembuatan Serat Filamen,,,,CP-TEKNIK-PEMBUATAN-SERAT-FILAMEN-F,"Pada akhir fase F, murid memiliki kemampuan sebagai berikut. 1. Polimerisasi Menerapkan proses slurry, esterifikasi, polikondensasi, dan casting (pemotongan). 2. Pemintalan Serat Buatan Menerapkan jenis dan proses pemintalan serat buatan, pemintalan leleh, pemintalan basah, serta pemintalan kering.",,,,,,,,,CP-000,"Capaian Pembelajaran (master), id 119",,,https://kurikulum.kemendikdasmen.go.id/service/download.php?kategori=rujukan&id=119,,,extracted_machine,OFFICIAL_PUBLIC_ACCESS,medium,machine-extracted phase-level CP; element tables pending
CPM-TEKNIK-PEMBUATAN-BENANG-STAPEL-F,ID,Kurikulum Nasional,2026,2026/2027,SMA,F,11-12,Teknik Pembuatan Benang Stapel,,,,CP-TEKNIK-PEMBUATAN-BENANG-STAPEL-F,"Pada akhir fase F, murid memiliki kemampuan sebagai berikut. 1. Persiapan pemintalan serat stapel Menerapkan proses persiapan pengoperasian mesin blowing, carding, drawing, pre-combing, combing, dan roving . 2. Pemintalan serat stapel Menerapkan proses pengoperasian mesin ring spinning, open-end spinning, dan winding .",,,,,,,,,CP-000,"Capaian Pembelajaran (master), id 119",,,https://kurikulum.kemendikdasmen.go.id/service/download.php?kategori=rujukan&id=119,,,extracted_machine,OFFICIAL_PUBLIC_ACCESS,medium,machine-extracted phase-level CP; element tables pending
CPM-TEKNIK-PEMBUATAN-KAIN-F,ID,Kurikulum Nasional,2026,2026/2027,SMA,F,11-12,Teknik Pembuatan Kain,,,,CP-TEKNIK-PEMBUATAN-KAIN-F,"Pada akhir fase F, murid memiliki kemampuan sebagai berikut. 1. Persiapan Pembuatan Kain Menerapkan proses persiapan pembuatan kain ; pengelosan (winding) , penghanian (warping) , penganjian (sizing) , pencucukan (reaching) , pemaletan (pirn winder) , dan penyetelan beam (beam steller) . 2. Desain Anyaman Menerapkan desain anyaman dasar dan turunannya (polos, keper, dan satin) serta penerapannya pada mesin tenun. 3. Pertenunan Menerapkan proses pembuatan kain tenun menggunakan mesin tenun teropong (shuttle loom) dan mesin tenun tanpa teropong (shuttleless loom). 4. Perajutan Menerapkan proses pembuatan kain rajut menggunakan mesin rajut datar, rajut bundar, dan rajut lusi, serta penerapan desain pada kain rajut. 5. Pengendalian Mutu Kain Menganalisis jenis cacat pada kain serta menerapkan proses pemeriksaan kain (inspecting) dan pengujian mutu kain (konstruksi kain, kekuatan sobek kain, kekuatan tarik kain, dan daya serap kain).",,,,,,,,,CP-000,"Capaian Pembelajaran (master), id 119",,,https://kurikulum.kemendikdasmen.go.id/service/download.php?kategori=rujukan&id=119,,,extracted_machine,OFFICIAL_PUBLIC_ACCESS,medium,machine-extracted phase-level CP; element tables pending
CPM-TEKNIK-PENYEMPURNAAN-TEKSTIL-F,ID,Kurikulum Nasional,2026,2026/2027,SMA,F,11-12,Teknik Penyempurnaan Tekstil,,,,CP-TEKNIK-PENYEMPURNAAN-TEKSTIL-F,"Pada akhir fase F, murid memiliki kemampuan sebagai berikut. 1. Persiapan penyempurnaan tekstil Menerapkan persiapan proses ( preparation ), pembakaran bulu ( singeing ), penimbangan zat, penghilangan kanji ( desizing ), pemasakan kain ( scouring ), pengelantangan ( bleaching ), merserisasi kain ( mercerizing ), pemantapan panas ( heat setting ), pengurangan berat kain ( weight reduction ), dan analisis air dan limbah. 2. Pencelupan Menerapkan identifikasi zat warna, proses tandingan warna ( colour matching ), dan menerapkan pencelupan bahan tekstil ( dyeing ). 3. Pencapan Menerapkan pembuatan desain gambar, pembuatan kasa bermotif, pembuatan pengental dan pasta cap, pencapan kasa ( screen printing ), fiksasi, dan pengujian hasil pewarnaan. 4. Penyempurnaan khusus Menerapkan proses penyempurnaan penganjian, penyempurnaan resin ( resin finish ), penyempurnaan krep, proses anti mengkeret ( sanforising ), setting lebar ( tentering ), penyetrikaan kain ( calendering ), pelipatan dan penggulungan kain ( folding and rolling) , dan penyelesaian akhir ( making up ).",,,,,,,,,CP-000,"Capaian Pembelajaran (master), id 119",,,https://kurikulum.kemendikdasmen.go.id/service/download.php?kategori=rujukan&id=119,,,extracted_machine,OFFICIAL_PUBLIC_ACCESS,medium,machine-extracted phase-level CP; element tables pending
CPM-TEKNIK-PEMBANGKIT-TENAGA-LISTRIK-F,ID,Kurikulum Nasional,2026,2026/2027,SMA,F,11-12,Teknik Pembangkit Tenaga Listrik,,,,CP-TEKNIK-PEMBANGKIT-TENAGA-LISTRIK-F,"Pada akhir fase F, murid memiliki kemampuan sebagai berikut. 1. Instalasi listrik pembangkit Menerapkan peraturan dan prosedur pemasangan instalasi listrik pada internal pembangkit dengan memperhatikan K2 dan K3. 2. Perangkat pembangkit Menganalisis prinsip dasar pembangkitan, peralatan utama dan pendukung pada pembangkit listrik energi terbarukan dan tidak terbarukan. 3. Mesin listrik pembangkit Menerapkan prosedur pengoperasian dan pemeliharaan mesin listrik pembangkit dan peralatan mekanis pembangkit. 4. Instrumentasi dan kontrol pembangkit",,,,,,,,,CP-000,"Capaian Pembelajaran (master), id 119",,,https://kurikulum.kemendikdasmen.go.id/service/download.php?kategori=rujukan&id=119,,,extracted_machine,OFFICIAL_PUBLIC_ACCESS,medium,machine-extracted phase-level CP; element tables pending
CPM-TEKNIK-PEMANASAN-TATA-UDARA-DAN-F,ID,Kurikulum Nasional,2026,2026/2027,SMA,F,11-12,"Teknik Pemanasan, Tata Udara, dan",,,,CP-TEKNIK-PEMANASAN-TATA-UDARA-DAN-F,"Pada akhir fase F, murid memiliki kemampuan sebagai berikut. 1. Jaringan distribusi listrik tegangan rendah Menerapkan pemasangan, pengoperasian dan pemeliharaan jaringan distribusi listrik tegangan rendah. 2. Jaringan distribusi listrik tegangan menengah Menerapkan pemasangan, pengoperasian dan pemeliharaan jaringan distribusi listrik tegangan menengah. 3. Jaringan transmisi tenaga listrik Membuat rencana pengoperasian dan pemeliharaan Jaringan Transmisi Tenaga Listrik. 4. Proteksi jaringan distribusi tenaga listrik Menerapkan pemasangan, pengoperasian, dan pemeliharaan Proteksi Jaringan Distribusi Tenaga Listrik. 5. Gardu induk Menerapkan pengoperasian dan pemeliharaan gardu induk serta pemasangan, pengoperasian, dan pemeliharaan instalasi listrik gedung kontrol gardu induk. VI.52.",,,,,,,,,CP-000,"Capaian Pembelajaran (master), id 119",,,https://kurikulum.kemendikdasmen.go.id/service/download.php?kategori=rujukan&id=119,,,extracted_machine,OFFICIAL_PUBLIC_ACCESS,medium,machine-extracted phase-level CP; element tables pending
CPM-TEKNIK-KELISTRIKAN-PESAWAT-UDARA-F,ID,Kurikulum Nasional,2026,2026/2027,SMA,F,11-12,Teknik Kelistrikan Pesawat Udara,,,,CP-TEKNIK-KELISTRIKAN-PESAWAT-UDARA-F,"Pada akhir fase F, murid memiliki kemampuan sebagai berikut. 1. Basic Aircraft Technical and Knowledge (BATK) Menganalisis human factor dalam industri penerbangan, aircraft material, aircraft hardware, theory of flight, karakteristik aerodinamik terhadap kecepatan pesawat,",,,,,,,,,CP-000,"Capaian Pembelajaran (master), id 119",,,https://kurikulum.kemendikdasmen.go.id/service/download.php?kategori=rujukan&id=119,,,extracted_machine,OFFICIAL_PUBLIC_ACCESS,medium,machine-extracted phase-level CP; element tables pending
CPM-TEKNIK-KELISTRIKAN-KAPAL-F,ID,Kurikulum Nasional,2026,2026/2027,SMA,F,11-12,Teknik Kelistrikan Kapal,,,,CP-TEKNIK-KELISTRIKAN-KAPAL-F,"Pada akhir fase F, murid memiliki kemampuan sebagai berikut. 1. Standar dan Aturan Menerapkan standar dan aturan/ rule yang meliputi Biro Klasifikasi Indonesia (BKI), Peraturan Umum Instalasi Listrik (PUIL), dan K3LH dalam melaksanakan pekerjaan ketenagalistrikan. 2. Sistem Ketenagalistrikan Kapal Menerapkan perencanaan, pemasangan, pengoperasian, pengujian pada peralatan navigasi, komunikasi, instalasi penerangan dan tenaga 1 phasa dan 3 phasa dan pemasangan Main Switch Board (MSB) pada kapal. 3. Sistem Kelistrikan Mesin Pendingin. Menerapkan perencanaan, pemasangan, pengoperasian, pengujian, dan pemeliharaan Sistem kelistrikan mesin pendingin (Air Conditioning & Refrigeration) . 4. Perbaikan, dan Perawatan Peralatan Kelistrikan kapal. Menerapkan pemeliharaan, perawatan dan perbaikan pada pembangkit listrik kapal ( diesel generator ) 1 phase, dan peralatan kelistrikan kapal (transformator 1 dan 3 phase), motor, sistem proteksi, sistem kelistrikan mesin pendingin (Air Conditioning & Refrigeration) dan sistem kontrol. 5. Sitem Kontrol Kelistrikan Kapal",,,,,,,,,CP-000,"Capaian Pembelajaran (master), id 119",,,https://kurikulum.kemendikdasmen.go.id/service/download.php?kategori=rujukan&id=119,,,extracted_machine,OFFICIAL_PUBLIC_ACCESS,medium,machine-extracted phase-level CP; element tables pending
CPM-TEKNIK-ENERGI-BIOMASSA-F,ID,Kurikulum Nasional,2026,2026/2027,SMA,F,11-12,Teknik Energi Biomassa,,,,CP-TEKNIK-ENERGI-BIOMASSA-F,"Pada akhir fase F, murid memiliki kemampuan sebagai berikut. 1. Teknik energi surya Menerapkan pemasangan, pemeriksaan, pengujian, pengoperasian, pemeliharaan, perawatan, dan perbaikan terhadap Pembangkit Listrik Tenaga Surya. 2. Teknik energi hidro Menerapkan pemasangan, pemeriksaan, pengujian, pengoperasian, pemeliharaan, perawatan, dan perbaikan terhadap Pembangkit Listrik Tenaga Mikrohidro. 3. Teknik energi angin Menerapkan pemasangan, pemeriksaan, pengujian, pengoperasian, pemeliharaan, perawatan, dan perbaikan terhadap Pembangkit Listrik Tenaga Bayu skala kecil. 4. Teknik energi hybrid Menerapkan pemasangan, pemeriksaan, pengujian, pengoperasian, pemeliharaan, perawatan, dan perbaikan terhadap sistem interkoneksi. VI.56.",,,,,,,,,CP-000,"Capaian Pembelajaran (master), id 119",,,https://kurikulum.kemendikdasmen.go.id/service/download.php?kategori=rujukan&id=119,,,extracted_machine,OFFICIAL_PUBLIC_ACCESS,medium,machine-extracted phase-level CP; element tables pending
CPM-TEKNIK-GEOMATIKA-F,ID,Kurikulum Nasional,2026,2026/2027,SMA,F,11-12,Teknik Geomatika,,,,CP-TEKNIK-GEOMATIKA-F,"Pada akhir fase F, murid memiliki kemampuan sebagai berikut. 1. Instalasi Reaktor Biogas Menerapkan instalasi dan pengoperasian reaktor biogas sesuai prosedur operasi dengan menerapkan prinsip/kaidah K3LH. 2. Instalasi Bahan Bakar Nabati Menerapkan pengoperasian dan pemeliharaan instalasi bahan bakar nabati sesuai prosedur operasi dengan menerapkan prinsip/kaidah K3LH. 3. Instalasi Termokimia Biomassa Menerapkan pengoperasian dan pemeliharaan instalasi termokimia biomassa sesuai prosedur operasi dengan menerapkan prinsip/kaidah K3LH. 4. Pembangkit Listrik Tenaga Biogas (PLTBg) Menerapkan pengoperasian dan pemeliharaan instalasi Pembangkit Listrik Tenaga Biogas (PLTBg) sesuai prosedur operasi dengan menerapkan prinsip/kaidah K3LH dan K2. VI.57.",,,,,,,,,CP-000,"Capaian Pembelajaran (master), id 119",,,https://kurikulum.kemendikdasmen.go.id/service/download.php?kategori=rujukan&id=119,,,extracted_machine,OFFICIAL_PUBLIC_ACCESS,medium,machine-extracted phase-level CP; element tables pending
CPM-INFORMASI-GEOSPASIAL-F,ID,Kurikulum Nasional,2026,2026/2027,SMA,F,11-12,Informasi Geospasial,,,,CP-INFORMASI-GEOSPASIAL-F,"Pada akhir fase F, murid memiliki kemampuan sebagai berikut. 1. Survei Terestris Menghasilkan produk survei terestris yang meliputi pengukuran kerangka dasar vertikal dengan waterpass, kerangka dasar horizontal, detail situasi, stake out",,,,,,,,,CP-000,"Capaian Pembelajaran (master), id 119",,,https://kurikulum.kemendikdasmen.go.id/service/download.php?kategori=rujukan&id=119,,,extracted_machine,OFFICIAL_PUBLIC_ACCESS,medium,machine-extracted phase-level CP; element tables pending
CPM-GEOLOGI-PERTAMBANGAN-F,ID,Kurikulum Nasional,2026,2026/2027,SMA,F,11-12,Geologi Pertambangan,,,,CP-GEOLOGI-PERTAMBANGAN-F,"Pada akhir fase F, murid memiliki kemampuan sebagai berikut. 1. Batuan dan endapan bahan galian Menganalisis batuan dan endapan bahan galian yang meliputi analisis mineral, batuan, dan bahan galian. 2. Pemetaan topografi Mengembangkan peta topografi dari pengoperasian dan perawatan peralatan pengukuran, pengukuran dengan alat ukur analog dan digital, penghitungan data hasil pengukuran, serta pembuatan peta topografi dan membangun model 3D.",,,,,,,,,CP-000,"Capaian Pembelajaran (master), id 119",,,https://kurikulum.kemendikdasmen.go.id/service/download.php?kategori=rujukan&id=119,,,extracted_machine,OFFICIAL_PUBLIC_ACCESS,medium,machine-extracted phase-level CP; element tables pending
CPM-TEKNIK-PEMBORAN-MINYAK-DAN-GAS-F,ID,Kurikulum Nasional,2026,2026/2027,SMA,F,11-12,Teknik Pemboran Minyak dan Gas,,,,CP-TEKNIK-PEMBORAN-MINYAK-DAN-GAS-F,"Pada akhir fase F, murid memiliki kemampuan sebagai berikut. 1. Persiapan dalam Pemboran Menganalisis persiapan jalan, lokasi, air, peralatan pengeboran, transportasi, dan pembuatan cellar . 2. Mobilisasi rig up/rig down Menerapkan mobilisasi menara pemboran, mobilisasi menara pemboran, tegak menara (Rig Up), dan rebah menara ( Rig Down).",,,,,,,,,CP-000,"Capaian Pembelajaran (master), id 119",,,https://kurikulum.kemendikdasmen.go.id/service/download.php?kategori=rujukan&id=119,,,extracted_machine,OFFICIAL_PUBLIC_ACCESS,medium,machine-extracted phase-level CP; element tables pending
CPM-REKAYASA-PERANGKAT-LUNAK-F,ID,Kurikulum Nasional,2026,2026/2027,SMA,F,11-12,Rekayasa Perangkat Lunak,,,,CP-REKAYASA-PERANGKAT-LUNAK-F,"Pada akhir fase F, murid memiliki kemampuan sebagai berikut. 1. Operasi Crude Distilling Unit pengolahan minyak bumi Menerapkan operasi Crude Distilling Unit . 2. Operasi Vacuum Distilling Unit Menerapkan operasi Vacuum Distilling Unit . 3. Proses pengolahan gas bumi dan Penanganan bahaya gas H 2 S Menerapkan proses pengolahan gas bumi, penanganan bahaya gas H 2 S dan perlindungan diri dari bahaya gas H 2 S . 4. Proses pengolahan petrokimia Menerapkan proses pengolahan petrokimia. 5. Teknik sampling migas dan pengendalian mutu bahan bakar minyak. Menerapkan Teknik sampling migas dan pengendalian mutu bahan bakar minyak sesuai metode uji standar. 6. Blending produk migas Menerapkan blending produk migas. 7. Operasi boiler Menerapkan sistem kelistrikan boiler/ketel uap, sistem instrumentasi, sistem pengolahan air umpan boiler/ketel uap, sistem penyedia bahan bakar, boiler/ketel uap dan alat-alat perlengkapannya. VI.63.",,,,,,,,,CP-000,"Capaian Pembelajaran (master), id 119",,,https://kurikulum.kemendikdasmen.go.id/service/download.php?kategori=rujukan&id=119,,,extracted_machine,OFFICIAL_PUBLIC_ACCESS,medium,machine-extracted phase-level CP; element tables pending
CPM-PENGEMBANGAN-GIM-F,ID,Kurikulum Nasional,2026,2026/2027,SMA,F,11-12,Pengembangan Gim,,,,CP-PENGEMBANGAN-GIM-F,"Pada akhir fase F, murid memiliki kemampuan sebagai berikut. 1. Pemodelan gim Menganalisis game concept, game design document, game mechanic concept, game system concept, game technical concept, game level concept, game narrative concept, game user research concept, game design prototype, dan game design balancing. 2. Pemrograman gim Menerapkan pemrograman berbasis teks dan grafis yang diintegrasikan pada pemrograman gim ( game engine ),",,,,,,,,,CP-000,"Capaian Pembelajaran (master), id 119",,,https://kurikulum.kemendikdasmen.go.id/service/download.php?kategori=rujukan&id=119,,,extracted_machine,OFFICIAL_PUBLIC_ACCESS,medium,machine-extracted phase-level CP; element tables pending
CPM-SISTEM-INFORMASI-JARINGAN-DAN-F,ID,Kurikulum Nasional,2026,2026/2027,SMA,F,11-12,"Sistem Informasi, Jaringan, dan",,,,CP-SISTEM-INFORMASI-JARINGAN-DAN-F,"Pada akhir fase F, murid memiliki kemampuan sebagai berikut. 1. Instalasi dan Konfigurasi Jaringan Komputer Menerapkan instalasi jaringan komputer berbasis kabel dan nirkabel sesuai kebutuhan, menginstalasi dan mengonfigurasi perangkat jaringan, menguji konektivitas dan performa jaringan menggunakan alat ukur sesuai prosedur, serta mendokumentasikan hasil instalasi dan konfigurasi. 2. Sistem Keamanan Jaringan Menerapkan konsep keamanan jaringan serta berbagai jenis ancaman dan serangan, mengonfigurasi firewall dan pengaturan hak akses berdasarkan prinsip least privilege ,",,,,,,,,,CP-000,"Capaian Pembelajaran (master), id 119",,,https://kurikulum.kemendikdasmen.go.id/service/download.php?kategori=rujukan&id=119,,,extracted_machine,OFFICIAL_PUBLIC_ACCESS,medium,machine-extracted phase-level CP; element tables pending
CPM-TEKNIK-KOMPUTER-DAN-JARINGAN-F,ID,Kurikulum Nasional,2026,2026/2027,SMA,F,11-12,Teknik Komputer dan Jaringan,,,,CP-TEKNIK-KOMPUTER-DAN-JARINGAN-F,"Pada akhir fase F, murid memiliki kemampuan sebagai berikut. 1. Perencanaan dan pengalamatan jaringan Menerapkan perencanaan topologi, arsitektur jaringan sesuai kebutuhan serta pengalamatan jaringan ( subnetting , Classless Inter-Domain Routing (CIDR), dan Variable Length Subnet Mask (VLSM) ). 2. Teknologi jaringan kabel dan nirkabel Menerapkan instalasi jaringan kabel ( twisted pair cable dan fiber optic ) dan jaringan nirkabel. 3. Keamanan jaringan Menerapkan sistem keamanan jaringan.",,,,,,,,,CP-000,"Capaian Pembelajaran (master), id 119",,,https://kurikulum.kemendikdasmen.go.id/service/download.php?kategori=rujukan&id=119,,,extracted_machine,OFFICIAL_PUBLIC_ACCESS,medium,machine-extracted phase-level CP; element tables pending
CPM-TEKNIK-JARINGAN-AKSES-F,ID,Kurikulum Nasional,2026,2026/2027,SMA,F,11-12,Teknik Jaringan Akses,,,,CP-TEKNIK-JARINGAN-AKSES-F,"Pada akhir fase F, murid memiliki kemampuan sebagai berikut. 1. Teknik kerja bengkel dan kelistrikan Menerapkan penggunaan perkakas bidang telekomunikasi, pendokumentasian pemeliharaan grounding dan catu daya, serta instalasi listrik sederhana. 2. Sistem komputer, dan Internet of Things (IoT) Menerapkan konsep sistem komputer, komunikasi data, menerapkan pendokumentasian pemrograman dasar pada Internet of Things (IoT). 3. FTTx Menerapkan prinsip propagasi gelombang cahaya, konsep implementasi konfigurasi jaringan FTTx, menerapkan instalasi, terminasi, pengukuran, troubleshooting , serta pendokumentasian perencanaan jaringan FTTx menggunakan perangkat lunak yang relevan. 4. VSAT Menerapkan arsitektur sistem komunikasi satelit, instalasi, troubleshooting , dan pemeliharaan perangkat VSAT serta pendokumentasian perencanaan jaringan satelit. 5. Wireless Access Menerapkan pengetahuan dasar kelistrikan, grounding, instalasi, troubleshooting , pendokumentasian perencanaan, dan optimasi jaringan akses radio. 6. Customer Premise Equipment",,,,,,,,,CP-000,"Capaian Pembelajaran (master), id 119",,,https://kurikulum.kemendikdasmen.go.id/service/download.php?kategori=rujukan&id=119,,,extracted_machine,OFFICIAL_PUBLIC_ACCESS,medium,machine-extracted phase-level CP; element tables pending
CPM-LAYANAN-PENUNJANG-KEPERAWATAN-F,ID,Kurikulum Nasional,2026,2026/2027,SMA,F,11-12,Layanan Penunjang Keperawatan,,,,CP-LAYANAN-PENUNJANG-KEPERAWATAN-F,"Pada akhir fase F, murid memiliki kemampuan sebagai berikut. 1. Teknik Kerja Bengkel dan Kelistrikan Menerapkan perkakas bidang telekomunikasi, sistem grounding , catu daya, dan instalasi listrik sederhana. 2. Sistem komputer, elektronika, dan mikrokontroler Menerapkan pemrograman dasar, elektronika analog dan digital, mikrokontroler, serta sistem IoT dalam berbagai aplikasi. 3. Transmisi kabel serat optic Menerapkan konsep sistem jaringan kabel serat optik, perencanaan, instalasi jaringan, pengoprasian dan pemeliharaan serta troubleshooting jaringan kabel serat optik. 4. Transmisi satelit Menerapkan sistem transmisi satelit, perencanaan, instalasi, pengoperasian, dan pemeliharaan serta troubleshooting perangkat segmen bumi. 5. Transmisi radio terestrial dan seluler Menerapkan perencanaan, instalasi perangkat, pengoprasian, dan pemeliharaan serta troubleshooting perangkat transmisi radio terestrial dan seluler. VI.69.",,,,,,,,,CP-000,"Capaian Pembelajaran (master), id 119",,,https://kurikulum.kemendikdasmen.go.id/service/download.php?kategori=rujukan&id=119,,,extracted_machine,OFFICIAL_PUBLIC_ACCESS,medium,machine-extracted phase-level CP; element tables pending
CPM-LAYANAN-PENUNJANG-DENTAL-CARE-F,ID,Kurikulum Nasional,2026,2026/2027,SMA,F,11-12,Layanan Penunjang Dental Care,,,,CP-LAYANAN-PENUNJANG-DENTAL-CARE-F,"Pada akhir fase F, murid memiliki kemampuan sebagai berikut. 1. Dasar ilmu kesehatan gigi dan mulut Menganalisis anatomi fisiologi gigi dan mulut yang mencakup nama, lokasi dan fungsi bagian-bagian gigi dan mulut, terminologi gigi dan mulut, morfologi dan nomenklatur gigi; menganalisis penyakit gigi dan mulut, obat, bahan, peralatan kedokteran gigi; serta menerapkan",,,,,,,,,CP-000,"Capaian Pembelajaran (master), id 119",,,https://kurikulum.kemendikdasmen.go.id/service/download.php?kategori=rujukan&id=119,,,extracted_machine,OFFICIAL_PUBLIC_ACCESS,medium,machine-extracted phase-level CP; element tables pending
CPM-LAYANAN-PENUNJANG-LABORATORIUM-F,ID,Kurikulum Nasional,2026,2026/2027,SMA,F,11-12,Layanan Penunjang Laboratorium,,,,CP-LAYANAN-PENUNJANG-LABORATORIUM-F,"Pada akhir fase F, murid memiliki kemampuan sebagai berikut. 1. Praanalitik laboratorium Menerapkan prosedur praanalitik laboratorium. 2. Pengelolaan dan distribusi sampel Menerapkan pengelolaan dan distribusi sampel, kesesuaian persyaratan sampel dengan jenis dan bahan pemeriksaan yang digunakan di laboratorium klinik. 3. K3 laboratorium Menerapkan penanganan limbah infeksius yang dihasilkan oleh laboratorium medik. 4. Logistik laboratorium Menerapkan perencanaan, pengadaan, penerimaan, penyimpanan, pendistribusian alat dan bahan yang",,,,,,,,,CP-000,"Capaian Pembelajaran (master), id 119",,,https://kurikulum.kemendikdasmen.go.id/service/download.php?kategori=rujukan&id=119,,,extracted_machine,OFFICIAL_PUBLIC_ACCESS,medium,machine-extracted phase-level CP; element tables pending
CPM-FARMASI-INDUSTRI-F,ID,Kurikulum Nasional,2026,2026/2027,SMA,F,11-12,Farmasi Industri,,,,CP-FARMASI-INDUSTRI-F,"Pada akhir fase F, murid memiliki kemampuan sebagai berikut. 1. Pelayanan Farmasi Menerapkan prosedur pelayanan resep dan teknik pembuatan sediaan obat, serta pelayanan obat bebas, bebas terbatas, dan perbekalan kesehatan. 2. Administrasi Farmasi Menerapkan teknik dasar pengelolaan obat untuk memenuhi kebutuhan sediaan farmasi dan perbekalan kesehatan. 3. Farmakologi Menerapkan pemilihan obat-obatan untuk penyakit yang bersifat simtomatis dan kausal. 4. Farmakognosi Menganalisis sediaan obat tradisional, serta menerapkan pembuatan sediaan jamu. VI.73.",,,,,,,,,CP-000,"Capaian Pembelajaran (master), id 119",,,https://kurikulum.kemendikdasmen.go.id/service/download.php?kategori=rujukan&id=119,,,extracted_machine,OFFICIAL_PUBLIC_ACCESS,medium,machine-extracted phase-level CP; element tables pending
CPM-PEKERJAAN-SOSIAL-F,ID,Kurikulum Nasional,2026,2026/2027,SMA,F,11-12,Pekerjaan Sosial,,,,CP-PEKERJAAN-SOSIAL-F,"Pada akhir fase F, murid memiliki kemampuan sebagai berikut. 1. Relasi dengan PPKS dan lingkungan sosial Menerapkan citra positif pelayanan publik melalui keterampilan dasar dalam komunikasi termasuk komunikasi diagnostik, komunikasi terapeutik pada pelayanan pekerjaan sosial, public speaking dan personal grooming , serta relasi pertolongan dalam pekerjaan sosial mulai dari anak, lansia, penyandang disabilitas, dan korban penyalahgunaan NAPZA, serta saudara, keluarga, teman, dan anggota masyarakat di tempat PPKS berada. 2. Pengumpulan data Menerapkan teknik pengumpulan data sesuai prosedur pengumpulan data mulai dari perencanaan, proses pengumpulan data, penyesuaian pelayanan dengan kebutuhan dasar manusia/PPKS anak, lansia, penyandang disabilitas, dan korban penyalahgunaan NAPZA tentang masalah, harapan, kebutuhan, keinginan PPKS tersebut serta menerapkan rapport (Hubungan Kepercayaan) dari PPKS anak, lansia, penyandang disabilitas, dan korban penyalahgunaan NAPZA kepada pekerja sosial yang dituangkan dalam pencatatan dan pelaporan. 3. Asesmen masalah PPKS",,,,,,,,,CP-000,"Capaian Pembelajaran (master), id 119",,,https://kurikulum.kemendikdasmen.go.id/service/download.php?kategori=rujukan&id=119,,,extracted_machine,OFFICIAL_PUBLIC_ACCESS,medium,machine-extracted phase-level CP; element tables pending
CPM-AGRIBISNIS-TANAMAN-PERKEBUNAN-F,ID,Kurikulum Nasional,2026,2026/2027,SMA,F,11-12,Agribisnis Tanaman Perkebunan,,,,CP-AGRIBISNIS-TANAMAN-PERKEBUNAN-F,"Pada akhir fase F, murid memiliki kemampuan sebagai berikut. 1. Penyiapan Lahan Menerapkan penyiapan lahan tanaman perkebunan meliputi penentuan komoditas tanaman yang sesuai dengan potensi daerah, pemetaan lahan, dan pengolahan tanah untuk penanaman tanaman perkebunan. 2. Penyiapan Bibit Menerapkan penyiapan bibit tanaman perkebunan meliputi penyiapan lokasi, sarana, dan prasarana pembibitan, serta perbanyakan tanaman perkebunan secara vegetatif dan generatif. 3. Penanaman Bahan Tanam Menerapkan penanaman bahan tanam tanaman perkebunan meliputi penanaman dan penyulaman tanaman perkebunan sesuai karakteristik komoditas. 4. Pengairan Menerapkan pengairan meliputi berbagai sistem/teknik pengairan untuk pengembangan tanaman perkebunan. 5. Pemupukan Menerapkan pemupukan meliputi penggunaan berbagai jenis pupuk untuk perkembangan tanaman perkebunan 6. Pengendalian Organisme Pengganggu Tanaman (OPT) Menerapkan pengendalian Organisme Pengganggu Tanaman (OPT) meliputi pengendalian hama, penyebab",,,,,,,,,CP-000,"Capaian Pembelajaran (master), id 119",,,https://kurikulum.kemendikdasmen.go.id/service/download.php?kategori=rujukan&id=119,,,extracted_machine,OFFICIAL_PUBLIC_ACCESS,medium,machine-extracted phase-level CP; element tables pending
CPM-AGRIBISNIS-TANAMAN-PANGAN-DAN-F,ID,Kurikulum Nasional,2026,2026/2027,SMA,F,11-12,Agribisnis Tanaman Pangan dan,,,,CP-AGRIBISNIS-TANAMAN-PANGAN-DAN-F,"Pada akhir fase F, murid memiliki kemampuan sebagai berikut. 1. Persiapan pra tanam Menerapkan penyiapan media tanam untuk tanaman yang terdapat di lahan basah, lahan kering, di pot, dan tanaman yang ditanam dengan metode lainnya, seperti hidroponik, aquaponik, dan aeroponik maupun pertanian organik, secara konvensional dan/atau dengan alat modern. Penyiapan bibit secara generatif serta menerapkan penyiapan bibit secara vegetatif melalui perbanyakan secara vegetatif dari konvensional (stek, cangkok, sambung, okulasi) dan/atau sampai modern (kultur jaringan tanaman). 2. Penanaman dan pemeliharaan tanaman Menerapkan penanaman, penyulaman, berbagai teknik pengairan, pemupukan organik dan/atau anorganik, berbagai metode pengendalian gulma, hama dan/atau",,,,,,,,,CP-000,"Capaian Pembelajaran (master), id 119",,,https://kurikulum.kemendikdasmen.go.id/service/download.php?kategori=rujukan&id=119,,,extracted_machine,OFFICIAL_PUBLIC_ACCESS,medium,machine-extracted phase-level CP; element tables pending
CPM-AGRIBISNIS-PERBENIHAN-TANAMAN-F,ID,Kurikulum Nasional,2026,2026/2027,SMA,F,11-12,Agribisnis Perbenihan Tanaman,,,,CP-AGRIBISNIS-PERBENIHAN-TANAMAN-F,"Pada akhir fase F, murid memiliki kemampuan sebagai berikut. 1. Teknik produksi/penangkaran benih Menerapkan penyiapan benih induk, penyiapan lahan/media tanam, pembibitan, penanaman, pengairan, pemupukan, pengendalian organisme pengganggu tanaman (OPT), perlakuan khusus tanaman, penyilangan/polinasi dan/atau tanpa penyilangan roguing /seleksi, pemanenan, penanganan pasca panen. 2. Pengolahan dan pengujian mutu benih Menerapkan pembersihan, perlakuan benih, pengemasan, penyimpanan, pengujian kemurnian fisik, pengujian daya berkecambah, pengujian kadar air benih, pelaporan hasil",,,,,,,,,CP-000,"Capaian Pembelajaran (master), id 119",,,https://kurikulum.kemendikdasmen.go.id/service/download.php?kategori=rujukan&id=119,,,extracted_machine,OFFICIAL_PUBLIC_ACCESS,medium,machine-extracted phase-level CP; element tables pending
CPM-AGRIBISNIS-LANSKAP-DAN-F,ID,Kurikulum Nasional,2026,2026/2027,SMA,F,11-12,Agribisnis Lanskap dan,,,,CP-AGRIBISNIS-LANSKAP-DAN-F,"Pada akhir fase F, murid memiliki kemampuan sebagai berikut. 1. Material pembentuk taman Menganalisis jenis fungsi dan karakteristik material lunak ( softscape ) dan material keras ( hardscape ) pada taman. 2. Survei dan pengukuran lahan Menganalisis aspek fisik, aspek nonfisik pada tapak, dan menerapkan alat konvensional dan/atau modern dalam melakukan survei dan pengukuran tapak.",,,,,,,,,CP-000,"Capaian Pembelajaran (master), id 119",,,https://kurikulum.kemendikdasmen.go.id/service/download.php?kategori=rujukan&id=119,,,extracted_machine,OFFICIAL_PUBLIC_ACCESS,medium,machine-extracted phase-level CP; element tables pending
CPM-AGRIBISNIS-TERNAK-RUMINANSIA-F,ID,Kurikulum Nasional,2026,2026/2027,SMA,F,11-12,Agribisnis Ternak Ruminansia,,,,CP-AGRIBISNIS-TERNAK-RUMINANSIA-F,"Pada akhir fase F, murid memiliki kemampuan sebagai berikut. 1. Sarana Produksi Menerapkan penyiapan kandang pada ternak ruminansia. 2. Pengelolaan produksi Menerapkan pengelolaan produksi ternak Ruminansia 3. Pengelolaan pakan Menerapkan pengelolaan pakan hijauan, konsentrat dan sumber bahan pakan alternatif pada ternak ruminansia. 4. Kesehatan ternak dasar Menerapkan prosedur kesehatan ternak dasar pada ternak ruminansia. 5. Pembibitan ternak Menerapkan pembibitan ternak berdasarkan standar mutu ternak ruminansia. 6. Panen dan pascapanen",,,,,,,,,CP-000,"Capaian Pembelajaran (master), id 119",,,https://kurikulum.kemendikdasmen.go.id/service/download.php?kategori=rujukan&id=119,,,extracted_machine,OFFICIAL_PUBLIC_ACCESS,medium,machine-extracted phase-level CP; element tables pending
CPM-AGRIBISNIS-TERNAK-UNGGAS-F,ID,Kurikulum Nasional,2026,2026/2027,SMA,F,11-12,Agribisnis Ternak Unggas,,,,CP-AGRIBISNIS-TERNAK-UNGGAS-F,"Pada akhir fase F, murid memiliki kemampuan sebagai berikut: 1. Sarana prasarana produksi Menerapkan peralatan dan kandang ternak unggas. 2. Pengelolaan produksi Menerapkan pengelolaan produksi ternak unggas. 3. Pengelolaan pakan Menerapkan pengelolaan pakan ternak unggas. 4. Kesehatan Ternak Menerapkan kesehatan ternak unggas. 5. Panen dan pascapanen Menerapkan pemanenan produksi ternak unggas dan penanganan pascapanen. 6. Pemasaran hasil ternak",,,,,,,,,CP-000,"Capaian Pembelajaran (master), id 119",,,https://kurikulum.kemendikdasmen.go.id/service/download.php?kategori=rujukan&id=119,,,extracted_machine,OFFICIAL_PUBLIC_ACCESS,medium,machine-extracted phase-level CP; element tables pending
CPM-KESEHATAN-HEWAN-F,ID,Kurikulum Nasional,2026,2026/2027,SMA,F,11-12,Kesehatan Hewan,,,,CP-KESEHATAN-HEWAN-F,"Pada akhir fase F, murid memiliki kemampuan sebagai berikut. 1. Pengantar Kesehatan Hewan Menganalisis anatomi hewan, fisiologi hewan, agen penyebab penyakit hewan, obat hewan, vaksin hewan, dan menerapkan prinsip kesejahteraan hewan ( animal welfare ). 2. Pencegahan dan Pengendalian Penyakit Hewan Menganalisis gejala klinis penyakit hewan serta menerapkan pemeriksaan fisik hewan, perawatan hewan, pemberian obat dan vaksin pada hewan, prinsip biosecurity (K3LH), dan pemusnahan hewan atau bangkai. 3. Pemeriksaan dan Pengujian Laboratorium Menerapkan alat pengujian, pembedahan bangkai, pengambilan dan pemeriksaan sampel, dan pemeliharaan biakan mikroorganisme 4. Penanganan Reproduksi Hewan Menerapkan penanganan semen, teknologi reproduksi, pemeriksaan kebuntingan, penanganan kelahiran, dan gangguan reproduksi pada hewan. 5. Penjaminan Keamanan Produk Hewan",,,,,,,,,CP-000,"Capaian Pembelajaran (master), id 119",,,https://kurikulum.kemendikdasmen.go.id/service/download.php?kategori=rujukan&id=119,,,extracted_machine,OFFICIAL_PUBLIC_ACCESS,medium,machine-extracted phase-level CP; element tables pending
CPM-AGRIBISNIS-IKAN-HIAS-F,ID,Kurikulum Nasional,2026,2026/2027,SMA,F,11-12,Agribisnis Ikan Hias,,,,CP-AGRIBISNIS-IKAN-HIAS-F,"Pada akhir fase F, murid memiliki kemampuan sebagai berikut. 1. Pengelolaan agribisnis ikan hias Menerapkan tata kelola produksi, menerapkan sistem pemasaran produk, menjelaskan prosedur ekspor/impor/domestik agribisnis ikan hias dan menganalisis kelayakan usaha. 2. Pengelolaan kualitas air dan pengendalian hama penyakit Menerapkan pengelolaan kualitas air, menerapkan pengendalian hama dan penyakit ikan. 3. Produksi pakan alami dan pakan tambahan Menerapkan produksi pakan alami dan pakan tambahan. 4. Pembenihan ikan hias Menerapkan pengelolaan induk dan menerapkan pembenihan ikan hias. 5. Pendederan ikan hias Menerapkan padat tebar larva dan menerapkan pendederan. 6. Pembesaran ikan hias Menerapkan pembesaran ikan hias. 7. Pemanenan Memprediksi estimasi hasil produksi, menerapkan pemanenan; serta menerapkan penanganan ikan hias, pengemasan, dan sistem transportasi. 8. Pembuatan dekorasi akuarium/aquascape/paludarium Menerapkan penyiapan wadah, peralatan, dan bahan dekorasi; menghasilkan dekorasi",,,,,,,,,CP-000,"Capaian Pembelajaran (master), id 119",,,https://kurikulum.kemendikdasmen.go.id/service/download.php?kategori=rujukan&id=119,,,extracted_machine,OFFICIAL_PUBLIC_ACCESS,medium,machine-extracted phase-level CP; element tables pending
CPM-AGRIBISNIS-PERIKANAN-PAYAU-DAN-F,ID,Kurikulum Nasional,2026,2026/2027,SMA,F,11-12,Agribisnis Perikanan Payau dan,,,,CP-AGRIBISNIS-PERIKANAN-PAYAU-DAN-F,"Pada akhir fase F, murid memiliki kemampuan sebagai berikut. 1. Pengelolaan agribisnis perikanan payau dan laut Menerapkan analisis kelayakan usaha, analisis peluang usaha, perencanaan produksi, manajemen tata kelola produksi, pelaksanaan produksi, penghitungan estimasi panen, pendataan hasil produksi, peningkatan nilai jual produk perikanan, pemasaran, monitoring, dan evaluasi agribisnis perikanan payau dan laut serta menjelaskan perkembangan teknologi pada kegiatan agribisnis perikanan payau dan laut. 2. Pengelolaan kualitas air dan pengendalian hama penyakit ikan Menerapkan pengelolaan kualitas air dan pengendalian hama penyakit ikan serta pengobatan ikan yang sakit. 3. Produksi pakan alami dan pakan buatan Menerapkan produksi pakan alami baik secara terkontrol maupun secara massal; menerapkan produksi pakan buatan serta pengujian kualitas pakan, pengemasan, dan enrichment pakan. 4. Pembenihan perikanan payau dan laut Menerapkan pembenihan perikanan payau dan laut serta menerapkan teknologi di pembenihan sesuai dengan karakteristik satuan pendidikan kearifan lokal dan kebutuhan murid serta kebutuhan dunia kerja. 5. Pendederan perikanan payau dan laut",,,,,,,,,CP-000,"Capaian Pembelajaran (master), id 119",,,https://kurikulum.kemendikdasmen.go.id/service/download.php?kategori=rujukan&id=119,,,extracted_machine,OFFICIAL_PUBLIC_ACCESS,medium,machine-extracted phase-level CP; element tables pending
CPM-AGRIBISNIS-PERIKANAN-AIR-TAWAR-F,ID,Kurikulum Nasional,2026,2026/2027,SMA,F,11-12,Agribisnis Perikanan Air Tawar,,,,CP-AGRIBISNIS-PERIKANAN-AIR-TAWAR-F,"Pada akhir fase F, murid memiliki kemampuan sebagai berikut. 1. Pengelolaan kualitas air dan pengendalian hama penyakit Menerapkan pengelolaan kualitas air dan pengendalian hama penyakit ikan menggunakan metode konvensional dan/atau modern. 2. Produksi pakan alami dan pakan buatan Menerapkan produksi pakan alami dan pakan buatan, perhitungan formulasi pakan, penyiapan bahan baku pakan, pembuatan pakan, pengemasan dan pengujian pakan buatan menggunakan metode konvensional dan/atau alat modern. 3. Pembenihan komoditas perikanan air tawar Menerapkan pembenihan komoditas perikanan air tawar serta menerapkan teknologi pada pembenihan ikan menggunakan metode konvensional dan/atau alat modern. 4. Pendederan komoditas perikanan air tawar Menerapkan pendederan komoditas perikanan air tawar serta menerapkan teknologi pada pendederan ikan menggunakan metode konvensional dan/atau alat modern. 5. Pembesaran komoditas perikanan air tawar Menerapkan penyiapan wadah dan mengelola media pembesaran, seleksi benih ikan, pemberian pakan, pengelolaan kualitas air, pengendalian hama dan penyakit, pemantauan laju pertumbuhan, pemanenan hasil pembesaran dan pendataan secara terukur proses produksi pada pembesaran, serta penerapan teknologi pada pembesaran ikan menggunakan metode konvensional dan/atau alat modern. 6. Penanganan panen dan pascapanen",,,,,,,,,CP-000,"Capaian Pembelajaran (master), id 119",,,https://kurikulum.kemendikdasmen.go.id/service/download.php?kategori=rujukan&id=119,,,extracted_machine,OFFICIAL_PUBLIC_ACCESS,medium,machine-extracted phase-level CP; element tables pending
CPM-AGRIBISNIS-RUMPUT-LAUT-F,ID,Kurikulum Nasional,2026,2026/2027,SMA,F,11-12,Agribisnis Rumput Laut,,,,CP-AGRIBISNIS-RUMPUT-LAUT-F,"Pada akhir fase F, murid memiliki kemampuan sebagai berikut. 1. Pengantar Agribisnis Rumput Laut Menerapkan analisis jenis dan karakteristik rumput laut, memahami potensi, serta pengembangan dalam budidaya dan pemanfaatan rumput laut sesuai dengan karakteristik satuan pendidikan, kearifan lokal dan kebutuhan murid serta kebutuhan dunia kerja. 2. Pembibitan Rumput Laut Menerapkan pemanenan, dan penanganan bibit, pendistribusian bibit, serta pendataan yang terukur pada pembibitan rumput laut sesuai dengan karakteristik satuan pendidikan, kearifan lokal dan kebutuhan murid serta kebutuhan dunia kerja. 3. Penanaman dan Pemeliharaan Rumput Laut Menerapkan penanaman dan pemeliharaan, pengelolaan media penanaman, pengendalian hama dan penyakit, serta pendataan yang terukur pada penanaman dan pemeliharaan rumput laut sesuai dengan karakteristik",,,,,,,,,CP-000,"Capaian Pembelajaran (master), id 119",,,https://kurikulum.kemendikdasmen.go.id/service/download.php?kategori=rujukan&id=119,,,extracted_machine,OFFICIAL_PUBLIC_ACCESS,medium,machine-extracted phase-level CP; element tables pending
CPM-USAHA-PERTANIAN-TERPADU-F,ID,Kurikulum Nasional,2026,2026/2027,SMA,F,11-12,Usaha Pertanian Terpadu,,,,CP-USAHA-PERTANIAN-TERPADU-F,"Pada akhir fase F, murid memiliki kemampuan sebagai berikut. 1. Produksi pangan (food/ makanan) Menerapkan kegiatan produksi hasil dari tanaman, peternakan, dan produk hasil perikanan; menerapkan penanganan dan/atau pengolahan produk hasil panen dan pascapanen; dan menggunakan metode konvensional dan/atau alat modern. 2. Produksi pakan (feed/pakan)",,,,,,,,,CP-000,"Capaian Pembelajaran (master), id 119",,,https://kurikulum.kemendikdasmen.go.id/service/download.php?kategori=rujukan&id=119,,,extracted_machine,OFFICIAL_PUBLIC_ACCESS,medium,machine-extracted phase-level CP; element tables pending
CPM-MEKANISASI-PERTANIAN-F,ID,Kurikulum Nasional,2026,2026/2027,SMA,F,11-12,Mekanisasi Pertanian,,,,CP-MEKANISASI-PERTANIAN-F,"Pada akhir fase F, murid memiliki kemampuan sebagai berikut. 1. Alat mesin budi daya pertanian Menerapkan pengoperasian, perawatan, dan perbaikan alat mesin budidaya secara konvensional dan/atau modern. 2. Alat mesin pasca panen hasil pertanian Menerapkan pengoperasian, perawatan, dan perbaikan alat mesin pasca panen hasil pertanian secara konvensional dan/atau modern. 3. Pengukuran dan pemetaan lahan pertanian Menerapkan komunikasi efektif, penggunaan alat pengukuran dan pemetaan lahan pertanian, perawatan alat pengukuran dan pemetaan lahan pertanian secara non digital dan/atau digital; mendokumentasikan serta mengomunikasikan kegiatan pengukuran dan pemetaan lahan di lahan pertanian yang sebenarnya baik secara mandiri dan/atau kolaboratif. 4. Irigasi dan drainase Menganalisis hubungan air, tanah dan tanaman serta menerapkan perhitungan kebutuhan air, sistem irigasi, pompa, serta sistem drainase secara konvensional dan/atau modern. 5. Workshop alat mesin pertanian",,,,,,,,,CP-000,"Capaian Pembelajaran (master), id 119",,,https://kurikulum.kemendikdasmen.go.id/service/download.php?kategori=rujukan&id=119,,,extracted_machine,OFFICIAL_PUBLIC_ACCESS,medium,machine-extracted phase-level CP; element tables pending
CPM-AGRIBISNIS-PENGOLAHAN-HASIL-F,ID,Kurikulum Nasional,2026,2026/2027,SMA,F,11-12,Agribisnis Pengolahan Hasil,,,,CP-AGRIBISNIS-PENGOLAHAN-HASIL-F,"Pada akhir fase F, murid memiliki kemampuan sebagai berikut. 1. Produksi olahan hasil perikanan secara tradisional Menerapkan teknik penggaraman/pengeringan/ pemindangan/pengasapan/fermentasi hasil perikanan sampai dengan pengemasan dan pengembangan produk olahan hasil perikanan tradisional. 2. Produksi olahan diversifikasi produk hasil perikanan Menerapkan pembuatan surimi, produksi olahan diversifikasi berbahan dasar surimi/daging lumat/ikan",,,,,,,,,CP-000,"Capaian Pembelajaran (master), id 119",,,https://kurikulum.kemendikdasmen.go.id/service/download.php?kategori=rujukan&id=119,,,extracted_machine,OFFICIAL_PUBLIC_ACCESS,medium,machine-extracted phase-level CP; element tables pending
CPM-PENGAWASAN-MUTU-HASIL-PERTANIAN-F,ID,Kurikulum Nasional,2026,2026/2027,SMA,F,11-12,Pengawasan Mutu Hasil Pertanian,,,,CP-PENGAWASAN-MUTU-HASIL-PERTANIAN-F,"Pada akhir fase F, murid memiliki kemampuan sebagai berikut. 1. Teknik pengambilan sampel uji, Prinsip/teknik pengujian volumetri dan gravimetri dan penyajian data hasil pengujian",,,,,,,,,CP-000,"Capaian Pembelajaran (master), id 119",,,https://kurikulum.kemendikdasmen.go.id/service/download.php?kategori=rujukan&id=119,,,extracted_machine,OFFICIAL_PUBLIC_ACCESS,medium,machine-extracted phase-level CP; element tables pending
CPM-KEHUTANAN-F,ID,Kurikulum Nasional,2026,2026/2027,SMA,F,11-12,Kehutanan,,,,CP-KEHUTANAN-F,"Pada akhir fase F, murid memiliki kemampuan sebagai berikut. 1. Inventarisasi serta Pemetaan Sumber Daya Hutan Menerapkan secara menyeluruh proses inventarisasi sumber daya hutan, mulai dari perencanaan, pelaksanaan, pengumpulan dan pengolahan data, hingga penyajian hasil dalam bentuk yang informatif, melakukan pengukuran lapangan, mengolah data spasial, serta menggunakan teknologi pemetaan dan Sistem Informasi Geografis (SIG) secara kontekstual dalam kegiatan kehutanan. 2. Pembukaan wilayah dan pemanenan hasil hutan Menerapkan prinsip dasar dan tujuan dari pembukaan wilayah serta pemanenan hasil hutan secara bertanggung jawab sesuai rencana kerja, dan menganalisis dampak",,,,,,,,,CP-000,"Capaian Pembelajaran (master), id 119",,,https://kurikulum.kemendikdasmen.go.id/service/download.php?kategori=rujukan&id=119,,,extracted_machine,OFFICIAL_PUBLIC_ACCESS,medium,machine-extracted phase-level CP; element tables pending
CPM-TEKNIKA-KAPAL-PENANGKAP-IKAN-F,ID,Kurikulum Nasional,2026,2026/2027,SMA,F,11-12,Teknika Kapal Penangkap Ikan,,,,CP-TEKNIKA-KAPAL-PENANGKAP-IKAN-F,"Pada akhir fase F, murid memiliki kemampuan sebagai berikut. 1. Mesin penggerak kapal penangkap ikan Menerapkan pengoperasian tenaga penggerak kapal dan perawatan motor tempel serta motor diesel. 2. Mesin bantu kapal penangkap ikan Menerapkan pengoperasian, perawatan, dan perbaikan mesin bantu (termasuk perpipaan, ketel uap dan sistem kemudi) sistem hidrolik dan peralatan penanganan hasil tangkapan serta menganalisis kerusakan dan tindakan pencegahan sesuai prosedur. 3. Listrik dan sistem kontrol kapal penangkap ikan Menerapkan pengoperasian, pemeriksaan, dan perawatan peralatan kelistrikan dan peralatan kontrol. 4. Mesin pendingin Menerapkan pengoperasian, perawatan, dan perbaikan mesin pendingin di kapal penangkap ikan mulai dari instalasi sistem refrigerasi (kompresor, kondensor, evaporator dan expansion valve ) hingga penyambungan pipa pendingin. 5. Ilmu bahan, bahan bakar dan pelumas Menganalisis bahan–bahan teknik (logam dan nonlogam), proses pembuatan logam, karakteristik bahan teknik (sifat fisika, sifat kimia dan sifat mekanis), serta bahan bakar dan pelumas mulai dari jenis, sifat, dan kegunaannya. 6. Dinas jaga Menerapkan dinas jaga mesin (pengaturan dan serah terima dinas jaga mesin) dan pembuatan laporan (pengecekan parameter, komponen-komponen, tindakan perawatan dan perbaikan) sesuai prosedur. 7. Bahan dan alat tangkap penangkap ikan",,,,,,,,,CP-000,"Capaian Pembelajaran (master), id 119",,,https://kurikulum.kemendikdasmen.go.id/service/download.php?kategori=rujukan&id=119,,,extracted_machine,OFFICIAL_PUBLIC_ACCESS,medium,machine-extracted phase-level CP; element tables pending
CPM-NAUTIKA-KAPAL-PENANGKAP-IKAN-F,ID,Kurikulum Nasional,2026,2026/2027,SMA,F,11-12,Nautika Kapal Penangkap Ikan,,,,CP-NAUTIKA-KAPAL-PENANGKAP-IKAN-F,"Pada akhir fase F, murid memiliki kemampuan sebagai berikut. 1. Perencanaan pelayaran Menerapkan perencanaan pelayaran dengan berbagai peta laut dan buku publikasi navigasi; membaca tanda-tanda, simbol-simbol, keterangan-keterangan di",,,,,,,,,CP-000,"Capaian Pembelajaran (master), id 119",,,https://kurikulum.kemendikdasmen.go.id/service/download.php?kategori=rujukan&id=119,,,extracted_machine,OFFICIAL_PUBLIC_ACCESS,medium,machine-extracted phase-level CP; element tables pending
CPM-TEKNIKA-KAPAL-NIAGA-F,ID,Kurikulum Nasional,2026,2026/2027,SMA,F,11-12,Teknika Kapal Niaga,,,,CP-TEKNIKA-KAPAL-NIAGA-F,"Pada akhir fase F, murid memiliki kemampuan sebagai berikut. 1. Dinas jaga mesin (engineering watch) Menerapkan prosedur jaga laut, jaga pelabuhan, dan jaga saat berlabuh jangkar, mulai dari serah terima jaga, pelaksanaan tugas rutin, pengisian log book , hingga penyelesaian jaga, serta menilai kesesuaiannya dengan peraturan perundang-undangan dan STCW 1978 Amandemen 2010. 2. Mesin penggerak utama (main propulsion engine)",,,,,,,,,CP-000,"Capaian Pembelajaran (master), id 119",,,https://kurikulum.kemendikdasmen.go.id/service/download.php?kategori=rujukan&id=119,,,extracted_machine,OFFICIAL_PUBLIC_ACCESS,medium,machine-extracted phase-level CP; element tables pending
CPM-NAUTIKA-KAPAL-NIAGA-F,ID,Kurikulum Nasional,2026,2026/2027,SMA,F,11-12,Nautika Kapal Niaga,,,,CP-NAUTIKA-KAPAL-NIAGA-F,"Pada akhir fase F, murid memiliki kemampuan sebagai berikut. 1. Ilmu pelayaran datar (terrestrial navigation) Menerapkan cara menentukan posisi kapal dengan benda-benda di darat yang meliputi proyeksi bumi, peta, sistem pelampung IALA, buku publikasi navigasi, dan buku harian kapal. 2. Sistem navigasi elektronik (electronic navigation system) Menerapkan pengoperasian navigasi elektronik untuk menentukan posisi kapal dengan menggunakan GPS, ECDIS, Navtex, AIS, RADAR, Echo-sounders, dan ARPA. 3. Sistem kemudi dan kompas (compasses and steering system) Menerapkan pengoperasian sistem kemudi dan kompas di kapal berupa penentuan arah medan magnet bumi dan penyimpangan arah kapal, penggunaan kompas magnet, kesalahan pedoman magnet, perawatan kompas magnet, koreksi kompas dan azimuth, penggunaan kompas gasing ( gyro compass ), perhitungan compass error di kapal dan sistem kemudi manual dan otomatis. 4. Meteorologi (meteorology) Menerapkan instrumen meteorologi sebagai sumber data kapal dalam pelayaran berupa susunan atmosfer bumi, jenis- jenis awan, proses pembentukan front , tekanan udara/angin, kelembaban udara, arus, perkiraan cuaca di laut, dan penggunaan skala beaufort .",,,,,,,,,CP-000,"Capaian Pembelajaran (master), id 119",,,https://kurikulum.kemendikdasmen.go.id/service/download.php?kategori=rujukan&id=119,,,extracted_machine,OFFICIAL_PUBLIC_ACCESS,medium,machine-extracted phase-level CP; element tables pending
CPM-BISNIS-DIGITAL-F,ID,Kurikulum Nasional,2026,2026/2027,SMA,F,11-12,Bisnis Digital,,,,CP-BISNIS-DIGITAL-F,"Pada akhir fase F, murid memiliki kemampuan sebagai berikut. 1. Marketing Menganalisis struktur dan bentuk pasar, strategi bauran pemasaran, pengembangan produk, daur hidup produk ( product life cycle /PLC), dan strategi merek ( branding ), serta menerapkan penetapan harga jual dan melakukan promosi produk. 2. Perencanaan bisnis Menerapkan analisis lingkungan bisnis, perencanaan strategi bisnis, analisis usaha, menyusun proposal usaha, dan menerapkan strategi pengembangan usaha. 3. Komunikasi bisnis",,,,,,,,,CP-000,"Capaian Pembelajaran (master), id 119",,,https://kurikulum.kemendikdasmen.go.id/service/download.php?kategori=rujukan&id=119,,,extracted_machine,OFFICIAL_PUBLIC_ACCESS,medium,machine-extracted phase-level CP; element tables pending
CPM-BISNIS-RITEL-F,ID,Kurikulum Nasional,2026,2026/2027,SMA,F,11-12,Bisnis Ritel,,,,CP-BISNIS-RITEL-F,"Pada akhir fase F, murid memiliki kemampuan sebagai berikut. 1. Marketing Menganalisis konsep pasar dalam pemasaran (struktur dan bentuk pasar), serta menerapkan studi kelayakan usaha, penyusunan rencana usaha (proposal usaha atau Business Model Canvas ), strategi pemasaran (Segmenting, Targeting, Positioning) , dan strategi bauran pemasaran (4P atau 7P). 2. Customer Service Menganalisis ruang lingkup customer service dan menerapkan POS (Prosedur Operasional Standar) customer service dalam handling customer dan handling complain baik secara offline maupun online . 3. Komunikasi Bisnis Menerapkan konsep komunikasi bisnis baik secara lisan maupun tertulis dalam bahasa Indonesia dan atau bahasa asing (pembuatan surat bisnis, negosiasi bisnis, presentasi bisnis). 4. Pengelolaan Bisnis Ritel Menganalisis ruang lingkup bisnis ritel; menerapkan proses bisnis ritel (ordering, receiving, warehousing, displaying, selling) , daily activity retai l, strategi bauran ritel (Produk, Harga, Promosi, Pelayanan, Fasilitas Fisik), manajemen persediaan barang dagang (pencatatan, perhitungan, dan stock opname ); serta menganalisis waralaba. 5. Visual Merchandising Mengembangkan rencana visual merchandising (planogram), serta menerapkan visual merchandising , dan evaluasi visual merchandising . 6. Pengemasan dan Pengiriman Produk Menerapkan pengemasan produk, saluran distribusi, penyusunan dokumen pengiriman produk, dan pengiriman produk. 7. Administrasi Transaksi Menganalisis transaksi serta menerapkan pengoperasian alat transaksi (mesin kasir, printer struk, EDC, barcode scanner, money detector , timbangan), layanan pembayaran",,,,,,,,,CP-000,"Capaian Pembelajaran (master), id 119",,,https://kurikulum.kemendikdasmen.go.id/service/download.php?kategori=rujukan&id=119,,,extracted_machine,OFFICIAL_PUBLIC_ACCESS,medium,machine-extracted phase-level CP; element tables pending
CPM-MANAJEMEN-LOGISTIK-F,ID,Kurikulum Nasional,2026,2026/2027,SMA,F,11-12,Manajemen Logistik,,,,CP-MANAJEMEN-LOGISTIK-F,"Pada akhir fase F, murid memiliki kemampuan sebagai berikut. 1. Pengelolaan administrasi umum Menerapkan korespondensi Bahasa Indonesia dan Bahasa Inggris tingkat dasar, penanganan surat ( mail handling ), penyusunan surat, akses data dan informasi di tempat kerja, pencatatan kas kecil, penyusunan jadwal kegiatan pimpinan ( daily agenda ), dan penyusunan dokumen perjalanan dinas serta akomodasi dan transportasi perjalanan dinas ( business travelling arrangement ). 2. Komunikasi di tempat kerja Menerapkan prosedur berkomunikasi melalui telepon, presentasi, serta penanganan tamu kantor ( guest handling dalam bahasa Indonesia, bahasa Inggris, dan/atau bahasa asing lainnya. 3. Pengelolaan Kearsipan Menerapkan prosedur penyimpanan arsip, penggunaan arsip, pemeliharaan arsip, penentuan masa retensi arsip, serta penyusutan arsip secara manual maupun elektronik/digital. 4. Teknologi Perkantoran Mengembangkan berbagai dokumen kantor menggunakan aplikasi perkantoran ( office software ), serta menerapkan komputasi berbasis online ( cloud computing ). 5. Pengelolaan Rapat/Pertemuan Menerapkan pengelolaan rapat/pertemuan secara online maupun offline ; mengembangkan materi presentasi, dan membuat notulen rapat. 6. Pelayanan kepada kolega dan pelanggan Menganalisis kebutuhan kolega/pelanggan dan menerapkan prosedur penanganan pelanggan serta pemrosesan keluhan kolega dan pelanggan. VI.99.",,,,,,,,,CP-000,"Capaian Pembelajaran (master), id 119",,,https://kurikulum.kemendikdasmen.go.id/service/download.php?kategori=rujukan&id=119,,,extracted_machine,OFFICIAL_PUBLIC_ACCESS,medium,machine-extracted phase-level CP; element tables pending
CPM-LAYANAN-PERBANKAN-F,ID,Kurikulum Nasional,2026,2026/2027,SMA,F,11-12,Layanan Perbankan,,,,CP-LAYANAN-PERBANKAN-F,"Pada akhir fase F, murid memiliki kemampuan sebagai berikut. 1. Pengelolaan Kas Menerapkan pengelolaan kas sebagai bagian dari rekonsiliasi bank. 2. Layanan Perbankan dan Keuangan Mikro Menganalisis sistem perbankan di Indonesia serta menerapkan pemasaran produk atau layanan perbankan yang terintegrasi dengan perkembangan teknologi secara komunikatif, transaksi pada Lembaga Keuangan Non Bank, dan penyusunan laporan jasa lembaga keuangan. 3. Akuntansi Perbankan dan Keuangan Mikro Menganalisis perbedaan akuntansi bank dengan akuntansi keuangan; menyusun persamaan dasar akuntansi bank; mencatat transaksi produk layanan perbankan; menerapkan siklus akuntansi perbankan; menyusun laporan akuntansi perbankan, serta menyusun Laporan keuangan Entitas Tunggal untuk Skala Usaha Mikro, Kecil, dan Menengah. 4. Komputer akuntansi Menerapkan pengoperasian aplikasi komputer akuntansi dalam menyusun Laporan Keuangan Perbankan dan Laporan Keuangan entitas tunggal skala usaha Mikro kecil dan menengah untuk mendukung pekerjaannya. 5. Perpajakan Menganalisis ketentuan umum dan tata cara perpajakan, jenis-jenis pajak, secara mandiri menghitung pajak terutang, pemenuhan kewajiban wajib pajak pribadi dan badan, penyetor pajak kurang bayar, serta menyusun laporan pajak.",,,,,,,,,CP-000,"Capaian Pembelajaran (master), id 119",,,https://kurikulum.kemendikdasmen.go.id/service/download.php?kategori=rujukan&id=119,,,extracted_machine,OFFICIAL_PUBLIC_ACCESS,medium,machine-extracted phase-level CP; element tables pending
CPM-LAYANAN-PERBANKAN-SYARIAH-F,ID,Kurikulum Nasional,2026,2026/2027,SMA,F,11-12,Layanan Perbankan Syariah,,,,CP-LAYANAN-PERBANKAN-SYARIAH-F,"Pada akhir fase F, murid memiliki kemampuan sebagai berikut. 1. Pengelolaan Kas Menerapkan pengelolaan kas sebagai bagian dari rekonsiliasi bank. 2. Ekonomi Islam Menganalisis prinsip dan sistem ekonomi Islam, hukum ekonomi Islam dalam bank dan industri keuangan non bank syariah, menerapkan ZISWAF, jenis-jenis akad transaksi dalam fiqih muamalah, dan menguraikan ketentuan umum dan tata cara perpajakan (KUP). 3. Layanan Lembaga Keuangan Syariah Menerapkan layanan lembaga keuangan syariah terstandar",,,,,,,,,CP-000,"Capaian Pembelajaran (master), id 119",,,https://kurikulum.kemendikdasmen.go.id/service/download.php?kategori=rujukan&id=119,,,extracted_machine,OFFICIAL_PUBLIC_ACCESS,medium,machine-extracted phase-level CP; element tables pending
CPM-AKUNTANSI-F,ID,Kurikulum Nasional,2026,2026/2027,SMA,F,11-12,Akuntansi,,,,CP-AKUNTANSI-F,"Pada akhir fase F, murid memiliki kemampuan sebagai berikut. 1. Akuntansi perusahaan jasa, dagang dan manufaktur Menganalisis dokumen sumber dan dokumen pendukung pada perusahaan (entitas) untuk Wajib Pajak Orang Pribadi dan Badan, baik yang telah menjadi Pengusaha Kena Pajak (PKP) maupun non-PKP, serta menerapkan proses pencatatan transaksi ke dalam jurnal umum atau khusus, pencatatan transaksi ke dalam buku pembantu kartu piutang, kartu liabilitas, dan kartu persediaan barang dagang, posting jurnal umum atau khusus ke dalam buku besar, penyusunan neraca saldo, analisis transaksi penyesuaian, posting jurnal penyesuaian ke dalam buku besar, neraca lajur ( worksheet ), laporan laba/rugi, laporan perubahan modal (perubahan ekuitas), neraca (laporan posisi keuangan), laporan arus kas, dan catatan atas laporan keuangan, jurnal penutup, posting jurnal penutup ke dalam buku besar, serta neraca saldo setelah penutupan. 2. Akuntansi lembaga/instansi pemerintah Menerapkan standar akuntansi yang digunakan lembaga atau instansi pemerintah. 3. Akuntansi keuangan Menerapkan kartu piutang, kartu liabilitas, dan kartu persediaan, dokumen kas dan setara kas, kartu aset non lancar, penyajian laporan harga pokok produk, serta analisis berbagai jenis ekuitas entitas. 4. Komputer akuntansi Menerapkan aplikasi akuntansi modern yang terintegrasi dengan sistem informasi dan teknologi, termasuk dalam penerapan sistem akuntansi untuk bisnis berbasis penjualan daring ( e-commerce ).",,,,,,,,,CP-000,"Capaian Pembelajaran (master), id 119",,,https://kurikulum.kemendikdasmen.go.id/service/download.php?kategori=rujukan&id=119,,,extracted_machine,OFFICIAL_PUBLIC_ACCESS,medium,machine-extracted phase-level CP; element tables pending
CPM-USAHA-LAYANAN-WISATA-F,ID,Kurikulum Nasional,2026,2026/2027,SMA,F,11-12,Usaha Layanan Wisata,,,,CP-USAHA-LAYANAN-WISATA-F,"Pada akhir fase F, murid memiliki kemampuan sebagai berikut. 1. Pemesanan dan penghitungan tarif transportasi udara, darat, dan laut Menerapkan pengelolaan reservasi transportasi udara, darat, laut, destinasi wisata dan akomodasi secara manual atau menggunakan komputer, penggunaan bahasa Inggris pada tingkat operasional dasar, penyusunan perhitungan tarif, penyiapan tiket transportasi udara domestik dan internasional, dan identifikasi dokumen perjalanan. 2. Perencanaan dan pengelolaan perjalanan wisata Mengembangkan informasi produk dan menerapkan penyediaan informasi dan saran mengenai daerah tujuan wisata, pengaturan jasa pemasok, pengembangan rencana pengemasan paket produk wisata termasuk wisata berkelanjutan menggunakan Bahasa Inggris pada tingkat operasional dasar. 3. Pengelolaan kegiatan MICE secara luring dan/atau daring Menerapkan pembuatan proposal penawaran kegiatan MICE , pengelolaan kegiatan MICE secara luring dan/atau daring, dan protokol kegiatan MICE yang sesuai dengan unggulan daerah. 4. Pemanduan wisata dan memimpin rombongan wisata Menerapkan prosedur dasar pertolongan pertama, prosedur kesehatan, keselamatan kerja dan lingkungan hidup, kepemanduan wisata dan wisata berkelanjutan, pelayanan pada penjemputan ( transfer in ) dan pengantaran wisatawan",,,,,,,,,CP-000,"Capaian Pembelajaran (master), id 119",,,https://kurikulum.kemendikdasmen.go.id/service/download.php?kategori=rujukan&id=119,,,extracted_machine,OFFICIAL_PUBLIC_ACCESS,medium,machine-extracted phase-level CP; element tables pending
CPM-EKOWISATA-F,ID,Kurikulum Nasional,2026,2026/2027,SMA,F,11-12,Ekowisata,,,,CP-EKOWISATA-F,"Pada akhir fase F, murid memiliki kemampuan sebagai berikut. 1. Perencanaan dan pengemasan perjalanan ekowisata Menerapkan perencanaan dan pengemasan program perjalanan ekowisata, penginventarisasian potensi-potensi ekowisata; mengklasifikasikan komponen-komponen pendukung ekowisata; dan menerapkan pengemasan ekowisata berdasarkan pariwisata berkelanjutan. 2. Penghitungan biaya perjalanan ekowisata Menganalisis perhitungan harga, menerapkan pelaporan perhitungan harga, tindak lanjut perhitungan harga berdasarkan komponen-komponen biaya perjalanan ekowisata, seperti biaya transportasi, biaya akomodasi, dan komponen biaya lainnya. 3. Pengorganisasian dan operasionalisasi perjalanan ekowisata Menerapkan penyusunan langkah-langkah penyelenggaraan perjalanan ekowisata, menjalin hubungan dengan kalangan industri dan masyarakat setempat, penyusunan administrasi penyelenggaraan perjalanan ekowisata, penyusunan pengalokasian sumber daya tur, penyusunan pengembangan rencana operasional, penyusunan pengelolaan risiko operasional, pengoperasian tur di daerah wisata terpencil, koordinasi kegiatan pengoordinasian kegiatan pariwisata budaya yang sesuai, prosedur keselamatan dan keamanan sehingga dapat memantau aktivitas pariwisata yang sesuai dengan budaya, serta penggunaan Bahasa Inggris di tingkat operasional dasar. 4. Kepemanduan ekowisata Menganalisis materi interpretatif untuk kegiatan ekowisata, menerapkan pekerjaan sebagai pemandu wisata, menerapkan pengelolaan kegiatan interpretatif, penyusunan penyajian komentar wisata, penggunaan Bahasa Inggris di tingkat operasional dasar, dan keterampilan tambahan lainnya yang sesuai dengan karakteristik wilayah destinasi ekowisata.",,,,,,,,,CP-000,"Capaian Pembelajaran (master), id 119",,,https://kurikulum.kemendikdasmen.go.id/service/download.php?kategori=rujukan&id=119,,,extracted_machine,OFFICIAL_PUBLIC_ACCESS,medium,machine-extracted phase-level CP; element tables pending
CPM-PERHOTELAN-F,ID,Kurikulum Nasional,2026,2026/2027,SMA,F,11-12,Perhotelan,,,,CP-PERHOTELAN-F,"Pada akhir fase F, murid memiliki kemampuan sebagai berikut. 1. Front Office Menerapkan layanan front office berdasarkan okupasi telephone operator, reservation staff, bellboy, guest service agent, dan butler. 2. Housekeeping & Laundry Menerapkan pengetahuan dan keterampilan sesuai okupasi public area cleaner, room attendant, laundry attendant , dan florist attendan t. 3. Food & Beverage Service Menerapkan prosedur kerja sesuai okupasi waiter server di restoran dan room service, serta penerimaan dan penyimpanan barang sesuai standar kebersihan dan kerapian.",,,,,,,,,CP-000,"Capaian Pembelajaran (master), id 119",,,https://kurikulum.kemendikdasmen.go.id/service/download.php?kategori=rujukan&id=119,,,extracted_machine,OFFICIAL_PUBLIC_ACCESS,medium,machine-extracted phase-level CP; element tables pending
CPM-KULINER-F,ID,Kurikulum Nasional,2026,2026/2027,SMA,F,11-12,Kuliner,,,,CP-KULINER-F,"Pada akhir fase F, murid memiliki kemampuan sebagai berikut. 1. Kebersihan, Kesehatan, Keselamatan dan Kelestarian Lingkungan serta Analisis Bahaya dan Titik Kendali Kritis Menerapkan prosedur penggunaan alat pelindung diri dan alat pemadam api ringan (APAR), keamanan pangan dan prosedur analisis bahaya dan titik kendali kritis ( Hazard Analysis and Critical Control Points/HACCP ), kebersihan, kesehatan, keselamatan kerja, dan kelestarian lingkungan dengan pengelolaan limbah di bidang kuliner. 2. Persiapan Alat Memasak dan Bahan Makanan Menerapkan penggunaan alat dan bahan sesuai prosedur operasional standar (POS) industri, penyimpanan alat dan bahan sesuai POS serta menganalisis resep dan memilih bahan makanan dengan mempertimbangkan kandungan gizinya. 3. Pengolahan dan Penyajian Makanan dan Minuman",,,,,,,,,CP-000,"Capaian Pembelajaran (master), id 119",,,https://kurikulum.kemendikdasmen.go.id/service/download.php?kategori=rujukan&id=119,,,extracted_machine,OFFICIAL_PUBLIC_ACCESS,medium,machine-extracted phase-level CP; element tables pending
CPM-SPA-DAN-BEAUTY-THERAPY-F,ID,Kurikulum Nasional,2026,2026/2027,SMA,F,11-12,Spa dan Beauty Therapy,,,,CP-SPA-DAN-BEAUTY-THERAPY-F,"Pada akhir fase F, murid memiliki kemampuan sebagai berikut. 1. Manicure, pedicure, nail art, dan waxing Menerapkan penggunaan minyak atsiri ( aromatherapy ) untuk perawatan spa, refleksi untuk spa perawatan tangan, kaki dan kuku, menghias kuku ( nail art ), dan pencabutan bulu dengan wax ( waxing ) dengan teknik aplikasi sesuai jenis wax . 2. Perawatan wajah (facial beauty aesthetic) Menerapkan perawatan wajah (facial manual) dengan permasalahan kulit dan perawatan wajah lanjutan dengan berbagai teknologi. 3. Perawatan badan (body treatment) Menerapkan olah fisik, pijat badan Indonesia dan internasional untuk relaksasi, pijat punggung, serta perawatan badan meliputi, perawatan payudara, berendam ( hydrobath) , penguapan ( steam ), dan sauna. Menerapkan perawatan badan meliputi body scrub/exfoliating, perawatan masker badan tradisional dan khusus ( body mask ), perawatan masker dengan bahan segar, perawatan lulur dan boreh Bali, perawatan balut badan ( body wrap), dan perawatan ratus Jawa. 4. Penjualan jasa dan produk ritel pada usaha spa dan beauty therapy Menerapkan jasa layanan dan produk ritel serta harga satuan sesuai dengan segmentasi pasar sesuai usaha spa dan beauty therapy, penyiapan data informasi pengelolaan bisnis, penjualan dan strategi pemasaran, pengelolaan keuangan, analisis kinerja usaha, dan dokumentasi transaksi penjualan.",,,,,,,,,CP-000,"Capaian Pembelajaran (master), id 119",,,https://kurikulum.kemendikdasmen.go.id/service/download.php?kategori=rujukan&id=119,,,extracted_machine,OFFICIAL_PUBLIC_ACCESS,medium,machine-extracted phase-level CP; element tables pending
CPM-SENI-LUKIS-F,ID,Kurikulum Nasional,2026,2026/2027,SMA,F,11-12,Seni Lukis,,,,CP-SENI-LUKIS-F,"Pada akhir fase F, murid memiliki kemampuan sebagai berikut. 1. Seni lukis media kering Menganalisis gagasan; membuat sketsa; menyiapkan sarana kerja, bahan dan alat, serta membuat karya lukisan dengan media/bahan kering; serta mendokumentasikan, menyajikan, mempresentasikan, memasarkan, dan merawat karya dengan baik dan berkelanjutan. 2. Seni lukis cat air Menganalisis gagasan; membuat sketsa; menyiapkan sarana kerja, bahan, dan alat; membuat karya lukisan dengan cat air; serta mendokumentasikan, menyajikan,",,,,,,,,,CP-000,"Capaian Pembelajaran (master), id 119",,,https://kurikulum.kemendikdasmen.go.id/service/download.php?kategori=rujukan&id=119,,,extracted_machine,OFFICIAL_PUBLIC_ACCESS,medium,machine-extracted phase-level CP; element tables pending
CPM-DESAIN-KOMUNIKASI-VISUAL-F,ID,Kurikulum Nasional,2026,2026/2027,SMA,F,11-12,Desain Komunikasi Visual,,,,CP-DESAIN-KOMUNIKASI-VISUAL-F,"Pada akhir fase F, murid memiliki kemampuan sebagai berikut. 1. Patung Modelling Menerapkan desain tiga dimensi; menyusun konsep; dan mengaplikasikan keteknikan disertai kreativitas dan inovasi dalam menciptakan karya patung modelling. 2. Patung Plastering Menerapkan desain tiga dimensi; menyusun konsep; dan mengaplikasikan keteknikan disertai kreativitas dan inovasi dalam menciptakan karya patung plastering . 3. Patung Pahat (carving) Menerapkan desain tiga dimensi; menyusun konsep; dan mengaplikasikan keteknikan disertai kreativitas dan inovasi dalam menciptakan karya patung pahat (carving) . 4. Patung Rakit (assembling) Menerapkan desain tiga dimensi; menyusun konsep; dan mengaplikasikan keteknikan disertai kreativitas dan inovasi dalam menciptakan karya patung rakit (assembling) . 5. Patung Digital Menerapkan desain tiga dimensi; menyusun konsep; dan mengaplikasikan keteknikan disertai kreativitas dan inovasi dalam menciptakan karya patung digital. 6. Reproduksi 3D Menerapkan desain tiga dimensi; menyusun konsep; dan mengaplikasikan keteknikan disertai kreativitas dan inovasi dalam reproduksi 3D. VI.111.",,,,,,,,,CP-000,"Capaian Pembelajaran (master), id 119",,,https://kurikulum.kemendikdasmen.go.id/service/download.php?kategori=rujukan&id=119,,,extracted_machine,OFFICIAL_PUBLIC_ACCESS,medium,machine-extracted phase-level CP; element tables pending
CPM-TEKNIK-GRAFIKA-F,ID,Kurikulum Nasional,2026,2026/2027,SMA,F,11-12,Teknik Grafika,,,,CP-TEKNIK-GRAFIKA-F,"Pada akhir fase F, murid memiliki kemampuan sebagai berikut. 1. Desain Siap Cetak Berbagai Jenis Produk Cetakan Menerapkan komunikasi yang efektif; mengumpulkan data dan informasi penting; dan menganalisis kebutuhan komunikasi visual dari klien berdasarkan tujuan, sasaran,",,,,,,,,,CP-000,"Capaian Pembelajaran (master), id 119",,,https://kurikulum.kemendikdasmen.go.id/service/download.php?kategori=rujukan&id=119,,,extracted_machine,OFFICIAL_PUBLIC_ACCESS,medium,machine-extracted phase-level CP; element tables pending
CPM-KRIYA-KREATIF-BATIK-DAN-TEKSTIL-F,ID,Kurikulum Nasional,2026,2026/2027,SMA,F,11-12,Kriya Kreatif Batik dan Tekstil,,,,CP-KRIYA-KREATIF-BATIK-DAN-TEKSTIL-F,"Pada akhir fase F, murid memiliki kemampuan sebagai berikut. 1. Batik Menerapkan teori batik berupa batik tradisional maupun batik modern/batik pengembangan/inovasi; menerapkan keterampilan dan sikap dalam berkreasi pada pembuatan produk batik tulis, batik cap dan batik kombinasi sesuai prosedur persyaratan Keselamatan dan Kesehatan Kerja (K3) serta budaya kerja dengan memperhatikan persyaratan jaminan kualitas produk batik; membuat gambar desain sesuai dengan pola produk yang akan dibuat meliputi produk batik untuk kebutuhan rumah tangga maupun untuk produk fashion ; memilih alat dan bahan yang tepat untuk membuat karya batik; melaksanakan proses",,,,,,,,,CP-000,"Capaian Pembelajaran (master), id 119",,,https://kurikulum.kemendikdasmen.go.id/service/download.php?kategori=rujukan&id=119,,,extracted_machine,OFFICIAL_PUBLIC_ACCESS,medium,machine-extracted phase-level CP; element tables pending
CPM-KRIYA-KERAMIK-F,ID,Kurikulum Nasional,2026,2026/2027,SMA,F,11-12,Kriya Keramik,,,,CP-KRIYA-KERAMIK-F,"Pada akhir fase F, murid memiliki kemampuan sebagai berikut. 1. Produk Alas Kaki Menerapkan langkah pembuatan produk kulit alas kaki mulai dari menyiapkan bahan dan alat, membuat desain, mengukur kaki atau menggunakan acuan ( last ), membuat pola alas kaki, memotong bahan, menyeset komponen kulit ( upper ), menjahit komponen ( upper ), membuat sol, membentuk ( lasting ), merakit ( assembling ), hingga menyelesaikan tahap akhir ( finishing ). 2. Produk Non-Alas Kaki dan Non-Busana Menerapkan langkah pembuatan produk non-alas kaki dan non-busana mulai dari menyiapkan bahan dan alat, membuat desain, membuat pola, memotong bahan, menyeset, menjahit atau merakit, memasang aksesori, dan menyelesaikan tahap akhir ( finishing ). 3. Produk busana Menerapkan langkah pembuatan produk busana, mulai menyiapkan bahan dan alat, membuat desain mengukur badan atau busana, membuat pola, memotong komponen busana, menjahit atau merakit komponen bagian busana, memasang aksesori, dan menyelesaikan tahap akhir ( finishing ). 4. Produk tatah sungging kulit perkamen Menerapkan pembuatan produk tatah sungging kulit perkamen mulai dari menyiapkan bahan dan alat, membuat desain, memotong bahan, menatah, menyungging, dan menyelesaikan tahap akhir ( finishing ). VI.115.",,,,,,,,,CP-000,"Capaian Pembelajaran (master), id 119",,,https://kurikulum.kemendikdasmen.go.id/service/download.php?kategori=rujukan&id=119,,,extracted_machine,OFFICIAL_PUBLIC_ACCESS,medium,machine-extracted phase-level CP; element tables pending
CPM-KRIYA-KREATIF-LOGAM-DAN-F,ID,Kurikulum Nasional,2026,2026/2027,SMA,F,11-12,Kriya Kreatif Logam dan,,,,CP-KRIYA-KREATIF-LOGAM-DAN-F,"Pada akhir fase F, murid memiliki kemampuan sebagai berikut. 1. Pembuatan Perhiasan Menerapkan K3LH dan 5R, pengelolaan bahan logam pelat, pemotongan bahan logam kawat diameter 1 mm sampai dengan 3mm, penekukan bahan logam kawat diameter 1 mm sampai dengan 3 mm, pencanaian dengan teknik menggilas di antara dua landasan baja yang berputar (rolling mill) untuk mengejar bentuk yang diinginkan, pencanaian dengan teknik menarik logam dari suatu plat baja yang berlubang, pembuatan perhiasan tanpa permata, perhiasan dengan batu mulia potongan polos (potongan batu cembung), perhiasan dengan batu permata potongan bersegi (potongan batu segi), pematrian dengan teknik patri keras, pengecoran perhiasan, pemolesan dengan mesin poles yang merupakan bagian dari proses finishing produk kriya logam; dan pelapisan untuk pelindung permukaan logam (coating) . 2. Dekorasi dan Ketok Pembentukan Menerapkan K3LH dan 5R, pengolahan bahan logam pelat dan teknik etsa, proses mengukir pada logam pelat, pemolesan dengan mesin poles yang merupakan bagian dari proses finishing produk kriya logam, dan pelapisan untuk pelindung permukaan logam ( coating ). 3. Pengecoran Logam Menerapkan K3LH dan 5R, pengecoran dengan teknik cetak, pemolesan dengan mesin poles yang merupakan bagian dari proses finishing produk kriya logam, pewarnaan dalam proses penghiasan produk kriya logam; dan pelapisan untuk pelindung permukaan logam ( coating ). 4. Pengelasan dan Pembubutan Menerapkan K3LH dan 5R, teknik pengelasan dengan las oxy acetylene pada logam ferro yang merupakan bagian",,,,,,,,,CP-000,"Capaian Pembelajaran (master), id 119",,,https://kurikulum.kemendikdasmen.go.id/service/download.php?kategori=rujukan&id=119,,,extracted_machine,OFFICIAL_PUBLIC_ACCESS,medium,machine-extracted phase-level CP; element tables pending
CPM-SENI-PEDALANGAN-F,ID,Kurikulum Nasional,2026,2026/2027,SMA,F,11-12,Seni Pedalangan,,,,CP-SENI-PEDALANGAN-F,"Pada akhir fase F, murid memiliki kemampuan sebagai berikut 1. Praktik karawitan bersama Menerapkan pola permainan instrumen dan penyajian gending/lagu dalam praktik karawitan bersama, baik berfungsi sebagai sajian karawitan konser (karawitan mandiri) maupun sajian karawitan iringan (karawitan nonmandiri). 2. Praktik instrumen pokok Menerapkan pola permainan instrumen pokok dalam sajian repertoar gending/lagu. 3. Vokal karawitan Menerapkan teknik vokal dan menyajikan vokal karawitan. 4. Kreativitas karawitan Menerapkan karya kreativitas dalam bentuk “kemasan seni” berbasis perkembangan teknologi. VI.121.",,,,,,,,,CP-000,"Capaian Pembelajaran (master), id 119",,,https://kurikulum.kemendikdasmen.go.id/service/download.php?kategori=rujukan&id=119,,,extracted_machine,OFFICIAL_PUBLIC_ACCESS,medium,machine-extracted phase-level CP; element tables pending
CPM-PRODUKSI-DAN-SIARAN-PROGRAM-F,ID,Kurikulum Nasional,2026,2026/2027,SMA,F,11-12,Produksi dan Siaran Program,,,,CP-PRODUKSI-DAN-SIARAN-PROGRAM-F,"Pada akhir fase F, murid memiliki kemampuan sebagai berikut. 1. Proses Bisnis di Dunia Kerja Bidang Penataan Artistik Pertunjukan Menganalisis pekerjaan atau profesi dalam bidang penataan artistik seni pertunjukan. 2. Konsep Penataan Artistik Menganalisis konsep tata artistik berdasarkan hasil pengamatan terhadap seni pertunjukan dan/atau teks dramatik. 3. Alat dan Bahan Penataan Artistik Menganalisis alat dan bahan penataan artistik secara individu atau kelompok. 4. Desain Penataan Artistik Mengembangkan perencanaan artistik pertunjukan melalui desain penataan artistik secara individu atau kelompok 5. Teknik Penataan Artistik Menerapkan teknik penataan artistik secara individu atau kelompok 6. Presentasi Penataan Artistik Pertunjukan Menerapkan penataan artistik pertunjukan dengan memperhatikan budaya kerja secara mandiri dan/atau bergotong royong. VI.124.",,,,,,,,,CP-000,"Capaian Pembelajaran (master), id 119",,,https://kurikulum.kemendikdasmen.go.id/service/download.php?kategori=rujukan&id=119,,,extracted_machine,OFFICIAL_PUBLIC_ACCESS,medium,machine-extracted phase-level CP; element tables pending
CPM-PRODUKSI-FILM-F,ID,Kurikulum Nasional,2026,2026/2027,SMA,F,11-12,Produksi Film,,,,CP-PRODUKSI-FILM-F,"Pada akhir fase F, murid memiliki kemampuan sebagai berikut. 1. Manajemen produksi film Menerapkan prosedur kerja manajemen produksi film, organisasi sumber daya produksi, penyusunan dokumen pra produksi, produksi, dan pasca produksi untuk manajemen produksi film. 2. Penulisan naskah dan penyutradaraan film Menganalisis rujukan naskah film yang disediakan untuk membuktikan prinsip dasar prosedur penulisan naskah (Ide pokok, tema/ logline , basic story , sinopsis, treatment dan skenario), bentuk, format naskah, dan struktur penulisan naskah, serta breakdown naskah untuk penyutradaraan film. 3. Tata kamera dan tata cahaya film",,,,,,,,,CP-000,"Capaian Pembelajaran (master), id 119",,,https://kurikulum.kemendikdasmen.go.id/service/download.php?kategori=rujukan&id=119,,,extracted_machine,OFFICIAL_PUBLIC_ACCESS,medium,machine-extracted phase-level CP; element tables pending
CPM-DESAIN-DAN-PRODUKSI-BUSANA-F,ID,Kurikulum Nasional,2026,2026/2027,SMA,F,11-12,Desain dan Produksi Busana,,,,CP-DESAIN-DAN-PRODUKSI-BUSANA-F,"Pada akhir fase F, Murid memiliki kemampuan sebagai berikut 1. Gaya dan Pengembangan Desain Menerapkan desain dalam satu konsep gaya (style), trend , sustainable fashion , dan tema desain busana sesuai dengan figure dan gesture disertai detail rancangan tampak depan dan belakang untuk kebutuhan produksi ( technical drawing ) secara manual maupun digital. 2. Eksperimen Tekstil dan Desain Hiasan Menerapkan desain dan olah tekstil yang disesuaikan dengan kebutuhan industri dan kebudayaan daerah (batik/tenun/motif printing /mengolah bahan) serta menerapkan desain hiasan (renda/sulaman/kancing hias/bordir). 3. Persiapan Pembuatan Busana Menerapkan lembar kerja sesuai dengan spesifikasi desain, menerapkan langkah kerja produksi, pengukuran, pembuatan pola, pemotongan bahan, perhitungan biaya, dan penentuan harga produk. 4. Menjahit Produk Busana Menerapkan teknik menjahit sesuai dengan produk busana dan langkah kerja; menerapkan t rimming dan pressing , mengawasi mutu produk busana; menerapkan packaging busana; serta menerapkan penyelesaian akhir ( finishing ) busana. 5. Penyusunan Koleksi Busana Menerapkan perencanaan proyek pembuatan koleksi busana dan mempresentasikan koleksi busana secara pribadi atau kelompok.",,,,,,,,,CP-000,"Capaian Pembelajaran (master), id 119",,,https://kurikulum.kemendikdasmen.go.id/service/download.php?kategori=rujukan&id=119,,,extracted_machine,OFFICIAL_PUBLIC_ACCESS,medium,machine-extracted phase-level CP; element tables pending
CPM-KREATIVITAS-INOVASI-DAN-F,ID,Kurikulum Nasional,2026,2026/2027,SMA,F,11-12,"Kreativitas, Inovasi, dan",,,,CP-KREATIVITAS-INOVASI-DAN-F,"Pada akhir fase F, murid memiliki kemampuan sebagai berikut. 1. Kreativitas Menerapkan konsep kreativitas, pola pikir berkembang ( growth mindset ), karakter wirausaha, eksplorasi ide, penciptaan gagasan baru, dan mengaplikasikan kreativitas dalam praktik kewirausahaan. 2. Inovasi",,,,,,,,,CP-000,"Capaian Pembelajaran (master), id 119",,,https://kurikulum.kemendikdasmen.go.id/service/download.php?kategori=rujukan&id=119,,,extracted_machine,OFFICIAL_PUBLIC_ACCESS,medium,machine-extracted phase-level CP; element tables pending
CPM-MUATAN-PEMBERDAYAAN-A,ID,Kurikulum Nasional,2026,2026/2027,SD,A,1-2,Muatan Pemberdayaan,,,,CP-MUATAN-PEMBERDAYAAN-A,"Pada akhir fase A, murid memiliki kemampuan sebagai berikut. 1.1. Kesadaran Diri Mulai menampilkan identitas diri, perasaan, dan minat diri. 1.2. Harga Diri Mulai menampilkan rasa aman dan percaya terhadap lingkungan sekitar. 1.3. Kepercayaan Diri Mulai menampilkan keyakinan diri dan tanggung jawab dalam mencapai tujuan yang diinginkan, dan permasalahan dasar bagi dirinya. 1.4. Partisipasi Aktif Menampilkan peran dan perilaku individu secara sederhana sebagai bagian dari lingkungan keluarga. 1.5. Akses Terhadap Pengambilan Keputusan Menampilkan cara pemanfaatan ruang publik untuk melakukan perubahan sederhana pada lingkungan keluarga. 2. Fase B (Umumnya kelas III dan IV Muatan Paket A)",,,,,,,,,CP-000,"Capaian Pembelajaran (master), id 119",,,https://kurikulum.kemendikdasmen.go.id/service/download.php?kategori=rujukan&id=119,,,extracted_machine,OFFICIAL_PUBLIC_ACCESS,medium,machine-extracted phase-level CP; element tables pending
CPM-MUATAN-PEMBERDAYAAN-C,ID,Kurikulum Nasional,2026,2026/2027,SD,C,5-6,Muatan Pemberdayaan,,,,CP-MUATAN-PEMBERDAYAAN-C,"Pada akhir fase C, murid memiliki kemampuan sebagai berikut. 3.1. Kesadaran Diri Menampilkan identitas diri, perasaan, minat dan pendapat secara jelas dan rasional, serta cara pengendalian diri pada konteks lingkungan keluarga. 3.2. Harga Diri Menampilkan rasa aman, percaya terhadap lingkungan sekitar, peran, sikap dan perilaku diri pada lingkungan keluarga. 3.3. Kepercayaan Diri Menampilkan keyakinan diri, rasa optimis, tanggung jawab, dan bersikap secara objektif",,,,,,,,,CP-000,"Capaian Pembelajaran (master), id 119",,,https://kurikulum.kemendikdasmen.go.id/service/download.php?kategori=rujukan&id=119,,,extracted_machine,OFFICIAL_PUBLIC_ACCESS,medium,machine-extracted phase-level CP; element tables pending
CPM-MUATAN-PEMBERDAYAAN-D,ID,Kurikulum Nasional,2026,2026/2027,SMP,D,7-9,Muatan Pemberdayaan,,,,CP-MUATAN-PEMBERDAYAAN-D,"Pada akhir fase D, murid memiliki kemampuan sebagai berikut. 4.1. Kesadaran Diri Membangun identitas diri, perasaan, pendapat, minat dan potensi diri secara jelas, rasional dan argumentatif serta cara pengendalian diri pada konteks lingkungan keluarga dan satuan pendidikan. 4.2. Harga Diri Membangun rasa aman, percaya terhadap lingkungan sekitar, peran, sikap dan perilaku diri, kompetensi diri dalam penyelesaian permasalahan/tantangan yang terjadi pada konteks lingkungan keluarga dan satuan pendidikan. 4.3. Kepercayaan Diri Membangun keyakinan diri, rasa optimis, tanggung jawab, bersikap objektif dan rasional dalam mencapai tujuan yang ditetapkan dan diinginkan, serta permasalahan bagi dirinya pada konteks lingkungan keluarga dan satuan pendidikan. 4.4. Partisipasi Aktif",,,,,,,,,CP-000,"Capaian Pembelajaran (master), id 119",,,https://kurikulum.kemendikdasmen.go.id/service/download.php?kategori=rujukan&id=119,,,extracted_machine,OFFICIAL_PUBLIC_ACCESS,medium,machine-extracted phase-level CP; element tables pending
CPM-MUATAN-PEMBERDAYAAN-E,ID,Kurikulum Nasional,2026,2026/2027,SMA,E,10,Muatan Pemberdayaan,,,,CP-MUATAN-PEMBERDAYAAN-E,"Pada akhir fase E, murid memiliki kemampuan sebagai berikut. 5.1. Kesadaran Diri Merefleksikan identitas diri, perasaan, pendapat, minat dan potensi diri secara jelas, rasional, dan argumentatif berdasarkan referensi, serta cara pengendalian dan pengembangan diri pada konteks lingkungan keluarga dan satuan pendidikan. 5.2. Harga Diri Merefleksikan pengendalian dan pengembangan diri dari rasa aman, peran, sikap dan perilaku diri, dan kompetensi diri dalam penyelesaian permasalahan yang terjadi pada keluarga dan satuan pendidikan. 5.3. Kepercayaan Diri Merefleksikan keyakinan diri, rasa optimis, komitmen tanggung jawab, bersikap objektif dan berpikir rasional dalam mencapai tujuan yang ditetapkan dan diinginkan, serta permasalahan bagi dirinya pada konteks lingkungan keluarga dan satuan pendidikan. 5.4. Partisipasi Aktif Merefleksikan peran dan perilaku secara sederhana sebagai bagian dari lingkungan masyarakat. 5.5. Akses Terhadap Pengambilan Keputusan",,,,,,,,,CP-000,"Capaian Pembelajaran (master), id 119",,,https://kurikulum.kemendikdasmen.go.id/service/download.php?kategori=rujukan&id=119,,,extracted_machine,OFFICIAL_PUBLIC_ACCESS,medium,machine-extracted phase-level CP; element tables pending
CPM-MUATAN-PEMBERDAYAAN-F,ID,Kurikulum Nasional,2026,2026/2027,SMA,F,11-12,Muatan Pemberdayaan,,,,CP-MUATAN-PEMBERDAYAAN-F,"Pada akhir fase F, murid memiliki kemampuan sebagai berikut. 6.1. Kesadaran Diri Merefleksikan identitas diri, perasaan, pendapat, minat dan potensi diri secara jelas, rasional, dan argumentatif berdasarkan referensi serta cara pengendalian dan pengembangan diri pada konteks lingkungan keluarga, satuan pendidikan dan masyarakat. 6.2. Harga Diri Merefleksikan pengendalian dan pengembangan diri, peran, sikap dan perilaku diri, dan kompetensi diri dalam penyelesaian permasalahan/tantangan yang terjadi pada konteks lingkungan keluarga, satuan pendidikan, dan masyarakat. 6.3. Kepercayaan Diri Merefleksikan keyakinan diri, optimis, komitmen, tanggung jawab, bersikap objektif dan berpikir rasional dalam mencapai tujuan yang ditetapkan dan diinginkan, serta permasalahan bagi dirinya pada konteks lingkungan keluarga, satuan pendidikan dan masyarakat. 6.4. Partisipasi Aktif Merefleksikan peran dan perilaku secara kompleks sebagai bagian dari lingkungan masyarakat. 6.5. Akses Terhadap Pengambilan Keputusan Merefleksikan sikap dalam memanfaatkan ruang publik untuk melakukan perubahan dan proaktif melakukan pengawasan sosial, menjadi inisiator",,,,,,,,,CP-000,"Capaian Pembelajaran (master), id 119",,,https://kurikulum.kemendikdasmen.go.id/service/download.php?kategori=rujukan&id=119,,,extracted_machine,OFFICIAL_PUBLIC_ACCESS,medium,machine-extracted phase-level CP; element tables pending
CPM-MUATAN-KETERAMPILAN-ROBOTIKA-A,ID,Kurikulum Nasional,2026,2026/2027,SD,A,1-2,Muatan Keterampilan Robotika,,,,CP-MUATAN-KETERAMPILAN-ROBOTIKA-A,"Pada akhir fase A, murid memiliki kemampuan sebagai berikut. 1.1. Berpikir Komputasional Merefleksikan pola berpikir sistematis logis dengan membuat gambar berurutan dari berbagai kegiatan sehari-hari. 1.2. Algoritma dan Pemrograman Menyusun pemrograman sederhana pada gawai. 1.3. Eksplorasi Mekanika Mengevaluasi gerak mekanisme sederhana serta fungsinya. 1.4. Eksplorasi Elektronika Mengevaluasi komponen elektronika sederhana dan cara kerjanya. 1.5. Robotika Terapan Menemukan bentuk-bentuk robot sederhana di dalam kehidupan sehari-hari, serta menampilkan cara kerjanya. 2. Fase B (Umumnya kelas III dan IV Muatan Paket A)",,,,,,,,,CP-000,"Capaian Pembelajaran (master), id 119",,,https://kurikulum.kemendikdasmen.go.id/service/download.php?kategori=rujukan&id=119,,,extracted_machine,OFFICIAL_PUBLIC_ACCESS,medium,machine-extracted phase-level CP; element tables pending
CPM-MUATAN-KETERAMPILAN-ROBOTIKA-B,ID,Kurikulum Nasional,2026,2026/2027,SD,B,3-4,Muatan Keterampilan Robotika,,,,CP-MUATAN-KETERAMPILAN-ROBOTIKA-B,"Pada akhir fase B, murid memiliki kemampuan sebagai berikut. 2.1. Berpikir Komputasional Merefleksikan pola berpikir sistematis logis dengan membuat sebuah pola kerja robot dalam bentuk diagram blok. 2.2. Algoritma dan Pemrograman Merancang program robotika sederhana menggunakan gawai dan membuat perbaikan kesalahan pemrograman.",,,,,,,,,CP-000,"Capaian Pembelajaran (master), id 119",,,https://kurikulum.kemendikdasmen.go.id/service/download.php?kategori=rujukan&id=119,,,extracted_machine,OFFICIAL_PUBLIC_ACCESS,medium,machine-extracted phase-level CP; element tables pending
CPM-MUATAN-KETERAMPILAN-ROBOTIKA-C,ID,Kurikulum Nasional,2026,2026/2027,SD,C,5-6,Muatan Keterampilan Robotika,,,,CP-MUATAN-KETERAMPILAN-ROBOTIKA-C,"Pada akhir fase C, murid memiliki kemampuan sebagai berikut. 3.1. Berpikir Komputasional Merefleksikan pola berpikir sistematis logis dengan membuat sebuah pola cara kerja robot ke dalam bentuk bagan alur ( flowchart ). 3.2. Algoritma dan Pemrograman Merancang program robotika untuk menjalankan beberapa sensor pada gawai dan membuat perbaikan kesalahan pemrograman. 3.3. Eksplorasi Mekanika Mengevaluasi pesawat kompleks (gabungan beberapa pesawat sederhana) dan fungsinya. 3.4. Eksplorasi Elektronika Mengevaluasi komponen elektronika semikonduktor dan cara kerjanya. 3.5. Robotika Terapan Menemukan bentuk robot multisensor dalam kehidupan sehari-hari dan merancang projek robot dengan melakukan kombinasi sensor untuk menghidupkan diode pemancar cahaya ( LED ), speaker mini, pendengung ( buzzer )",,,,,,,,,CP-000,"Capaian Pembelajaran (master), id 119",,,https://kurikulum.kemendikdasmen.go.id/service/download.php?kategori=rujukan&id=119,,,extracted_machine,OFFICIAL_PUBLIC_ACCESS,medium,machine-extracted phase-level CP; element tables pending
CPM-MUATAN-KETERAMPILAN-ROBOTIKA-D,ID,Kurikulum Nasional,2026,2026/2027,SMP,D,7-9,Muatan Keterampilan Robotika,,,,CP-MUATAN-KETERAMPILAN-ROBOTIKA-D,"Pada akhir fase D, murid memiliki kemampuan sebagai berikut. 4.1. Berpikir Komputasional Merefleksikan pola berpikir sistematis logis dengan membuat pola cara kerja robot dalam membaca sensor dan menggerakkan aktuator menggunakan mikrokontroler. 4.2. Algoritma dan Pemrograman Merancang program robotika dengan pengulangan, variabel tertentu, serta membuat perbaikan kesalahan pemrograman pada mikrokontroler. 4.3. Eksplorasi Mekanika Mengevaluasi motor arus searah (DC) serta cara penggunaannya. 4.4. Eksplorasi Elektronika Mengevaluasi komponen mikrokontroler dan prinsip kerjanya. 4.5. Robotika Terapan Mengevaluasi komponen dasar robot berupa aktuator dan sensor, cara kerja mikrokontroler sederhana saat terhubung dengan gawai. Membuat projek robot yang dipasang dan dijalankan dalam papan mikrokontroler dengan konstruksi yang rapi secara mekanik maupun elektronik, serta menampilkan hasil karyanya. 5. Fase E (Umumnya untuk kelas X Program Paket C)",,,,,,,,,CP-000,"Capaian Pembelajaran (master), id 119",,,https://kurikulum.kemendikdasmen.go.id/service/download.php?kategori=rujukan&id=119,,,extracted_machine,OFFICIAL_PUBLIC_ACCESS,medium,machine-extracted phase-level CP; element tables pending
CPM-MUATAN-KETERAMPILAN-ROBOTIKA-E,ID,Kurikulum Nasional,2026,2026/2027,SMA,E,10,Muatan Keterampilan Robotika,,,,CP-MUATAN-KETERAMPILAN-ROBOTIKA-E,"Pada akhir fase E, murid memiliki kemampuan sebagai berikut. 5.1. Berpikir Komputasional Merefleksikan pola berpikir sistematis logis",,,,,,,,,CP-000,"Capaian Pembelajaran (master), id 119",,,https://kurikulum.kemendikdasmen.go.id/service/download.php?kategori=rujukan&id=119,,,extracted_machine,OFFICIAL_PUBLIC_ACCESS,medium,machine-extracted phase-level CP; element tables pending
CPM-MUATAN-KETERAMPILAN-ROBOTIKA-F,ID,Kurikulum Nasional,2026,2026/2027,SMA,F,11-12,Muatan Keterampilan Robotika,,,,CP-MUATAN-KETERAMPILAN-ROBOTIKA-F,"Pada akhir fase F, murid memiliki kemampuan sebagai berikut. 6.1. Berpikir Komputasional Merefleksikan pola berpikir sistematis logis dengan membuat pola cara kerja robot ke dalam bentuk diagram elektrik sederhana dan sistem kendali robot. 6.2. Algoritma dan Pemrograman Merancang program robotika atau sistem otomatisasi sebagai pengendali robot, serta mampu membuat perbaikan kesalahan dalam sistem kendali robot. 6.3. Eksplorasi Mekanika Mengevaluasi cara kerja aktuator pneumatik dan hidrolik serta penggunaannya.",,,,,,,,,CP-000,"Capaian Pembelajaran (master), id 119",,,https://kurikulum.kemendikdasmen.go.id/service/download.php?kategori=rujukan&id=119,,,extracted_machine,OFFICIAL_PUBLIC_ACCESS,medium,machine-extracted phase-level CP; element tables pending
CPM-MUATAN-KETERAMPILAN-A,ID,Kurikulum Nasional,2026,2026/2027,SD,A,1-2,Muatan Keterampilan,,,,CP-MUATAN-KETERAMPILAN-A,"Pada akhir fase A, murid memiliki kemampuan sebagai berikut. 1.1. Observasi dan eksplorasi Menemukan sampah organik dan anorganik yang ada di lingkungan rumah. Mengawali pembiasaan diri dalam mengurangi sampah plastik. 1.2. Perencanaan Menemukan pengelolaan sampah organik maupun anorganik secara sederhana yang ada di lingkungan rumah. 1.3. Pengolahan Mengawali pemilahan atau pengelompokkan sampah organik dan anorganik di lingkungan keluarga. 1.4. Pemasaran Merancang pemasaran sederhana dari produk pemilahan sampah yang ada di lingkungan keluarga, baik sampah organik maupun anorganik sehingga mempunyai nilai jual. 1.5. Refleksi Menemukan pentingnya lingkungan yang bersih dan sehat. Merefleksikan perlunya mengurangi timbulan sampah. 2. Fase B (Umumnya kelas III dan IV Program Paket A)",,,,,,,,,CP-000,"Capaian Pembelajaran (master), id 119",,,https://kurikulum.kemendikdasmen.go.id/service/download.php?kategori=rujukan&id=119,,,extracted_machine,OFFICIAL_PUBLIC_ACCESS,medium,machine-extracted phase-level CP; element tables pending
CPM-MUATAN-KETERAMPILAN-C,ID,Kurikulum Nasional,2026,2026/2027,SD,C,5-6,Muatan Keterampilan,,,,CP-MUATAN-KETERAMPILAN-C,"Pada akhir fase C, murid memiliki kemampuan sebagai berikut. 3.1. Observasi dan eksplorasi Menemukan pengelolaan sampah yang ada di lingkungan sekitar. Mengawali pembiasaan diri mengurangi sampah plastik dengan prinsip guna ulang. Merancang pemilahan dan pengelompokkan sampah. 3.2. Perencanaan Membuat perencanaan dalam melakukan pengelolaan sampah plastik yang ada di lingkungan sekitar. Menghasilkan perencanaan",,,,,,,,,CP-000,"Capaian Pembelajaran (master), id 119",,,https://kurikulum.kemendikdasmen.go.id/service/download.php?kategori=rujukan&id=119,,,extracted_machine,OFFICIAL_PUBLIC_ACCESS,medium,machine-extracted phase-level CP; element tables pending
CPM-MUATAN-KETERAMPILAN-D,ID,Kurikulum Nasional,2026,2026/2027,SMP,D,7-9,Muatan Keterampilan,,,,CP-MUATAN-KETERAMPILAN-D,"Pada akhir fase D, murid memiliki kemampuan sebagai berikut. 4.1. Observasi dan eksplorasi Menemukan jenis sampah yang dihasilkan lingkungan sekitar. Menghasilkan keterampilan sederhana berbahan sampah. Merefleksikan pembiasaan diri mengurangi sampah plastik di lingkungan sekitar sebagai tempat yang bersih dan sehat. 4.2. Perencanaan Murid mampu membuat perencanaan pengelolaan sampah yang dihasilkan lingkungan sekitar. Membuat perencanaan daur ulang sampah plastik. Membuat perencanaan daur ulang sampah plastik di lingkungan sekitar menjadi keterampilan bernilai guna. 4.3. Pengolahan Menyusun konsep pembiasaan mengurangi",,,,,,,,,CP-000,"Capaian Pembelajaran (master), id 119",,,https://kurikulum.kemendikdasmen.go.id/service/download.php?kategori=rujukan&id=119,,,extracted_machine,OFFICIAL_PUBLIC_ACCESS,medium,machine-extracted phase-level CP; element tables pending
CPM-MUATAN-KETERAMPILAN-E,ID,Kurikulum Nasional,2026,2026/2027,SMA,E,10,Muatan Keterampilan,,,,CP-MUATAN-KETERAMPILAN-E,"Pada akhir fase E, murid memiliki kemampuan sebagai berikut. 5.1. Observasi dan eksplorasi Menemukan jenis sampah yang dihasilkan industri kecil. Murid mampu menghasilkan pemanfaatan sampah industri kecil dengan konsep daur ulang. Merefleksikan prinsip pengelolaan sampah 3M (mengurangi, memakai kembali, mendaur ulang) untuk mewujudkan lingkungan yang bersih dan sehat. 5.2. Perencanaan Menyusun perencanaan pengelolaan sampah industri kecil. Membuat metode pembuatan barang layak jual dari bahan bekas. 5.3. Pengolahan Membuat konsep pengolahan produk hasil pemilahan sampah industri kecil dengan teknologi sederhana menjadi barang yang bernilai ekonomis. 5.4. Pemasaran Merancang pemasaran daring/luring produk hasil keterampilan dari bahan sampah industri kecil. 5.5. Refleksi Menghasilkan inovasi daur ulang sampah industri kecil menjadi barang yang bernilai jual.",,,,,,,,,CP-000,"Capaian Pembelajaran (master), id 119",,,https://kurikulum.kemendikdasmen.go.id/service/download.php?kategori=rujukan&id=119,,,extracted_machine,OFFICIAL_PUBLIC_ACCESS,medium,machine-extracted phase-level CP; element tables pending
CPM-MUATAN-KETERAMPILAN-PERTANIAN-F,ID,Kurikulum Nasional,2026,2026/2027,SMA,F,11-12,Muatan Keterampilan Pertanian,,,,CP-MUATAN-KETERAMPILAN-PERTANIAN-F,"Pada akhir fase F, murid memiliki kemampuan sebagai berikut. 6.1. Observasi dan eksplorasi Menemukan jenis sampah yang dihasilkan industri menengah. Menampilkan pemanfaatan sampah industri menengah menjadi produk layak jual. Merefleksikan lingkungan yang bersih dan sehat tanpa sampah dengan prinsip 3M (mengurangi, memakai kembali, mendaur ulang). 6.2. Perencanaan Menyusun perencanaan pengelolaan sampah industri menengah. Menghasilkan rancangan produk daur ulang sampah industri menengah menjadi barang bernilai ekonomis untuk dijual. 6.3. Pengolahan Murid mampu merancang pengelolaan sampah yang dihasilkan dari industri menengah dengan menggunakan teknologi tepat guna. 6.4. Pemasaran Merancang pemasaran daring/luring produk hasil keterampilan dari bahan sampah industri menengah. 6.5. Refleksi Merefleksikan dirinya menjadi panutan/contoh dalam memberikan saran perbaikan dan pengembangan produk hasil olahan sampah dari industri menengah. IV.",,,,,,,,,CP-000,"Capaian Pembelajaran (master), id 119",,,https://kurikulum.kemendikdasmen.go.id/service/download.php?kategori=rujukan&id=119,,,extracted_machine,OFFICIAL_PUBLIC_ACCESS,medium,machine-extracted phase-level CP; element tables pending
CPM-MUATAN-KETERAMPILAN-PERTANIAN-A,ID,Kurikulum Nasional,2026,2026/2027,SD,A,1-2,Muatan Keterampilan Pertanian,,,,CP-MUATAN-KETERAMPILAN-PERTANIAN-A,"Pada akhir fase A, murid memiliki kemampuan sebagai berikut. 1.1. Observasi dan Eksplorasi Menemukan jenis-jenis tanaman dan hewan yang dibudi dayakan (ikan atau hewan ternak) di daerah setempat dengan memperhatikan Keselamatan dan Kesehatan Kerja serta lingkungan hidup (K3LH). 1.2. Desain/Perencanaan Menyusun perencanaan pemeliharaan budi daya sistem pertanian terpadu sederhana meliputi penyiraman, pemberian pakan dan pembersihan lahan/kandang/kolam dengan memperhatikan Keselamatan dan Kesehatan Kerja serta lingkungan hidup (K3LH). 1.3. Produksi Membuktikan dengan prinsip dasar penyiraman, pemberian pakan dan pembersihan lahan/kandang/kolam dengan bimbingan pendidik serta memperhatikan Keselamatan dan Kesehatan Kerja serta lingkungan hidup (K3LH). 1.4. Promosi dan Pemasaran Menghasilkan promosi kegiatan pemeliharaan budi daya pertanian terpadu secara lisan dan tertulis dengan memperhatikan Keselamatan dan Kesehatan Kerja serta lingkungan hidup (K3LH).",,,,,,,,,CP-000,"Capaian Pembelajaran (master), id 119",,,https://kurikulum.kemendikdasmen.go.id/service/download.php?kategori=rujukan&id=119,,,extracted_machine,OFFICIAL_PUBLIC_ACCESS,medium,machine-extracted phase-level CP; element tables pending
CPM-MUATAN-KETERAMPILAN-PERTANIAN-B,ID,Kurikulum Nasional,2026,2026/2027,SD,B,3-4,Muatan Keterampilan Pertanian,,,,CP-MUATAN-KETERAMPILAN-PERTANIAN-B,"Pada akhir fase B, murid memiliki kemampuan sebagai berikut. 2.1. Observasi dan Eksplorasi Menemukan jenis-jenis tanaman dan hewan yang dibudi dayakan (ikan atau hewan ternak) yang berpotensi dalam budi daya sistem pertanian terpadu dengan memperhatikan Keselamatan dan Kesehatan Kerja serta lingkungan hidup (K3LH). 2.2. Desain/Perencanaan Menyusun rancangan kegiatan budi daya sistem pertanian terpadu meliputi persiapan alat, bahan, penyiraman, pemberian pakan, dan pembersihan lahan/kandang/kolam sesuai dengan teknik budi daya dengan memperhatikan Keselamatan dan Kesehatan Kerja serta lingkungan hidup (K3LH). 2.3. Produksi Membuktikan dengan prinsip dasar persiapan, penanaman, pemeliharaan, dan panen budi daya sistem pertanian terpadu dengan bimbingan pendidik serta memperhatikan Keselamatan dan Kesehatan Kerja serta lingkungan hidup (K3LH). 2.4. Promosi dan Pemasaran Menghasilkan promosi untuk memasarkan hasil budi daya dari sistem pertanian terpadu dengan menggunakan berbagai media dan teknologi dengan memperhatikan Keselamatan dan Kesehatan Kerja serta lingkungan hidup (K3LH). 3. Fase C (Umumnya kelas V dan VI Program Paket A)",,,,,,,,,CP-000,"Capaian Pembelajaran (master), id 119",,,https://kurikulum.kemendikdasmen.go.id/service/download.php?kategori=rujukan&id=119,,,extracted_machine,OFFICIAL_PUBLIC_ACCESS,medium,machine-extracted phase-level CP; element tables pending
CPM-MUATAN-KETERAMPILAN-PERTANIAN-C,ID,Kurikulum Nasional,2026,2026/2027,SD,C,5-6,Muatan Keterampilan Pertanian,,,,CP-MUATAN-KETERAMPILAN-PERTANIAN-C,"Pada akhir fase C, murid memiliki kemampuan sebagai berikut. 3.1. Observasi dan Eksplorasi Menemukan jenis-jenis dan metode",,,,,,,,,CP-000,"Capaian Pembelajaran (master), id 119",,,https://kurikulum.kemendikdasmen.go.id/service/download.php?kategori=rujukan&id=119,,,extracted_machine,OFFICIAL_PUBLIC_ACCESS,medium,machine-extracted phase-level CP; element tables pending
CPM-MUATAN-KETERAMPILAN-PERTANIAN-D,ID,Kurikulum Nasional,2026,2026/2027,SMP,D,7-9,Muatan Keterampilan Pertanian,,,,CP-MUATAN-KETERAMPILAN-PERTANIAN-D,"Pada akhir fase D, murid memiliki kemampuan sebagai berikut. 4.1. Observasi dan Eksplorasi Menemukan jenis-jenis tanaman dan hewan yang dibudidayakan (ikan atau hewan ternak) yang berpotensi dalam budi daya pertanian terpadu sesuai dengan konteks daerah setempat",,,,,,,,,CP-000,"Capaian Pembelajaran (master), id 119",,,https://kurikulum.kemendikdasmen.go.id/service/download.php?kategori=rujukan&id=119,,,extracted_machine,OFFICIAL_PUBLIC_ACCESS,medium,machine-extracted phase-level CP; element tables pending
CPM-MUATAN-KETERAMPILAN-PERTANIAN-E,ID,Kurikulum Nasional,2026,2026/2027,SMA,E,10,Muatan Keterampilan Pertanian,,,,CP-MUATAN-KETERAMPILAN-PERTANIAN-E,"Pada akhir fase E, murid memiliki kemampuan sebagai berikut. 5.1. Observasi dan Eksplorasi Menemukan bahan, alat, teknik, prosedur, dan sistem pertanian terpadu serta menentukan produk bernilai ekonomis dari berbagai sumber dengan memperhatikan Keselamatan dan Kesehatan Kerja serta lingkungan hidup (K3LH). 5.2. Desain/Perencanaan Menyusun rencana pengembangan kegiatan pertanian terpadu dengan pemanfaatan teknologi tepat guna berdasarkan analisis kebutuhan dan kelayakan pasar berdasarkan potensi lingkungan/kearifan lokal dan hasil",,,,,,,,,CP-000,"Capaian Pembelajaran (master), id 119",,,https://kurikulum.kemendikdasmen.go.id/service/download.php?kategori=rujukan&id=119,,,extracted_machine,OFFICIAL_PUBLIC_ACCESS,medium,machine-extracted phase-level CP; element tables pending
CPM-MUATAN-KETERAMPILAN-BARISTA-A,ID,Kurikulum Nasional,2026,2026/2027,SD,A,1-2,Muatan Keterampilan Barista,,,,CP-MUATAN-KETERAMPILAN-BARISTA-A,"Pada akhir fase A, murid memiliki kemampuan sebagai berikut. 1.1. Pengelolaan Bahan Baku Merefleksi buah kopi sebagai bahan minuman yang dikonsumsi di lingkungan keluarga atau sekitarnya. 1.2. Peralatan dan Perlengkapan Menggeneralisasi peralatan pembuatan minuman kopi yang dikonsumsi di lingkungan keluarga atau sekitar. 1.3. Pengelolaan Area Kerja Menggeneralisasi area kerja barista berdasarkan tayangan atau gambar. 1.4. Pelayanan Pelanggan Menampilkan layanan sederhana untuk berinteraksi kepada pelanggan dengan kalimat santun untuk mengucapkan salam, terima kasih, dan permintaan maaf 1.5. Pembuatan Produk Olahan Kopi Membuat minuman kopi secara sederhana yang dilakukan di lingkungan keluarga dengan pendampingan orang dewasa. 2. Fase B (Umumnya untuk Kelas III dan IV Program Paket A)",,,,,,,,,CP-000,"Capaian Pembelajaran (master), id 119",,,https://kurikulum.kemendikdasmen.go.id/service/download.php?kategori=rujukan&id=119,,,extracted_machine,OFFICIAL_PUBLIC_ACCESS,medium,machine-extracted phase-level CP; element tables pending
CPM-MUATAN-KETERAMPILAN-BARISTA-B,ID,Kurikulum Nasional,2026,2026/2027,SD,B,3-4,Muatan Keterampilan Barista,,,,CP-MUATAN-KETERAMPILAN-BARISTA-B,"Pada akhir fase B, murid memiliki kemampuan sebagai berikut. 2.1. Pengelolaan Bahan Baku Menggeneralisasi daerah penghasil kopi di Indonesia serta pengolahan kopi pasca panen. 2.2. Peralatan dan Perlengkapan Mengevaluasi peralatan pembuatan kopi yang ada di rumah dan/atau tempat minum kopi di sekitar serta fungsinya. 2.3. Pengelolaan Area Kerja Mengevaluasi area kerja barista yang harus dijaga kebersihannya. 2.4. Pelayanan Pelanggan Menampilkan komunikasi sederhana yang dilakukan penjual dan pembeli di tempat minum kopi (kedai kopi/ coffee shop ) berdasarkan tayangan atau dialog dalam bacaan dengan bermain peran. 2.5. Pembuatan Produk Olahan Kopi Membuat olahan kopi berdasarkan hasil pengamatan di tempat minum kopi (kedai kopi/ coffee shop ) yang ada di sekitarnya atau berdasarkan gambar/tayangan dengan bimbingan orang dewasa. 3. Fase C (Umumnya untuk Kelas V dan VI Program Paket A)",,,,,,,,,CP-000,"Capaian Pembelajaran (master), id 119",,,https://kurikulum.kemendikdasmen.go.id/service/download.php?kategori=rujukan&id=119,,,extracted_machine,OFFICIAL_PUBLIC_ACCESS,medium,machine-extracted phase-level CP; element tables pending
CPM-MUATAN-KETERAMPILAN-BARISTA-C,ID,Kurikulum Nasional,2026,2026/2027,SD,C,5-6,Muatan Keterampilan Barista,,,,CP-MUATAN-KETERAMPILAN-BARISTA-C,"Pada akhir fase C, murid memiliki kemampuan sebagai berikut. 3.1. Pengelolaan Bahan Baku Mengevaluasi potensi kopi sebagai komoditas ekspor berdasarkan data. 3.2. Peralatan dan Perlengkapan Menggeneralisasi peralatan pembuatan kopi yang digunakan di tempat minum kopi (kedai kopi/ coffee shop ) yang ada di sekitar atau berdasarkan gambar atau tayangan.",,,,,,,,,CP-000,"Capaian Pembelajaran (master), id 119",,,https://kurikulum.kemendikdasmen.go.id/service/download.php?kategori=rujukan&id=119,,,extracted_machine,OFFICIAL_PUBLIC_ACCESS,medium,machine-extracted phase-level CP; element tables pending
CPM-MUATAN-KETERAMPILAN-BARISTA-D,ID,Kurikulum Nasional,2026,2026/2027,SMP,D,7-9,Muatan Keterampilan Barista,,,,CP-MUATAN-KETERAMPILAN-BARISTA-D,"Pada akhir fase D, murid memiliki kemampuan sebagai berikut. 4.1. Pengelolaan Bahan Baku Menyusun pengolahan bahan baku pada kegiatan kerja barista dalam manual brewing . 4.2. Peralatan dan Perlengkapan Menampilkan pengelolaan peralatan manual brewing sederhana yang digunakan pada aktivitas barista serta melakukan kalibrasi masing- masing jenis peralatan kerja barista. 4.3. Pengelolaan Area Kerja Mengkritisi pengelolaan area kerja barista berkaitan dengan kebersihan area kerja, penataan peralatan, dan perlengkapan. 4.4. Pelayanan Pelanggan Menampilkan komunikasi berkaitan dengan produk barista yang ada di tempat kerja serta merefleksikan karakteristik pelanggan. 4.5. Pembuatan Produk Olahan Kopi Membuat produk olahan kopi manual brewing sederhana sesuai dengan prosedur operasional baku.",,,,,,,,,CP-000,"Capaian Pembelajaran (master), id 119",,,https://kurikulum.kemendikdasmen.go.id/service/download.php?kategori=rujukan&id=119,,,extracted_machine,OFFICIAL_PUBLIC_ACCESS,medium,machine-extracted phase-level CP; element tables pending
CPM-MUATAN-KETERAMPILAN-BARISTA-E,ID,Kurikulum Nasional,2026,2026/2027,SMA,E,10,Muatan Keterampilan Barista,,,,CP-MUATAN-KETERAMPILAN-BARISTA-E,"Pada akhir fase E, murid memiliki kemampuan sebagai berikut. 5.1. Pengelolaan Bahan Baku Menampilkan pengelolaan bahan baku pada manual brewing metode pour over dan immersion . 5.2. Peralatan dan Perlengkapan Menampilkan penggunaan peralatan manual brewing metode pour over dan immersion serta melakukan kalibrasi masing- masing jenis peralatan. 5.3. Pengelolaan Area Kerja Mengevaluasi efektivitas pengelolaan area kerja barista untuk mengoptimalkan pendayagunaan ruang dan area kerja barista. 5.4. Pelayanan Pelanggan Menampilkan pelayanan yang baik bagi pelanggan dan pesanan pelanggan. 5.5. Pembuatan Produk Olahan Kopi Membuat produk olahan kopi manual brewing metode pour over dan immersion sesuai dengan prosedur operasional baku untuk masing-masing produk. 6. Fase F (Umumnya untuk Kelas XI dan XII Program Paket C)",,,,,,,,,CP-000,"Capaian Pembelajaran (master), id 119",,,https://kurikulum.kemendikdasmen.go.id/service/download.php?kategori=rujukan&id=119,,,extracted_machine,OFFICIAL_PUBLIC_ACCESS,medium,machine-extracted phase-level CP; element tables pending
CPM-MUATAN-KETERAMPILAN-BARISTA-F,ID,Kurikulum Nasional,2026,2026/2027,SMA,F,11-12,Muatan Keterampilan Barista,,,,CP-MUATAN-KETERAMPILAN-BARISTA-F,"Pada akhir fase F, murid memiliki kemampuan sebagai berikut. 6.1. Pengelolaan Bahan Baku Menampilkan pengelolaan bahan baku yang akan digunakan pada manual brewing ( hybrid dan press ) dan mesin espresso. 6.2. Peralatan dan Perlengkapan Menampilkan penggunaan peralatan mesin espresso dan milk beverage serta pengoperasian dan melakukan kalibrasi masing-masing jenis peralatan.",,,,,,,,,CP-000,"Capaian Pembelajaran (master), id 119",,,https://kurikulum.kemendikdasmen.go.id/service/download.php?kategori=rujukan&id=119,,,extracted_machine,OFFICIAL_PUBLIC_ACCESS,medium,machine-extracted phase-level CP; element tables pending
CPM-MUATAN-KETERAMPILAN-PERIKANAN-A,ID,Kurikulum Nasional,2026,2026/2027,SD,A,1-2,Muatan Keterampilan Perikanan,,,,CP-MUATAN-KETERAMPILAN-PERIKANAN-A,"Pada akhir fase A, murid memiliki kemampuan sebagai berikut. 1.1. Wawasan Nusantara Merefleksikan kebaharian di daerah sekitarnya melalui kegiatan sederhana dengan bimbingan pendidik. 1.2. Proses Penangkapan Ikan Menemukan potensi sumber daya kelautan di lingkungan sekitarnya melalui kegiatan sederhana dengan bimbingan pendidik. 1.3. Penanganan dan Penyimpanan Hasil Tangkapan Ikan Menemukan penanganan sederhana hasil tangkapan ikan dengan bimbingan pendidik. 1.4. Pengolahan Hasil Perikanan Menemukan pengolahan sederhana tentang hasil perikanan dengan bimbingan pendidik. 1.5. Diversifikasi Produk dan Pemasaran Menampilkan variasi produk hasil pengolahan perikanan di lingkungan sekitarnya melalui kegiatan sederhana dengan bimbingan pendidik.",,,,,,,,,CP-000,"Capaian Pembelajaran (master), id 119",,,https://kurikulum.kemendikdasmen.go.id/service/download.php?kategori=rujukan&id=119,,,extracted_machine,OFFICIAL_PUBLIC_ACCESS,medium,machine-extracted phase-level CP; element tables pending
CPM-MUATAN-KETERAMPILAN-PERIKANAN-B,ID,Kurikulum Nasional,2026,2026/2027,SD,B,3-4,Muatan Keterampilan Perikanan,,,,CP-MUATAN-KETERAMPILAN-PERIKANAN-B,"Pada akhir fase B, murid memiliki kemampuan sebagai berikut. 2.1. Wawasan Nusantara Memiliki dan menampilkan rasa cinta kebaharian. 2.2. Proses Penangkapan Ikan Menampilkan potensi sumber daya perikanan di lingkungan sekitarnya. 2.3. Penanganan dan Penyimpanan Hasil Tangkapan Ikan Menampilkan proses penyimpanan hasil tangkapan ikan sederhana. 2.4. Pengolahan Hasil Perikanan Menampilkan jenis olahan hasil perikanan di lingkungan sekitarnya. 2.5. Diversifikasi Produk dan Pemasaran Membuat pengembangan produk olahan perikanan di lingkungan sekitarnya. 3. Fase C (Umumnya kelas V dan VI Program Paket A)",,,,,,,,,CP-000,"Capaian Pembelajaran (master), id 119",,,https://kurikulum.kemendikdasmen.go.id/service/download.php?kategori=rujukan&id=119,,,extracted_machine,OFFICIAL_PUBLIC_ACCESS,medium,machine-extracted phase-level CP; element tables pending
CPM-MUATAN-KETERAMPILAN-PERIKANAN-C,ID,Kurikulum Nasional,2026,2026/2027,SD,C,5-6,Muatan Keterampilan Perikanan,,,,CP-MUATAN-KETERAMPILAN-PERIKANAN-C,"Pada akhir fase C, murid memiliki kemampuan sebagai berikut. 3.1. Wawasan Nusantara Membangun semangat persatuan dan rasa cinta kebaharian dalam berbagai bentuk. 3.2. Proses Penangkapan Ikan Merefleksikan sarana dan prasarana penangkapan ikan di lingkungan sekitarnya. 3.3. Penanganan dan Penyimpanan Hasil Tangkapan Ikan Merefleksikan proses penanganan dan penyimpanan hasil tangkapan ikan sederhana. 3.4. Pengolahan Hasil Perikanan Merefleksikan kebutuhan alat dan bahan olahan hasil perikanan di lingkungan sekitarnya. 3.5. Diversifikasi Produk dan Pemasaran Membuat pengolahan produk kreatif perikanan",,,,,,,,,CP-000,"Capaian Pembelajaran (master), id 119",,,https://kurikulum.kemendikdasmen.go.id/service/download.php?kategori=rujukan&id=119,,,extracted_machine,OFFICIAL_PUBLIC_ACCESS,medium,machine-extracted phase-level CP; element tables pending
CPM-MUATAN-KETERAMPILAN-PERIKANAN-D,ID,Kurikulum Nasional,2026,2026/2027,SMP,D,7-9,Muatan Keterampilan Perikanan,,,,CP-MUATAN-KETERAMPILAN-PERIKANAN-D,"Pada akhir fase D, murid memiliki kemampuan sebagai berikut. 4.1. Wawasan Nusantara Merefleksikan nilai-nilai patriotisme untuk mewujudkan laut sebagai sumber kehidupan dan masa depan bangsa. 4.2. Proses Penangkapan Ikan Menggeneralisasi pengetahuan tentang alat penangkapan ikan dengan memperhatikan Keselamatan dan Kesehatan Kerja (K3). 4.3. Penanganan dan Penyimpanan Hasil Tangkapan Ikan Menggeneralisasi proses penanganan dan penyimpanan hasil tangkapan ikan secara tradisional dan modern dengan memperhatikan Keselamatan dan Kesehatan Kerja (K3). 4.4. Pengolahan Hasil Perikanan Menggeneralisasi proses pengolahan hasil perikanan secara tradisional dan modern dengan memperhatikan Keselamatan dan Kesehatan Kerja (K3). 4.5. Diversifikasi Produk dan Pemasaran Menggeneralisasi teknik pemasaran produk olahan perikanan di lingkungan sekitarnya. 5. Fase E (Umumnya untuk kelas X Program Paket C)",,,,,,,,,CP-000,"Capaian Pembelajaran (master), id 119",,,https://kurikulum.kemendikdasmen.go.id/service/download.php?kategori=rujukan&id=119,,,extracted_machine,OFFICIAL_PUBLIC_ACCESS,medium,machine-extracted phase-level CP; element tables pending
CPM-MUATAN-KETERAMPILAN-PERIKANAN-E,ID,Kurikulum Nasional,2026,2026/2027,SMA,E,10,Muatan Keterampilan Perikanan,,,,CP-MUATAN-KETERAMPILAN-PERIKANAN-E,"Pada akhir fase E, murid memiliki kemampuan sebagai berikut. 5.1. Wawasan Nusantara Merefleksikan nilai-nilai patriotisme untuk bekerja sama dengan berbagai pihak dalam upaya pelestarian dan pemanfaatan laut. 5.2. Proses Penangkapan Ikan Merefleksikan nautika perkapalan dan permesinan kapal dengan memperhatikan",,,,,,,,,CP-000,"Capaian Pembelajaran (master), id 119",,,https://kurikulum.kemendikdasmen.go.id/service/download.php?kategori=rujukan&id=119,,,extracted_machine,OFFICIAL_PUBLIC_ACCESS,medium,machine-extracted phase-level CP; element tables pending
CPM-MUATAN-KETERAMPILAN-PERIKANAN-F,ID,Kurikulum Nasional,2026,2026/2027,SMA,F,11-12,Muatan Keterampilan Perikanan,,,,CP-MUATAN-KETERAMPILAN-PERIKANAN-F,"Pada akhir fase F, murid memiliki kemampuan sebagai berikut. 6.1. Wawasan Nusantara Mengevaluasi sikap kemandirian dan semangat kebaharian untuk memberikan kontribusi pada sektor perikanan. 6.2. Proses Penangkapan Ikan Mengevaluasi pengoperasian peralatan dan permesinan kapal perikanan dengan memperhatikan Keselamatan dan Kesehatan Kerja (K3). 6.3. Penanganan dan Penyimpanan Hasil Tangkapan Ikan Mengevaluasi penanganan hasil tangkapan ikan dan proses penyimpanan secara modern di atas kapal dengan memperhatikan Keselamatan dan Kesehatan Kerja (K3). 6.4. Pengolahan Hasil Perikanan",,,,,,,,,CP-000,"Capaian Pembelajaran (master), id 119",,,https://kurikulum.kemendikdasmen.go.id/service/download.php?kategori=rujukan&id=119,,,extracted_machine,OFFICIAL_PUBLIC_ACCESS,medium,machine-extracted phase-level CP; element tables pending
CPM-MUATAN-KETERAMPILAN-TATA-BOGA-A,ID,Kurikulum Nasional,2026,2026/2027,SD,A,1-2,Muatan Keterampilan Tata Boga,,,,CP-MUATAN-KETERAMPILAN-TATA-BOGA-A,"Pada akhir fase A, murid memiliki kemampuan sebagai berikut. 1.1. Persiapan Pengolahan Menyusun bahan makanan di lingkungannya serta peralatan pengolahan makanan sederhana dan fungsinya. Menampilkan higiene sanitasi pribadi dan melakukan persiapan dasar pengolahan bahan makanan sederhana. 1.2. Pengolahan Makanan Menyusun berbagai teknik olah sederhana dan membuat pengolahan makanan menjadi makanan yang siap dimakan dengan pendampingan orang dewasa. 1.3. Penyajian Makanan Menyusun penyajian dan penataan makanan secara sederhana dengan menggunakan alat yang bersih. 1.4. Wirausaha Bidang Boga Menyusun penataan makanan secara sederhana untuk ditunjukkan pada keluarga. 2. Fase B (umumnya kelas III dan IV Program Paket A)",,,,,,,,,CP-000,"Capaian Pembelajaran (master), id 119",,,https://kurikulum.kemendikdasmen.go.id/service/download.php?kategori=rujukan&id=119,,,extracted_machine,OFFICIAL_PUBLIC_ACCESS,medium,machine-extracted phase-level CP; element tables pending
CPM-MUATAN-KETERAMPILAN-TATA-BOGA-B,ID,Kurikulum Nasional,2026,2026/2027,SD,B,3-4,Muatan Keterampilan Tata Boga,,,,CP-MUATAN-KETERAMPILAN-TATA-BOGA-B,"Pada akhir fase B, murid memiliki kemampuan sebagai berikut. 2.1. Persiapan Pengolahan Menyusun bahan makanan sesuai jenis di lingkungannya dan alat pengolahan sederhana. Menampilkan higiene sanitasi pribadi dan makanan serta mengenal unsur gizi pada bahan makanan.",,,,,,,,,CP-000,"Capaian Pembelajaran (master), id 119",,,https://kurikulum.kemendikdasmen.go.id/service/download.php?kategori=rujukan&id=119,,,extracted_machine,OFFICIAL_PUBLIC_ACCESS,medium,machine-extracted phase-level CP; element tables pending
CPM-MUATAN-KETERAMPILAN-TATA-BOGA-C,ID,Kurikulum Nasional,2026,2026/2027,SD,C,5-6,Muatan Keterampilan Tata Boga,,,,CP-MUATAN-KETERAMPILAN-TATA-BOGA-C,"Pada akhir fase C, murid memiliki kemampuan sebagai berikut. 3.1. Persiapan Pengolahan Menyusun dan membuat persiapan pengolahan sederhana sesuai dengan kebutuhan atau teknik pengolahan dan higiene sanitasi makanan. Menyusun unsur gizi pada makanan dan menyusun bahan tambahan pada makanan (pewarna, pemanis, perasa, pengenyal, pengawet). 3.2. Pengolahan Makanan Menyusun dan membuat makanan dengan teknik pengolahan panas basah dan panas kering untuk keperluan diri dan keluarga dengan memperhatikan Keselamatan dan Kesehatan Kerja (K3). 3.3. Penyajian Makanan Menyusun penyajian makanan dengan rapi dengan menggunakan alat yang bersih dalam porsi standar dengan garnish yang sesuai. 3.4. Wirausaha Bidang Boga Menyusun pembuatan makanan sederhana dengan cita rasa yang bernilai jual.",,,,,,,,,CP-000,"Capaian Pembelajaran (master), id 119",,,https://kurikulum.kemendikdasmen.go.id/service/download.php?kategori=rujukan&id=119,,,extracted_machine,OFFICIAL_PUBLIC_ACCESS,medium,machine-extracted phase-level CP; element tables pending
CPM-MUATAN-KETERAMPILAN-TATA-BOGA-D,ID,Kurikulum Nasional,2026,2026/2027,SMP,D,7-9,Muatan Keterampilan Tata Boga,,,,CP-MUATAN-KETERAMPILAN-TATA-BOGA-D,"Pada akhir fase D, murid memiliki kemampuan sebagai berikut. 4.1. Persiapan Pengolahan Merancang dan menyusun persiapan pengolahan makanan berkaitan dengan kebutuhan resep, unsur gizi, dan bahan tambahan makanan 5P (pengenyal, perasa, pengawet, pemanis, dan pewarna) dengan memperhatikan higiene sanitasi alat dan bahan serta keselamatan kerja. Membuat bumbu dasar dan bahan makanan lokal. 4.2. Pengolahan Makanan Merancang dan membuat makanan lokal dari bahan nabati dan hewani berdasarkan potensi daerah setempat sesuai dengan prosedur resep. 4.3. Penyajian Makanan Merancang pembuatan garnish dan penyajian makanan sesuai dengan standar porsi dengan penataan di alat saji sesuai daerah setempat 4.4. Wirausaha Bidang Boga Membangun karakter wirausaha bidang boga, pengetahuan tentang dasar dasar penjualan, perhitungan harga jual, teknik pengemasan sederhana dengan kemasan yang aman dan menarik. Menampilkan penjualan hasil boga untuk kalangan sendiri atau dengan penjualan secara langsung ( offline ) dan/atau tidak langsung ( online ). 5. Fase E (Umumnya kelas X Program Paket C)",,,,,,,,,CP-000,"Capaian Pembelajaran (master), id 119",,,https://kurikulum.kemendikdasmen.go.id/service/download.php?kategori=rujukan&id=119,,,extracted_machine,OFFICIAL_PUBLIC_ACCESS,medium,machine-extracted phase-level CP; element tables pending
CPM-MUATAN-KETERAMPILAN-TATA-BUSANA-A,ID,Kurikulum Nasional,2026,2026/2027,SD,A,1-2,Muatan Keterampilan Tata Busana,,,,CP-MUATAN-KETERAMPILAN-TATA-BUSANA-A,"Pada akhir fase A, murid memiliki kemampuan sebagai berikut. 1.1. Piranti Menjahit Menampilkan peralatan jahit tangan sederhana.yang digunakan dalam kehidupan sehari-hari. 1.2. Teknik Dasar Menjahit Menggeneralisasi bahan tekstil sederhana berdasarkan warna. Membuat tusuk jelujur serta tusuk tikam jejak dengan bimbingan orang dewasa. 1.3. Pembuatan Pola Menggeneralisasi bentuk pola busana sederhana. 1.4. Pembuatan Busana dan Lenan Rumah Tangga Menampilkan penggabungan potongan kain lurus dengan teknik jelujur dan tusuk tikam jejak dengan bimbingan orang dewasa. 1.5. Rancangan Harga Jual Mengevaluasi harga jenis kebutuhan bahan pokok dan bahan pendukung busana sederhana. 2. Fase B (Umumnya untuk kelas III dan IV Program Paket A)",,,,,,,,,CP-000,"Capaian Pembelajaran (master), id 119",,,https://kurikulum.kemendikdasmen.go.id/service/download.php?kategori=rujukan&id=119,,,extracted_machine,OFFICIAL_PUBLIC_ACCESS,medium,machine-extracted phase-level CP; element tables pending
CPM-MUATAN-KETERAMPILAN-TATA-BUSANA-B,ID,Kurikulum Nasional,2026,2026/2027,SD,B,3-4,Muatan Keterampilan Tata Busana,,,,CP-MUATAN-KETERAMPILAN-TATA-BUSANA-B,"Pada akhir fase B, murid memiliki kemampuan sebagai berikut. 2.1. Piranti Menjahit Mengevaluasi peralatan jahit sesuai yang digunakan. 2.2. Teknik Dasar Menjahit Merefleksikan bahan tekstil berdasarkan warna",,,,,,,,,CP-000,"Capaian Pembelajaran (master), id 119",,,https://kurikulum.kemendikdasmen.go.id/service/download.php?kategori=rujukan&id=119,,,extracted_machine,OFFICIAL_PUBLIC_ACCESS,medium,machine-extracted phase-level CP; element tables pending
CPM-MUATAN-KETERAMPILAN-TATA-BUSANA-C,ID,Kurikulum Nasional,2026,2026/2027,SD,C,5-6,Muatan Keterampilan Tata Busana,,,,CP-MUATAN-KETERAMPILAN-TATA-BUSANA-C,"Pada akhir fase C, murid memiliki kemampuan sebagai berikut. 3.1. Piranti Menjahit Menggeneralisasi mesin jahit manual dan alat jahit penunjang serta menampilkan penggunaannya. 3.2. Teknik Dasar Menjahit Menggeneralisasi bahan tekstil yang terbuat dari serat alam dan membuat fragmen busana bermain. 3.3. Pembuatan Pola Membuat penggandaan pola busana bermain. 3.4. Pembuatan Busana dan Lenan Rumah Tangga Menampilkan penjahitan busana bermain sesuai dengan tertib kerja menjahit menggunakan mesin jahit manual. 3.5. Rancangan Harga Jual Merencanakan penyediaan kebutuhan bahan pokok dan bahan pendukung busana bermain dan lenan rumah tangga sesuai dengan desain dan memprediksi harga jual.",,,,,,,,,CP-000,"Capaian Pembelajaran (master), id 119",,,https://kurikulum.kemendikdasmen.go.id/service/download.php?kategori=rujukan&id=119,,,extracted_machine,OFFICIAL_PUBLIC_ACCESS,medium,machine-extracted phase-level CP; element tables pending
CPM-MUATAN-KETERAMPILAN-TATA-BUSANA-D,ID,Kurikulum Nasional,2026,2026/2027,SMP,D,7-9,Muatan Keterampilan Tata Busana,,,,CP-MUATAN-KETERAMPILAN-TATA-BUSANA-D,"Pada akhir fase D, murid memiliki kemampuan sebagai berikut. 4.1. Piranti Menjahit Merefleksikan pengoperasian mesin jahit portable dan alat jahit penunjang serta menampilkan cara penggunaannya. 4.2. Teknik Dasar Menjahit Menggeneralisasi bahan tekstil dari serat buatan atau campuran dan membuat fragmen busana rumah. 4.3. Pembuatan Pola Mengevaluasi sketsa desain dan membuat pola busana rumah 4.4. Pembuatan Busana dan Lenan Rumah Tangga Menampilkan penjahitan busana rumah maupun lenan rumah tangga sesuai dengan tertib kerja menjahit menggunakan mesin jahit portable. 4.5. Rancangan Harga Jual Menyusun harga jual berdasarkan biaya pokok, biaya tambahan, dan laba pada busana rumah dan lenan rumah tangga sesuai desain. 5. Fase E (Umumnya untuk kelas X Program Paket C)",,,,,,,,,CP-000,"Capaian Pembelajaran (master), id 119",,,https://kurikulum.kemendikdasmen.go.id/service/download.php?kategori=rujukan&id=119,,,extracted_machine,OFFICIAL_PUBLIC_ACCESS,medium,machine-extracted phase-level CP; element tables pending
CPM-MUATAN-KETERAMPILAN-TATA-BUSANA-E,ID,Kurikulum Nasional,2026,2026/2027,SMA,E,10,Muatan Keterampilan Tata Busana,,,,CP-MUATAN-KETERAMPILAN-TATA-BUSANA-E,"Pada akhir fase E, murid memiliki kemampuan sebagai berikut. 5.1. Piranti Menjahit Merefleksikan pengoperasian mesin jahit industri dan alat jahit penunjang untuk membuat busana. Menampilkan pemeliharaan mesin jahit secara berkala. 5.2. Teknik Dasar Menjahit Mengevaluasi bahan tekstil berdasarkan jenis busana. Membuat fragmen busana satuan pendidikan. 5.3. Pembuatan Pola",,,,,,,,,CP-000,"Capaian Pembelajaran (master), id 119",,,https://kurikulum.kemendikdasmen.go.id/service/download.php?kategori=rujukan&id=119,,,extracted_machine,OFFICIAL_PUBLIC_ACCESS,medium,machine-extracted phase-level CP; element tables pending
CPM-MUATAN-KETERAMPILAN-TATA-BUSANA-F,ID,Kurikulum Nasional,2026,2026/2027,SMA,F,11-12,Muatan Keterampilan Tata Busana,,,,CP-MUATAN-KETERAMPILAN-TATA-BUSANA-F,"Pada akhir fase F, murid memiliki kemampuan sebagai berikut. 6.1. Piranti Menjahit Merefleksikan pengoperasian mesin jahit industri dan alat jahit penunjang, mengevaluasi penggunaannya. Menampilkan cara memperbaiki kerusakan ringan pada mesin jahit. 6.2. Teknik Dasar Menjahit Mengkritisi bahan tekstil berdasarkan jenis busana. Membuat fragmen busana daerah dan busana kerja. 6.3. Pembuatan Pola Merancang sketsa desain, membuat pola busana daerah dan busana kerja. Menyusun tertib kerja menjahit dan standar mutu jahitan serta merancang bahan secara terperinci. 6.4. Pembuatan Busana dan Lenan Rumah Tangga Menampilkan penjahitan busana daerah dan busana kerja maupun lenan rumah tangga sesuai tertib kerja menjahit dan standar mutu jahitan. Menampilkan penggunaan mesin jahit",,,,,,,,,CP-000,"Capaian Pembelajaran (master), id 119",,,https://kurikulum.kemendikdasmen.go.id/service/download.php?kategori=rujukan&id=119,,,extracted_machine,OFFICIAL_PUBLIC_ACCESS,medium,machine-extracted phase-level CP; element tables pending
CPM-MUATAN-KETERAMPILAN-KOMPUTER-A,ID,Kurikulum Nasional,2026,2026/2027,SD,A,1-2,Muatan Keterampilan Komputer,,,,CP-MUATAN-KETERAMPILAN-KOMPUTER-A,"Pada akhir fase A, murid memiliki kemampuan sebagai berikut. 1.1. Sistem Komputer (SK) Menampilkan pengoperasian perangkat keras dan lunak. Menggeneralisasi permasalahan pada perangkat yang digunakan.",,,,,,,,,CP-000,"Capaian Pembelajaran (master), id 119",,,https://kurikulum.kemendikdasmen.go.id/service/download.php?kategori=rujukan&id=119,,,extracted_machine,OFFICIAL_PUBLIC_ACCESS,medium,machine-extracted phase-level CP; element tables pending
CPM-MUATAN-KETERAMPILAN-KOMPUTER-B,ID,Kurikulum Nasional,2026,2026/2027,SD,B,3-4,Muatan Keterampilan Komputer,,,,CP-MUATAN-KETERAMPILAN-KOMPUTER-B,"Pada akhir fase B, murid memiliki kemampuan sebagai berikut. 2.1. Sistem Komputer (SK) Menggeneralisasi fitur perangkat keras dan lunak serta menerapkan pengoperasian dasar program atau aplikasi dan menggeneralisasi permasalahan pada perangkat yang digunakan. 2.2. Pengolah Kata (PK) Menampilkan pengoperasian aplikasi pengolah kata yang berkaitan dengan tulisan atau gambar digital yang kreatif. 2.3. Pengolah Angka (PA) Menampilkan aplikasi pengolah angka yang berkaitan dengan pengolahan, penampilan data dan angka secara sederhana. Menampilkan tabel dan diagram sesuai dengan konteks. 2.4. Pengolah Presentasi (PP) Menampilkan penggunaan aplikasi pengolah presentasi terkait data dan gambar secara terstruktur dan komunikatif.",,,,,,,,,CP-000,"Capaian Pembelajaran (master), id 119",,,https://kurikulum.kemendikdasmen.go.id/service/download.php?kategori=rujukan&id=119,,,extracted_machine,OFFICIAL_PUBLIC_ACCESS,medium,machine-extracted phase-level CP; element tables pending
CPM-MUATAN-KETERAMPILAN-KOMPUTER-C,ID,Kurikulum Nasional,2026,2026/2027,SD,C,5-6,Muatan Keterampilan Komputer,,,,CP-MUATAN-KETERAMPILAN-KOMPUTER-C,"Pada akhir fase C, murid memiliki kemampuan sebagai berikut. 3.1. Sistem Komputer (SK) Menampilkan pengoperasian fitur perangkat keras dan lunak dan antarmuka pengguna dengan perangkat periferal. Menggeneralisasi permasalahan pada perangkat yang digunakan. 3.2. Pengolah Kata (PK) Menampilkan penggunaan aplikasi pengolah kata yang berkaitan dengan tulisan atau gambar digital yang kreatif. 3.3. Pengolah Angka (PA) Menampilkan penggunaan aplikasi pengolah angka yang berkaitan dengan mengolah. Menampilkan data dan angka secara sederhana dan terstruktur dalam bentuk tabel dan diagram sesuai dengan konteks. 3.4. Pengolah Presentasi (PP) Menampilkan aplikasi pengolah presentasi terkait data dan gambar secara terstruktur dan komunikatif dengan memperhatikan unsur-unsur penting dalam sebuah presentasi yang baik dan menarik. 3.5. Peramban Internet (PI) Menampilkan mesin pencari untuk menemukan data dan informasi yang relevan serta dapat dipercaya. 4. Fase D (Umumnya kelas VII, VIII, dan IX Program Paket B)",,,,,,,,,CP-000,"Capaian Pembelajaran (master), id 119",,,https://kurikulum.kemendikdasmen.go.id/service/download.php?kategori=rujukan&id=119,,,extracted_machine,OFFICIAL_PUBLIC_ACCESS,medium,machine-extracted phase-level CP; element tables pending
CPM-MUATAN-KETERAMPILAN-KOMPUTER-D,ID,Kurikulum Nasional,2026,2026/2027,SMP,D,7-9,Muatan Keterampilan Komputer,,,,CP-MUATAN-KETERAMPILAN-KOMPUTER-D,"Pada akhir fase D, murid memiliki kemampuan sebagai berikut. 4.1. Sistem Komputer (SK) Menampilkan pengoperasian yang berkaitan",,,,,,,,,CP-000,"Capaian Pembelajaran (master), id 119",,,https://kurikulum.kemendikdasmen.go.id/service/download.php?kategori=rujukan&id=119,,,extracted_machine,OFFICIAL_PUBLIC_ACCESS,medium,machine-extracted phase-level CP; element tables pending
CPM-MUATAN-KETERAMPILAN-KOMPUTER-E,ID,Kurikulum Nasional,2026,2026/2027,SMA,E,10,Muatan Keterampilan Komputer,,,,CP-MUATAN-KETERAMPILAN-KOMPUTER-E,"Pada akhir fase E, murid memiliki kemampuan sebagai berikut. 5.1. Sistem Komputer (SK) Menampilkan pengoperasian peralatan periferal dan entry data ke perangkat komputer. 5.2. Pengolah Kata (PK) Menampilkan penggunaan template pengolah kata, style , themes , dan format kolom. 5.3. Pengolah Angka (PA) Mengevaluasi pemahaman berkaitan dengan cell yang akan diolah dan penggunaan formula pada lembar kerja.",,,,,,,,,CP-000,"Capaian Pembelajaran (master), id 119",,,https://kurikulum.kemendikdasmen.go.id/service/download.php?kategori=rujukan&id=119,,,extracted_machine,OFFICIAL_PUBLIC_ACCESS,medium,machine-extracted phase-level CP; element tables pending
CPM-MUATAN-KETERAMPILAN-KOMPUTER-F,ID,Kurikulum Nasional,2026,2026/2027,SMA,F,11-12,Muatan Keterampilan Komputer,,,,CP-MUATAN-KETERAMPILAN-KOMPUTER-F,"Pada akhir fase F, murid memiliki kemampuan sebagai berikut. 6.1. Sistem Komputer (SK) Mengevaluasi pemahaman substansi, referensi dan validitas data yang dimasukkan dan menampilkan pengoperasian pemutakhiran data, ancaman keamanan informasi pengguna, menyusun perangkat lunak bantu keamanan informasi. Menampilkan pengoperasian tindakan perlindungan terhadap ancaman, kejadian dan pemulihan keamanan informasi. 6.2. Pengolah Kata (PK) Menampilkan pembuatan mail merge , daftar isi otomatis, referensi dokumen dan pengelolaan objek, serta pelacakan dokumen. 6.3. Pengolah Angka (PA) Menampilkan penggunaan fungsi, filter, grafik/bagan, dan mengintegrasikan berkas spreadsheet (pengolah angka). 6.4. Pengolah Presentasi (PP) Membuat slide dengan animasi, melengkapi slide dengan fitur tambahan. Merancang template presentasi, mengelola objek dan menyesuaikan jenis berkas slide . 6.5. Peramban Internet (PI) Menampilkan persiapan perangkat lunak peramban internet, pengoperasian surel dan",,,,,,,,,CP-000,"Capaian Pembelajaran (master), id 119",,,https://kurikulum.kemendikdasmen.go.id/service/download.php?kategori=rujukan&id=119,,,extracted_machine,OFFICIAL_PUBLIC_ACCESS,medium,machine-extracted phase-level CP; element tables pending
CPM-MUATAN-KETERAMPILAN-KREATOR-A,ID,Kurikulum Nasional,2026,2026/2027,SD,A,1-2,Muatan Keterampilan Kreator,,,,CP-MUATAN-KETERAMPILAN-KREATOR-A,"Pada akhir fase A, murid memiliki kemampuan sebagai berikut. 1.1. Desain Kreatif (DK) Menggeneralisasi perancangan pembuatan konten digital sederhana dalam bentuk tulisan atau gambar secara imajinatif dan kreatif.",,,,,,,,,CP-000,"Capaian Pembelajaran (master), id 119",,,https://kurikulum.kemendikdasmen.go.id/service/download.php?kategori=rujukan&id=119,,,extracted_machine,OFFICIAL_PUBLIC_ACCESS,medium,machine-extracted phase-level CP; element tables pending
CPM-MUATAN-KETERAMPILAN-KREATOR-B,ID,Kurikulum Nasional,2026,2026/2027,SD,B,3-4,Muatan Keterampilan Kreator,,,,CP-MUATAN-KETERAMPILAN-KREATOR-B,"Pada akhir fase B, murid memiliki kemampuan sebagai berikut. 2.1. Desain Kreatif (DK) Menyusun perancangan pembuatan konten digital dalam bentuk tulisan dan gambar secara imajinatif dan kreatif. 2.2. Manajemen Produksi (MP) Menyusun tahap perencanaan dan tahap pembuatan (produksi) konten digital sederhana dalam bentuk tulisan dan gambar sesuai perancangan yang telah disusun. 2.3. Teknologi Produksi (TP) Menggeneralisasi penggunaan perangkat keras dan perangkat lunak untuk membuat konten digital sederhana dalam bentuk tulisan dan gambar.",,,,,,,,,CP-000,"Capaian Pembelajaran (master), id 119",,,https://kurikulum.kemendikdasmen.go.id/service/download.php?kategori=rujukan&id=119,,,extracted_machine,OFFICIAL_PUBLIC_ACCESS,medium,machine-extracted phase-level CP; element tables pending
CPM-MUATAN-KETERAMPILAN-KREATOR-C,ID,Kurikulum Nasional,2026,2026/2027,SD,C,5-6,Muatan Keterampilan Kreator,,,,CP-MUATAN-KETERAMPILAN-KREATOR-C,"Pada akhir fase C, murid memiliki kemampuan sebagai berikut. 3.1. Desain Kreatif (DK) Menggeneralisasi perancangan pembuatan konten digital dalam bentuk tulisan, gambar, audio dan/atau audiovisual secara imajinatif, kritis, dan kreatif. 3.2. Manajemen Produksi (MP) Merencanakan manajemen produksi konten dari tahap praproduksi, produksi hingga pascaproduksi untuk menghasilkan konten digital dalam bentuk tulisan, gambar, audio, dan/atau audiovisual sesuai dengan rancangan yang telah ditetapkan. 3.3. Teknologi Produksi (TP) Menampilkan penggunaan perangkat keras dan lunak untuk membuat konten digital dalam bentuk tulisan, gambar, audio dan/atau audiovisual, sesuai dengan spesifikasi teknis yang dibutuhkan pada tahap praproduksi, produksi maupun pascaproduksi. 3.4. Platform Distribusi (PD) Menampilkan publikasi konten tulisan, gambar, audio dan audiovisual yang telah dibuatnya melalui platform digital, khusus target audiens anak (11-12 tahun). Murid dengan usia 11-12",,,,,,,,,CP-000,"Capaian Pembelajaran (master), id 119",,,https://kurikulum.kemendikdasmen.go.id/service/download.php?kategori=rujukan&id=119,,,extracted_machine,OFFICIAL_PUBLIC_ACCESS,medium,machine-extracted phase-level CP; element tables pending
CPM-MUATAN-KETERAMPILAN-KREATOR-D,ID,Kurikulum Nasional,2026,2026/2027,SMP,D,7-9,Muatan Keterampilan Kreator,,,,CP-MUATAN-KETERAMPILAN-KREATOR-D,"Pada akhir fase D, murid memiliki kemampuan sebagai berikut. 4.1. Desain Kreatif (DK) Menggeneralisasi perancangan pembuatan konten digital berdasarkan target pemirsa dan pengiklan yang sesuai dengan pesanan klien secara imajinatif, kritis, kreatif, dan inovatif. 4.2. Manajemen Produksi (MP) Menampilkan manajemen produksi konten di setiap tahap praproduksi, produksi dan pascaproduksi, sesuai dengan perancangan konten yang telah disusun. 4.3. Teknologi Produksi (TP) Menampilkan penggunaan perangkat keras dan lunak untuk membuat konten digital dalam bentuk tulisan, gambar, audio dan/atau audiovisual, sesuai dengan spesifikasi teknis yang dibutuhkan di tahap prapoduksi, produksi maupun pascaproduksi. 4.4. Platform Distribusi (PD) Menampilkan publikasi konten tulisan, gambar, audio dan/atau audiovisual yang telah dibuatnya melalui platform digital milik klien secara aktif, berkelanjutan, dan memiliki nilai jual. 4.5. Pengembangan Bisnis (PB) Mengevaluasi metode amati, tiru, dan modifikasi atau metode lain untuk mengembangkan dan meningkatkan nilai jual konten yang dihasilkan.",,,,,,,,,CP-000,"Capaian Pembelajaran (master), id 119",,,https://kurikulum.kemendikdasmen.go.id/service/download.php?kategori=rujukan&id=119,,,extracted_machine,OFFICIAL_PUBLIC_ACCESS,medium,machine-extracted phase-level CP; element tables pending
CPM-MUATAN-KETERAMPILAN-KREATOR-E,ID,Kurikulum Nasional,2026,2026/2027,SMA,E,10,Muatan Keterampilan Kreator,,,,CP-MUATAN-KETERAMPILAN-KREATOR-E,"Pada akhir fase E, murid memiliki kemampuan sebagai berikut. 5.1. Desain Kreatif (DK) Menampilkan perancangan pembuatan konten digital sebagai produk wirausaha digital secara imajinatif, kreatif, inovatif, kritis dan analitis. 5.2. Manajemen Produksi (MP) Menampilkan manejemen produksi konten di tahap praproduksi, produksi dan pasca produksi untuk menghasilkan produk wirausaha digital secara efektif dan efisien. 5.3. Teknologi Produksi (TP) Mengevaluasi penggunaan perangkat keras, dan lunak, memahami jaringan internet untuk membuat atau menyiarkan secara langsung maupun tidak langsung konten digital yang berkualitas. 5.4. Platform Distribusi (PD) Menampilkan publikasi konten digital dalam bentuk siaran langsung atau tidak langsung secara aktif, berkelanjutan, memiliki nilai jual. 5.5. Pengembangan Bisnis (PB) Membuktikan peningkatan dan pengembangan dengan prinsip dasar nilai jual konten digital yang diproduksi secara berkelanjutan. 6. Fase F (Umumnya untuk kelas XI dan XII Program Paket C)",,,,,,,,,CP-000,"Capaian Pembelajaran (master), id 119",,,https://kurikulum.kemendikdasmen.go.id/service/download.php?kategori=rujukan&id=119,,,extracted_machine,OFFICIAL_PUBLIC_ACCESS,medium,machine-extracted phase-level CP; element tables pending
CPM-MUATAN-KETERAMPILAN-KREATOR-F,ID,Kurikulum Nasional,2026,2026/2027,SMA,F,11-12,Muatan Keterampilan Kreator,,,,CP-MUATAN-KETERAMPILAN-KREATOR-F,"Pada akhir fase F, murid memiliki kemampuan sebagai berikut. 6.1. Desain Kreatif (DK) Menampilkan perancangan pembuatan konten digital untuk membentuk personal branding sebagai konten kreator yang inovatif, produktif, kompetitif, dan memiliki nilai jual. 6.2. Manajemen Produksi (MP) Mengevaluasi manajemen produksi konten",,,,,,,,,CP-000,"Capaian Pembelajaran (master), id 119",,,https://kurikulum.kemendikdasmen.go.id/service/download.php?kategori=rujukan&id=119,,,extracted_machine,OFFICIAL_PUBLIC_ACCESS,medium,machine-extracted phase-level CP; element tables pending
CPM-MUATAN-KETERAMPILAN-KODING-DAN-C,ID,Kurikulum Nasional,2026,2026/2027,SD,C,5-6,Muatan Keterampilan Koding dan,,,,CP-MUATAN-KETERAMPILAN-KODING-DAN-C,"Pada akhir fase C, murid memiliki kemampuan sebagai berikut. 1.1. Berpikir Komputasional Memahami permasalahan sederhana dalam",,,,,,,,,CP-000,"Capaian Pembelajaran (master), id 119",,,https://kurikulum.kemendikdasmen.go.id/service/download.php?kategori=rujukan&id=119,,,extracted_machine,OFFICIAL_PUBLIC_ACCESS,medium,machine-extracted phase-level CP; element tables pending
CPM-MUATAN-KETERAMPILAN-KODING-DAN-D,ID,Kurikulum Nasional,2026,2026/2027,SMP,D,7-9,Muatan Keterampilan Koding dan,,,,CP-MUATAN-KETERAMPILAN-KODING-DAN-D,"Pada akhir fase D, murid memiliki kemampuan sebagai berikut. 2.1. Berpikir Komputasional Menerapkan pengelolaan data, pemecahan masalah",,,,,,,,,CP-000,"Capaian Pembelajaran (master), id 119",,,https://kurikulum.kemendikdasmen.go.id/service/download.php?kategori=rujukan&id=119,,,extracted_machine,OFFICIAL_PUBLIC_ACCESS,medium,machine-extracted phase-level CP; element tables pending
CPM-MUATAN-KETERAMPILAN-KODING-DAN-E,ID,Kurikulum Nasional,2026,2026/2027,SMA,E,10,Muatan Keterampilan Koding dan,,,,CP-MUATAN-KETERAMPILAN-KODING-DAN-E,"Pada akhir fase E, murid memiliki kemampuan sebagai berikut. 3.1. Berpikir Komputasional Menerapkan berpikir komputasional untuk memecahkan permasalahan sehari-hari yang kompleks. 3.2. Literasi Digital Menerapkan produksi dan diseminasi konten digital dalam bentuk sajian multimedia.",,,,,,,,,CP-000,"Capaian Pembelajaran (master), id 119",,,https://kurikulum.kemendikdasmen.go.id/service/download.php?kategori=rujukan&id=119,,,extracted_machine,OFFICIAL_PUBLIC_ACCESS,medium,machine-extracted phase-level CP; element tables pending
CPM-MUATAN-KETERAMPILAN-KODING-DAN-F,ID,Kurikulum Nasional,2026,2026/2027,SMA,F,11-12,Muatan Keterampilan Koding dan,,,,CP-MUATAN-KETERAMPILAN-KODING-DAN-F,"Pada akhir fase F, murid memiliki kemampuan sebagai berikut. 4.1. Berpikir Komputasional Menerapkan berpikir komputasional untuk memecahkan permasalahan kompleks di kehidupan masyarakat dan melakukan prediksi. 4.2. Literasi Digital Menerapkan produksi dan diseminasi konten digital tingkat lanjut untuk mendukung pengembangan aplikasi dan KA. 4.3. Algoritma Pemrograman Memahami algoritma dan menerapkan pemrograman berorientasi objek, menerapkan engineering process , dan mengembangkan aplikasi untuk perangkat IoT atau aplikasi kompleks lainnya 4.4. Analisis Data Memahami data encoding , menerapkan basis data",,,,,,,,,CP-000,"Capaian Pembelajaran (master), id 119",,,https://kurikulum.kemendikdasmen.go.id/service/download.php?kategori=rujukan&id=119,,,extracted_machine,OFFICIAL_PUBLIC_ACCESS,medium,machine-extracted phase-level CP; element tables pending
CPM-PENDIDIKAN-KHUSUS-PENDIDIKAN-A,ID,Kurikulum Nasional,2026,2026/2027,SD,A,1-2,Pendidikan Khusus Pendidikan,,,,CP-PENDIDIKAN-KHUSUS-PENDIDIKAN-A,"Pada akhir fase A, murid memiliki kemampuan sebagai berikut. 1.1. Allah Berkarya 1.1.1. Allah Pencipta Memahami diri sebagai ciptaan yang istimewa; Memahami berbagai fungsi anggota tubuhnya. 1.1.2. Allah Pemelihara Memahami pemeliharaan Allah melalui kehadiran dirinya dan keluarga. 1.1.3. Allah Penyelamat - 1.1.4. Allah Pembaru - 1.2. Manusia dan Nilai-nilai Kristiani 1.2.1. Hakikat Manusia Memahami dirinya berharga dan dicintai Allah. 1.2.2. Nilai-nilai Kristiani Memahami makna kebaikan; ramah dan sopan di rumah dan di satuan pendidikan. 1.3. Gereja dan Masyarakat Majemuk 1.3.1. Tugas Panggilan Gereja Memahami dirinya sebagai anggota gereja.",,,,,,,,,CP-000,"Capaian Pembelajaran (master), id 119",,,https://kurikulum.kemendikdasmen.go.id/service/download.php?kategori=rujukan&id=119,,,extracted_machine,OFFICIAL_PUBLIC_ACCESS,medium,machine-extracted phase-level CP; element tables pending
CPM-PENDIDIKAN-KHUSUS-PENDIDIKAN-B,ID,Kurikulum Nasional,2026,2026/2027,SD,B,3-4,Pendidikan Khusus Pendidikan,,,,CP-PENDIDIKAN-KHUSUS-PENDIDIKAN-B,"Pada akhir fase B, murid memiliki kemampuan sebagai berikut: 2.1. Terampil Bergerak Menunjukkan keterampilan gerak fundamental dan menerapkan aktivitas permainan olahraga; menerapkan dan menyesuaikan strategi gerak untuk mendapatkan capaian keterampilan gerak; dan memperagakan konsep gerak yang dapat diterapkan dalam rangkaian gerak yang disesuaikan dengan kemampuan karakteristik murid (kondisional). 2.2. Belajar melalui Gerak Mengamati strategi gerak sederhana; menerapkan peraturan untuk mengembangkan bermain sportif ketika berpartisipasi atau merancang aktivitas jasmani; mempertunjukkan berbagai peran dengan cara yang terhormat untuk mendapatkan keberhasilan capaian di dalam aktivitas gerak kelompok atau tim disesuaikan dengan kemampuan karakteristik murid (kondisional).",,,,,,,,,CP-000,"Capaian Pembelajaran (master), id 119",,,https://kurikulum.kemendikdasmen.go.id/service/download.php?kategori=rujukan&id=119,,,extracted_machine,OFFICIAL_PUBLIC_ACCESS,medium,machine-extracted phase-level CP; element tables pending
CPM-PENDIDIKAN-KHUSUS-PENDIDIKAN-C,ID,Kurikulum Nasional,2026,2026/2027,SD,C,5-6,Pendidikan Khusus Pendidikan,,,,CP-PENDIDIKAN-KHUSUS-PENDIDIKAN-C,"Pada akhir fase C, murid memiliki kemampuan sebagai berikut: 3.1. Terampil Bergerak Mempraktikkan variasi dan kombinasi berbagai keterampilan gerak; menerapkan gerak yang sudah dikuasai ke dalam berbagai aktivitas permainan olahraga disesuaikan dengan kemampuan karakteristik murid (kondisional). 3.2. Belajar melalui Gerak Menerapkan strategi gerak dalam berbagai situasi gerak; merancang dan modifikasi permainan untuk mendukung fair play dan partisipasi inklusif; dan berpartisipasi secara positif dalam kelompok atau tim dengan memberi kontribusi pada aktivitas kelompok, mendorong orang lain dan menegosiasikan peran dan tanggung jawab disesuaikan dengan kemampuan karakteristik murid. 3.3. Bergaya Hidup Aktif Memahami manfaat aktivitas jasmani untuk menggambarkan pengaruh terhadap kesehatan; berpartisipasi dalam aktivitas jasmani di luar",,,,,,,,,CP-000,"Capaian Pembelajaran (master), id 119",,,https://kurikulum.kemendikdasmen.go.id/service/download.php?kategori=rujukan&id=119,,,extracted_machine,OFFICIAL_PUBLIC_ACCESS,medium,machine-extracted phase-level CP; element tables pending
CPM-PENDIDIKAN-KHUSUS-PENDIDIKAN-D,ID,Kurikulum Nasional,2026,2026/2027,SMP,D,7-9,Pendidikan Khusus Pendidikan,,,,CP-PENDIDIKAN-KHUSUS-PENDIDIKAN-D,"Pada akhir fase D, murid memiliki kemampuan sebagai berikut. 4.1. Pribadi Peserta Didik Mengenal manusia sebagai citra Allah yang unik, kelebihan dan kekurangan untuk menjalankan tugas perutusannya sebagai citra Allah. 4.2. Yesus Kristus Mengenal karya keselamatan Allah melalui kisah Yusuf menyelamatkan keluarganya dari bencana kelaparan, kisah Yosua menyeberangkan umat Israel dari sungai Yordan ke Tanah Kanaan, kisah kelahiran Musa, kisah Yesus dibaptis, Yesus sebagai pendoa, Yesus yang mengampuni, dan Yesus memberi makan lima ribu orang. 4.3. Gereja Mengenal sakramen-sakramen inisiasi (baptis, ekaristi, dan krisma), dan sakramen tobat dalam Gereja Katolik, serta syahadat para rasul. 4.4. Masyarakat Mengenal perwujudan iman dalam hidup bersama dengan cara ikut terlibat dalam pelestarian lingkungan alam, dan persaudaraan sejati dalam keberagaman. 5. Fase E (Umumnya untuk Usia Mental ± 10 Tahun/Kelas X SMALB)",,,,,,,,,CP-000,"Capaian Pembelajaran (master), id 119",,,https://kurikulum.kemendikdasmen.go.id/service/download.php?kategori=rujukan&id=119,,,extracted_machine,OFFICIAL_PUBLIC_ACCESS,medium,machine-extracted phase-level CP; element tables pending
CPM-PENDIDIKAN-KHUSUS-PENDIDIKAN-E,ID,Kurikulum Nasional,2026,2026/2027,SMA,E,10,Pendidikan Khusus Pendidikan,,,,CP-PENDIDIKAN-KHUSUS-PENDIDIKAN-E,"Pada akhir fase E, murid memiliki kemampuan sebagai berikut. 5.1. Sejarah Memahami sejarah penyiaran agama Buddha dan diri sendiri sebagai bagian agama Buddha sebagai harmoni antara nilai-nilai agama Buddha dan kearifan lokal. 5.2. Ritual Memahami upacara keagamaan Buddha dengan menggunakan sarana ritual dan upacara yang beragama dalam kehidupan bermasyarakat berdasarkan Buddha Dharma. 5.3. Etika Memahami hukum niyama dalam agama Buddha sebagai dasar dalam memaknai fenomena dan masalah kehidupan terkait ilmu pengetahuan dan teknologi melalui pembelajaran yang dilakukan berdasarkan pengondisian ramah anak serta mencerminkan kehidupan yang moderat. 6. Fase F (Umumnya untuk Usia Mental ± 10 Tahun/Kelas XI dan XII SMALB)",,,,,,,,,CP-000,"Capaian Pembelajaran (master), id 119",,,https://kurikulum.kemendikdasmen.go.id/service/download.php?kategori=rujukan&id=119,,,extracted_machine,OFFICIAL_PUBLIC_ACCESS,medium,machine-extracted phase-level CP; element tables pending
CPM-PENDIDIKAN-KHUSUS-PENDIDIKAN-F,ID,Kurikulum Nasional,2026,2026/2027,SMA,F,11-12,Pendidikan Khusus Pendidikan,,,,CP-PENDIDIKAN-KHUSUS-PENDIDIKAN-F,"Pada akhir fase F, murid memiliki kemampuan sebagai berikut. 6.1. Allah Berkarya 6.1.1. Allah Pencipta Memahami perkembangan kebudayaan dan IPTEK sebagai anugerah Allah terhadap manusia. 6.1.2. Allah Pemelihara Mensyukuri pemeliharaan Allah melalui hidup bertanggung jawab. 6.1.3. Allah Penyelamamat Melaksanakan tanggung jawab dalam demokrasi dan HAM sebagai ucap syukur atas penyelamatan Allah. 6.1.4. Allah Pembaru Meyakini Allah membarui gereja dan masyarakat. 6.2. Manusia dan Nilai- nilai Kristiani 6.2.1. Hakikat Manusia Mewujudkan tanggung jawab sebagai manusia dewasa 6.2.2. Nilai-nilai Kristiani Menerapkan kasih, sukacita, damai sejahtera di dalam kehidupan sehari-hari 6.3. Gereja dan Masyarakat Majemuk 6.3.1. Tugas Panggilan Gereja Memahami panggilan untuk mewujudkan pelayanan gereja dalam masyarakat majemuk. 6.3.2. Masyarakat Majemuk Mewujudkan moderasi beragama 6.4. Alam dan Lingkungan Hidup 6.4.1. Alam Ciptaan Allah Memahami penyebab kerusakan alam dan cara mengatasinya.",,,,,,,,,CP-000,"Capaian Pembelajaran (master), id 119",,,https://kurikulum.kemendikdasmen.go.id/service/download.php?kategori=rujukan&id=119,,,extracted_machine,OFFICIAL_PUBLIC_ACCESS,medium,machine-extracted phase-level CP; element tables pending
CPM-PENDIDIKAN-KHUSUS-BAHASA-A,ID,Kurikulum Nasional,2026,2026/2027,SD,A,1-2,Pendidikan Khusus Bahasa,,,,CP-PENDIDIKAN-KHUSUS-BAHASA-A,"Pada akhir fase A, murid memiliki kemampuan sebagai berikut. 1.1. Menyimak Merespons perintah/arahan sederhana; dan memahami informasi dari teks aural ( teks yang",,,,,,,,,CP-000,"Capaian Pembelajaran (master), id 119",,,https://kurikulum.kemendikdasmen.go.id/service/download.php?kategori=rujukan&id=119,,,extracted_machine,OFFICIAL_PUBLIC_ACCESS,medium,machine-extracted phase-level CP; element tables pending
CPM-PENDIDIKAN-KHUSUS-BAHASA-B,ID,Kurikulum Nasional,2026,2026/2027,SD,B,3-4,Pendidikan Khusus Bahasa,,,,CP-PENDIDIKAN-KHUSUS-BAHASA-B,"Pada akhir fase B, murid memiliki kemampuan sebagai berikut. 2.1. Menyimak Merespons perintah/arahan sederhana dengan menggunakan bahasa lisan atau isyarat; memahami pesan lisan atau informasi isi teks aural (teks yang dibacakan atau didengarkan) teks visual dan/atau teks audio visual. 2.2. Membaca dan Memirsa Membaca kata sederhana yang digunakan sehari-hari dengan fasih dari bacaan; dan membaca kata sederhana dari tayangan yang dipirsa dengan atau tanpa bantuan guru. 2.3. Berbicara dan Mempresentasikan Menerapkan pelafalan kata dari bacaan; merespon dengan bertanya jawab tentang",,,,,,,,,CP-000,"Capaian Pembelajaran (master), id 119",,,https://kurikulum.kemendikdasmen.go.id/service/download.php?kategori=rujukan&id=119,,,extracted_machine,OFFICIAL_PUBLIC_ACCESS,medium,machine-extracted phase-level CP; element tables pending
CPM-PENDIDIKAN-KHUSUS-BAHASA-C,ID,Kurikulum Nasional,2026,2026/2027,SD,C,5-6,Pendidikan Khusus Bahasa,,,,CP-PENDIDIKAN-KHUSUS-BAHASA-C,"Pada akhir fase C, murid memiliki kemampuan sebagai berikut. 3.1. Menyimak Memahami instruksi sederhana secara lisan dan/atau isyarat; dan memahami pesan teks aural (teks yang dibacakan) dan/atau didengarkan berbentuk teks sastra. 3.2. Membaca dan Memirsa Membaca nyaring kalimat sederhana dengan atau tanpa bantuan gambar/ilustrasi, dan memahami pesan dari teks sastra. 3.3. Berbicara dan Mempresentasikan Merespon dengan menanggapi komentar orang lain (teman, guru, dan/atau orang dewasa) dengan baik dan santun dalam suatu percakapan; dan mampu menceritakan kembali isi berbagai tipe teks yang dibaca, dipirsa, atau didengar tentang diri, keluarga, kesehatan, dan/atau lingkungan sekitar secara lisan dan/atau isyarat. 3.4. Menulis Menulis kalimat sederhana berbagai tipe teks tentang diri, keluarga, kesehatan, dan/atau lingkungan sekitar. 4. Fase D (Umumnya untuk Usia Mental ± 9 Tahun/Kelas VII, VIII, dan IX SMPLB)",,,,,,,,,CP-000,"Capaian Pembelajaran (master), id 119",,,https://kurikulum.kemendikdasmen.go.id/service/download.php?kategori=rujukan&id=119,,,extracted_machine,OFFICIAL_PUBLIC_ACCESS,medium,machine-extracted phase-level CP; element tables pending
CPM-PENDIDIKAN-KHUSUS-BAHASA-D,ID,Kurikulum Nasional,2026,2026/2027,SMP,D,7-9,Pendidikan Khusus Bahasa,,,,CP-PENDIDIKAN-KHUSUS-BAHASA-D,"Pada akhir fase D, murid memiliki kemampuan sebagai berikut. 4.1. Menyimak Memahami isi berbagai tipe teks yang disajikan",,,,,,,,,CP-000,"Capaian Pembelajaran (master), id 119",,,https://kurikulum.kemendikdasmen.go.id/service/download.php?kategori=rujukan&id=119,,,extracted_machine,OFFICIAL_PUBLIC_ACCESS,medium,machine-extracted phase-level CP; element tables pending
CPM-PENDIDIKAN-KHUSUS-BAHASA-E,ID,Kurikulum Nasional,2026,2026/2027,SMA,E,10,Pendidikan Khusus Bahasa,,,,CP-PENDIDIKAN-KHUSUS-BAHASA-E,"Pada akhir fase E, murid memiliki kemampuan sebagai berikut. 5.1. Menyimak Mengidentifikasi informasi dari teks aural (teks yang dibacakan dan/atau didengarkan), teks visual dan/atau teks audio visual; dan mengidentifikasi isi teks aural, teks visual dan/ atau teks audio visual berbentuk teks sastra melalui lisan, tulis dan/atau isyarat. 5.2. Membaca dan Memirsa Membaca berbagai tipe teks untuk menemukan informasi berupa gagasan dan/atau pesan; dan mengidentifikasi unsur intrinsik dari teks sastra dalam bentuk aural (teks yang dibacakan dan/atau didengarkan) teks visual dan/ atau teks audio visual.",,,,,,,,,CP-000,"Capaian Pembelajaran (master), id 119",,,https://kurikulum.kemendikdasmen.go.id/service/download.php?kategori=rujukan&id=119,,,extracted_machine,OFFICIAL_PUBLIC_ACCESS,medium,machine-extracted phase-level CP; element tables pending
CPM-PENDIDIKAN-KHUSUS-BAHASA-F,ID,Kurikulum Nasional,2026,2026/2027,SMA,F,11-12,Pendidikan Khusus Bahasa,,,,CP-PENDIDIKAN-KHUSUS-BAHASA-F,"Pada akhir fase F, murid memiliki kemampuan sebagai berikut. 6.1. Menyimak Menganalisis informasi dari teks aural (teks yang dibacakan dan/atau didengarkan).teks visual dan/ atau teks audio visual; dan menganalisis isi teks aural, teks visual dan/ atau teks audio visual. berbentuk teks sastra melalui lisan, tulis dan/atau isyarat. 6.2. Membaca dan Memirsa Menganalisis informasi dari berbagai tipe teks yang dibaca untuk menemukan makna tersurat dan tersirat; menginterpretasi informasi untuk mengungkapkan kepedulian dan/atau pendapat dari berbagai tipe teks berupa teks aural (teks yang dibacakan dan/atau didengarkan) teks visual dan/atau audio visual; dan menganalisis isi teks sastra untuk menemukan makna tersurat dan tersirat. 6.3. Berbicara dan Mempresentasikan Menyampaikan gagasan untuk pengajuan usul dan/atau pemecahan masalah dengan bahasa yang santun; menyajikan ungkapan kepedulian dari berbagai tipe teks; dan mempresentasikan",,,,,,,,,CP-000,"Capaian Pembelajaran (master), id 119",,,https://kurikulum.kemendikdasmen.go.id/service/download.php?kategori=rujukan&id=119,,,extracted_machine,OFFICIAL_PUBLIC_ACCESS,medium,machine-extracted phase-level CP; element tables pending
CPM-PENDIDIKAN-KHUSUS-MATEMATIKA-A,ID,Kurikulum Nasional,2026,2026/2027,SD,A,1-2,Pendidikan Khusus Matematika,,,,CP-PENDIDIKAN-KHUSUS-MATEMATIKA-A,"Pada akhir fase A, murid memiliki kemampuan sebagai berikut. 1.1. Bilangan Membilang lambang bilangan asli sampai dengan 20; mengurutkan bilangan asli sampai dengan 20 menggunakan benda konkret, dan menuliskan lambang bilangan asli sampai dengan 20; dan menunjukkan cara penjumlahan bilangan asli yang hasilnya maksimal 10 dengan menggunakan benda konkret.",,,,,,,,,CP-000,"Capaian Pembelajaran (master), id 119",,,https://kurikulum.kemendikdasmen.go.id/service/download.php?kategori=rujukan&id=119,,,extracted_machine,OFFICIAL_PUBLIC_ACCESS,medium,machine-extracted phase-level CP; element tables pending
CPM-PENDIDIKAN-KHUSUS-MATEMATIKA-B,ID,Kurikulum Nasional,2026,2026/2027,SD,B,3-4,Pendidikan Khusus Matematika,,,,CP-PENDIDIKAN-KHUSUS-MATEMATIKA-B,"Pada akhir fase B, murid memiliki kemampuan sebagai berikut. 2.1. Bilangan Membilang lambang bilangan asli sampai dengan 50; mengurutkan bilangan asli sampai dengan 50; menggunakan benda konkret dan menuliskan lambang bilangan asli sampai dengan 50; mengenal nilai tempat (puluhan dan satuan), menunjukkan cara melakukan penjumlahan dua bilangan yang hasilnya sampai 20 dengan menggunakan benda konkret; menghitung hasil penjumlahan dua bilangan sampai dengan 20 dengan benda konkret; menunjukkan cara melakukan pengurangan dua bilangan maksimal 20 dengan menggunakan benda konkret; menghitung hasil pengurangan dua bilangan maksimal 20 dengan benda konkret; dan menunjukkan dan menggunakan uang rupiah Rp500,00 sampai maksimal Rp20.000,00 dan menuliskan kesetaraan nilai uang Rp500,00 sampai Rp20.000,00.",,,,,,,,,CP-000,"Capaian Pembelajaran (master), id 119",,,https://kurikulum.kemendikdasmen.go.id/service/download.php?kategori=rujukan&id=119,,,extracted_machine,OFFICIAL_PUBLIC_ACCESS,medium,machine-extracted phase-level CP; element tables pending
CPM-PENDIDIKAN-KHUSUS-MATEMATIKA-C,ID,Kurikulum Nasional,2026,2026/2027,SD,C,5-6,Pendidikan Khusus Matematika,,,,CP-PENDIDIKAN-KHUSUS-MATEMATIKA-C,"Pada akhir fase C, murid memiliki kemampuan sebagai berikut. 3.1. Bilangan Membilang lambang bilangan asli sampai dengan 100, mengurutkan bilangan asli sampai dengan 100 menggunakan benda konkret, dan menuliskan lambang bilangan asli sampai dengan 100; memahami nilai tempat (satuan dan puluhan); menunjukkan cara melakukan penjumlahan dua bilangan yang hasilnya sampai 50 dengan menggunakan benda konkret; menghitung hasil penjumlahan dua bilangan sampai dengan 50 dengan benda konkret; menunjukkan cara melakukan pengurangan dua bilangan maksimal 50 dengan menggunakan benda konkret, menghitung hasil pengurangan dua bilangan maksimal 50 dengan benda konkret; dan menunjukkan uang rupiah",,,,,,,,,CP-000,"Capaian Pembelajaran (master), id 119",,,https://kurikulum.kemendikdasmen.go.id/service/download.php?kategori=rujukan&id=119,,,extracted_machine,OFFICIAL_PUBLIC_ACCESS,medium,machine-extracted phase-level CP; element tables pending
CPM-PENDIDIKAN-KHUSUS-MATEMATIKA-D,ID,Kurikulum Nasional,2026,2026/2027,SMP,D,7-9,Pendidikan Khusus Matematika,,,,CP-PENDIDIKAN-KHUSUS-MATEMATIKA-D,"Pada akhir fase D, murid memiliki kemampuan sebagai berikut. 4.1. Bilangan Menunjukkan cara melakukan penjumlahan dan menghitung hasil penjumlahan dua bilangan dua angka maksimal 100; menunjukkan cara melakukan pengurangan dan menghitung hasil pengurangan dua bilangan dua angka maksimal 100; melakukan operasi hitung perkalian sampai 20, melakukan operasi hitung pembagian sampai 20; mengenal bilangan pecahan sederhana menggunakan benda konkret; menuliskan bilangan pecahan",,,,,,,,,CP-000,"Capaian Pembelajaran (master), id 119",,,https://kurikulum.kemendikdasmen.go.id/service/download.php?kategori=rujukan&id=119,,,extracted_machine,OFFICIAL_PUBLIC_ACCESS,medium,machine-extracted phase-level CP; element tables pending
CPM-PENDIDIKAN-KHUSUS-MATEMATIKA-E,ID,Kurikulum Nasional,2026,2026/2027,SMA,E,10,Pendidikan Khusus Matematika,,,,CP-PENDIDIKAN-KHUSUS-MATEMATIKA-E,"Pada akhir fase E, murid memiliki kemampuan sebagai berikut. 5.1. Bilangan Melakukan operasi hitung penjumlahan, pengurangan, perkalian, dan pembagian bilangan asli: mengenal bilangan desimal satu angka dibelakang koma 0,1 sampai 1,9; menunjukkan bentuk persen dan menghitung bentuk persen dengan alat bantu hitung dalam kehidupan sehari-hari. 5.2. Pengukuran Menentukan panjang benda dengan menggunakan alat ukur, menentukan berat benda (gram dan kilogram); dan menentukan volume (liter dan mililiter) dalam kehidupan sehari-hari. 5.3. Geometri Menunjukkan satuan luas (cm² dan m²) menggunakan benda konkret; dan menghitung luas bangun datar (persegi, persegi panjang dan segitiga) dengan menggunakan satuan luas. 5.4. Analisis Data dan Peluang Mengidentifikasi daftar tabel kegiatan keterampilan vokasional; dan membuat tabel kebutuhan uang untuk belanja barang. 6. Fase F (Umumnya untuk Usia Mental ± 10 Tahun/Kelas XI dan XII SMALB)",,,,,,,,,CP-000,"Capaian Pembelajaran (master), id 119",,,https://kurikulum.kemendikdasmen.go.id/service/download.php?kategori=rujukan&id=119,,,extracted_machine,OFFICIAL_PUBLIC_ACCESS,medium,machine-extracted phase-level CP; element tables pending
CPM-PENDIDIKAN-KHUSUS-MATEMATIKA-F,ID,Kurikulum Nasional,2026,2026/2027,SMA,F,11-12,Pendidikan Khusus Matematika,,,,CP-PENDIDIKAN-KHUSUS-MATEMATIKA-F,"Pada akhir fase F, murid memiliki kemampuan sebagai berikut. 6.1. Bilangan Melakukan operasi hitung bilangan asli pembagian; menghitung operasi campuran penjumlahan dan pengurangan bilangan asli, melakukan operasi hitung penjumlahan desimal satu angka di belakang koma tanpa teknik menyimpan; melakukan operasi hitung pengurangan desimal satu angka di belakang",,,,,,,,,CP-000,"Capaian Pembelajaran (master), id 119",,,https://kurikulum.kemendikdasmen.go.id/service/download.php?kategori=rujukan&id=119,,,extracted_machine,OFFICIAL_PUBLIC_ACCESS,medium,machine-extracted phase-level CP; element tables pending
CPM-PENDIDIKAN-KHUSUS-BAHASA-INGGRIS-B,ID,Kurikulum Nasional,2026,2026/2027,SD,B,3-4,Pendidikan Khusus Bahasa Inggris,,,,CP-PENDIDIKAN-KHUSUS-BAHASA-INGGRIS-B,"Pada akhir fase B, murid memiliki kemampuan sebagai berikut. 1.1. Menyimak-Berbicara (Listening-Speaking) Merespons instruksi sederhana dengan gerakan tubuh atau menjawab pertanyaan pendek sederhana dengan kata, frasa, atau kalimat sederhana. (By the end of phase B, students respond to simple instructions using action-related language or answer short, simple questions using simple words, phrases, or sentences.) 1.2. Membaca-Memirsa (Reading-Viewing) Merespons teks pendek sederhana dan familier dalam moda tulisan atau digital, termasuk teks visual, multimodal, atau interaktif secara lisan dan komunikasi nonverbal (By the end of phase B, students respond orally and non-verbally to short, simple, and familiar texts in written or digital modes, including visual, multimodal, or interactive texts.) 2. Fase C (Umumnya untuk Usia Mental ± 8 Tahun/Kelas V dan VI SDLB)",,,,,,,,,CP-000,"Capaian Pembelajaran (master), id 119",,,https://kurikulum.kemendikdasmen.go.id/service/download.php?kategori=rujukan&id=119,,,extracted_machine,OFFICIAL_PUBLIC_ACCESS,medium,machine-extracted phase-level CP; element tables pending
CPM-PENDIDIKAN-KHUSUS-BAHASA-INGGRIS-C,ID,Kurikulum Nasional,2026,2026/2027,SD,C,5-6,Pendidikan Khusus Bahasa Inggris,,,,CP-PENDIDIKAN-KHUSUS-BAHASA-INGGRIS-C,"Pada akhir fase C, murid memiliki kemampuan sebagai berikut 2.1. Menyimak-Berbicara (Listening-Speaking) Memahami ide pokok dari informasi yang disampaikan secara lisan dan atau isyarat dengan bantuan audio atau visual menggunakan kosakata sederhana; dan menerapkan komunikasi sederhana dengan bantuan teks atau gambar. (By the end of phase C, students understand key points of information visually and or sign supported by audio or visual aids using simple vocabulary. They use texts or pictures to help them communicate.).",,,,,,,,,CP-000,"Capaian Pembelajaran (master), id 119",,,https://kurikulum.kemendikdasmen.go.id/service/download.php?kategori=rujukan&id=119,,,extracted_machine,OFFICIAL_PUBLIC_ACCESS,medium,machine-extracted phase-level CP; element tables pending
CPM-PENDIDIKAN-KHUSUS-BAHASA-INGGRIS-D,ID,Kurikulum Nasional,2026,2026/2027,SMP,D,7-9,Pendidikan Khusus Bahasa Inggris,,,,CP-PENDIDIKAN-KHUSUS-BAHASA-INGGRIS-D,"Pada akhir fase D, murid memiliki kemampuan sebagai berikut 3.1. Menyimak-Berbicara (Listening-Speaking) Menggunakan bahasa Inggris sederhana untuk berinteraksi dalam lingkup situasi sosial dan situasi kelas; menggunakan kosakata sederhana dalam bahasa Inggris untuk menyampaikan perasaan, kebutuhan, dan meminta pertolongan; membuat pertanyaan sederhana dan/atau meminta izin; dan mengidentifikasi informasi penting dalam berbagai konteks, yang disampaikan secara lisan, tulisan atau isyarat dengan bantuan media audio-visual dan menggunakan kosakata sederhana. (By the end of phase D, students use English to interact in social and classroom situations. They use familiar English Vocabulary to expressing feelings, needs, requesting help, asking simple questions, and/or seek permission. They identify key information in most contexts of oral and written texts with support from audio-visual media and with familiar English vocabulary.) 3.2. Membaca-Memirsa (Reading-Viewing) Memahami kata-kata yang sering digunakan sehari-hari dan/ atau kata-kata baru dengan bantuan gambar/ilustrasi dan atau media audio-visual;.dan membaca serta memberikan",,,,,,,,,CP-000,"Capaian Pembelajaran (master), id 119",,,https://kurikulum.kemendikdasmen.go.id/service/download.php?kategori=rujukan&id=119,,,extracted_machine,OFFICIAL_PUBLIC_ACCESS,medium,machine-extracted phase-level CP; element tables pending
CPM-PENDIDIKAN-KHUSUS-BAHASA-INGGRIS-E,ID,Kurikulum Nasional,2026,2026/2027,SMA,E,10,Pendidikan Khusus Bahasa Inggris,,,,CP-PENDIDIKAN-KHUSUS-BAHASA-INGGRIS-E,"Pada akhir fase E, murid memiliki kemampuan sebagai berikut. 4.1. Menyimak-Berbicara (Listening-Speaking) Menggunakan bahasa Inggris sederhana untuk berinteraksi dalam situasi sosial maupun kelas yang sering digunakan sehari-hari; membuat dan menjawab pertanyaan sederhana; dan mengidentifikasi teks lisan sederhana yang relevan dengan kehidupan mereka.",,,,,,,,,CP-000,"Capaian Pembelajaran (master), id 119",,,https://kurikulum.kemendikdasmen.go.id/service/download.php?kategori=rujukan&id=119,,,extracted_machine,OFFICIAL_PUBLIC_ACCESS,medium,machine-extracted phase-level CP; element tables pending
CPM-PENDIDIKAN-KHUSUS-BAHASA-INGGRIS-F,ID,Kurikulum Nasional,2026,2026/2027,SMA,F,11-12,Pendidikan Khusus Bahasa Inggris,,,,CP-PENDIDIKAN-KHUSUS-BAHASA-INGGRIS-F,"Pada akhir fase F, murid memiliki kemampuan sebagai berikut 5.1. Menyimak-Berbicara (Listening-Speaking) Mengidentifikasi informasi atau teks penting/inti sederhana. Teks dapat berbentuk cetak atau digital termasuk teks visual, multimoda, atau interaktif; menggunakan dan merespons pertanyaan pembicara atau bertanya tentang arti sebuah kata, frase, atau kalimat, memberikan dan mempertahankan pendapat; dan mengikuti rangkaian instruksi sederhana yang berkaitan dengan prosedur kelas dan aktivitas belajar. (By the end of phase F, students identify simple important information/key points in simple text. Text can be printed or digital including visual, multimoda or interactive text. Students use and respond to speaker’s questions or ask the meaning of a word, phrase or sentence, give and defend opinion. Students follow a series of simple instructions related to classroom procedures and learning activities.) 5.2. Membaca-Memirsa (Reading-Viewing) Membaca dan memberikan respons terhadap beragam teks sederhana dalam bentuk tulisan atau digital, termasuk teks visual, multimodal, atau interaktif; menemukan informasi pada sebuah kalimat dan menjelaskan topik sebuah teks yang dibaca atau diamatinya; dan melakukan inferensi sederhana untuk memahami informasi tersirat dalam sebuah teks sederhana.",,,,,,,,,CP-000,"Capaian Pembelajaran (master), id 119",,,https://kurikulum.kemendikdasmen.go.id/service/download.php?kategori=rujukan&id=119,,,extracted_machine,OFFICIAL_PUBLIC_ACCESS,medium,machine-extracted phase-level CP; element tables pending
CPM-PENDIDIKAN-KHUSUS-ILMU-B,ID,Kurikulum Nasional,2026,2026/2027,SD,B,3-4,Pendidikan Khusus Ilmu,,,,CP-PENDIDIKAN-KHUSUS-ILMU-B,"Pada akhir fase B, murid memiliki kemampuan sebagai berikut. 1.1. Pemahaman Konsep Mengenali identitas diri dan anggota keluarga; mengenali hewan yang ada di lingkungan sekitarnya; mengidentifikasi benda-benda yang ada di lingkungan sekitar; mengidentifikasi kerja sama yang terjadi di lingkungan rumah dan satuan pendidikan; Mengenali uang dan kegunaannya secara sederhana; mengidentifikasi siang, malam, nama-nama hari dan bulan; dan mengingat cara memelihara kesehatan tubuh dan lingkungan sekitar dalam kehidupan sehari-hari. 1.2. Keterampilan Proses ● Mengamati. Mengamati fenomena dan peristiwa secara sederhana dengan menggunakan pancaindra dan dapat mencatat hasil pengamatannya menggunakan tulisan atau gambar. ● Mempertanyakan. Mengajukan pertanyaan yang dapat diselidiki secara ilmiah ● Menyelidiki.",,,,,,,,,CP-000,"Capaian Pembelajaran (master), id 119",,,https://kurikulum.kemendikdasmen.go.id/service/download.php?kategori=rujukan&id=119,,,extracted_machine,OFFICIAL_PUBLIC_ACCESS,medium,machine-extracted phase-level CP; element tables pending
CPM-PENDIDIKAN-KHUSUS-ILMU-C,ID,Kurikulum Nasional,2026,2026/2027,SD,C,5-6,Pendidikan Khusus Ilmu,,,,CP-PENDIDIKAN-KHUSUS-ILMU-C,"Pada akhir fase C, murid memiliki kemampuan sebagai berikut. 2.1. Pemahaman Konsep Mengenal benda cair, padat, dan gas serta perubahan wujudnya; mengenal tumbuhan yang ada di lingkungan sekitar; mengidentifikasi sumber energi yang ada di lingkungan sekitar; mengidentifikasi bentuk kasih sayang di lingkungan keluarga melalui pengamatan; mengenal keragaman agama, suku bangsa, bahasa, sosial; mengenal transaksi jual beli; dan mengenal perubahan iklim di Indonesia melalui pengamatan dalam kehidupan sehari-hari. 2.2. Keterampilan Proses ● Mengamati Mengamati fenomena dan peristiwa secara sederhana dengan menggunakan pancaindra dan dapat mencatat hasil pengamatannya menggunakan tulisan atau gambar. ● Mempertanyakan",,,,,,,,,CP-000,"Capaian Pembelajaran (master), id 119",,,https://kurikulum.kemendikdasmen.go.id/service/download.php?kategori=rujukan&id=119,,,extracted_machine,OFFICIAL_PUBLIC_ACCESS,medium,machine-extracted phase-level CP; element tables pending
CPM-PENDIDIKAN-KHUSUS-ILMU-D,ID,Kurikulum Nasional,2026,2026/2027,SMP,D,7-9,Pendidikan Khusus Ilmu,,,,CP-PENDIDIKAN-KHUSUS-ILMU-D,"Pada akhir fase D, murid memiliki kemampuan sebagai berikut. 1.1. Pemahaman Konsep Menjelaskan proses klasifikasi makhluk hidup, daur hidup hewan, perkembangbiakan hewan, dan perkembangbiakan tumbuhan; menerapkan cara merawat dan memelihara hewan serta tumbuhan; mengenali Pertumbuhan dan perkembangan manusia; menjelaskan ciri fisik laki-laki dan perempuan pada masa pubertas; mengidentifikasi proses perubahan wujud zat meliputi menguap, mengembun, mencair, membeku, dan menyublim pada benda padat, cair dan gas; membedakan sifat dan karakteristik zat; serta menerapkan pengetahuan kontekstual dalam kehidupan sehari-hari. Mengenali perubahan kimia dalam kehidupan sehari-hari seperti pada buah dan sayur; mengenali pemisahan campuran sederhana yang banyak digunakan dalam kehidupan sehari-hari seperti penjernihan air yang ramah lingkungan; dan menggambarkan pemahamannya tentang rotasi bumi (perubahan siang dan malam), sumber energi matahari, air, dan angin, serta upaya pelestarian lingkungannya. 1.2. Keterampilan Proses ● Mengamati Menemukan fenomena dan peristiwa secara sederhana dengan mengoptimalkan panca indra yang masih berfungsi, secara mandiri, dan sesuai dengan fakta empiris. ● Mempertanyakan dan Memprediksi Menyusun dan menjawab pertanyaan tentang hal-hal yang ingin diketahui saat",,,,,,,,,CP-000,"Capaian Pembelajaran (master), id 119",,,https://kurikulum.kemendikdasmen.go.id/service/download.php?kategori=rujukan&id=119,,,extracted_machine,OFFICIAL_PUBLIC_ACCESS,medium,machine-extracted phase-level CP; element tables pending
CPM-PENDIDIKAN-KHUSUS-ILMU-E,ID,Kurikulum Nasional,2026,2026/2027,SMA,E,10,Pendidikan Khusus Ilmu,,,,CP-PENDIDIKAN-KHUSUS-ILMU-E,"Pada akhir fase E, murid memiliki kemampuan sebagai berikut. 2.1. Pemahaman Konsep Memahami jenis, fungsi dan contoh lembaga sosial yang ada di masyarakat; mengenali peta lingkungan sederhana, meniru peta lingkungan sederhana dan pemanfaatan peta lingkungan bagi kehidupan sehari-hari; menyebutkan jenis-jenis pekerjaan berdasarkan bidang",,,,,,,,,CP-000,"Capaian Pembelajaran (master), id 119",,,https://kurikulum.kemendikdasmen.go.id/service/download.php?kategori=rujukan&id=119,,,extracted_machine,OFFICIAL_PUBLIC_ACCESS,medium,machine-extracted phase-level CP; element tables pending
CPM-PENDIDIKAN-KHUSUS-ILMU-F,ID,Kurikulum Nasional,2026,2026/2027,SMA,F,11-12,Pendidikan Khusus Ilmu,,,,CP-PENDIDIKAN-KHUSUS-ILMU-F,"Pada akhir fase F, murid memiliki kemampuan sebagai berikut. 3.1. Pemahaman Konsep Mengidentifikasi bunyi dan sumber bunyi yang berhubungan dengan indra pendengaran; murid mampu mengidentifikasi sumber cahaya, sifat cahaya dan hubungannya dengan indra penglihatan; Murid mampu menerapkan energi listrik manfaatnya dalam kehidupan sehari-hari dan cara penghematannya untuk kelestarian alam; Murid mampu membedakan sumber daya alam dan pemanfaatan sumber daya alam yang dapat diperbaharui dan tidak dapat diperbaharui serta cara melestarikan sumber daya alam bagi kehidupan; Murid mampu menceritakan penyebab perubahan iklim, pemanasan global dan dampaknya bagi kehidupan manusia serta penanggulangannya. 3.2. Keterampilan Proses ● Mengamati Murid menemukan dengan mengoptimalkan panca indra yang masih berfungsi dan menggunakan alat bantu yang sesuai karakteristik dan",,,,,,,,,CP-000,"Capaian Pembelajaran (master), id 119",,,https://kurikulum.kemendikdasmen.go.id/service/download.php?kategori=rujukan&id=119,,,extracted_machine,OFFICIAL_PUBLIC_ACCESS,medium,machine-extracted phase-level CP; element tables pending
CPM-PENDIDIKAN-KHUSUS-SENI-MUSIK-A,ID,Kurikulum Nasional,2026,2026/2027,SD,A,1-2,Pendidikan Khusus Seni Musik,,,,CP-PENDIDIKAN-KHUSUS-SENI-MUSIK-A,"Pada akhir fase A, murid memiliki kemampuan sebagai berikut. 1.1. Mengalami (Experiencing) Mengenali bunyi bersumber dari musik sederhana. Mengidentifikasi unsur-unsur bunyi melalui lagu bertanda birama dua dan tiga.",,,,,,,,,CP-000,"Capaian Pembelajaran (master), id 119",,,https://kurikulum.kemendikdasmen.go.id/service/download.php?kategori=rujukan&id=119,,,extracted_machine,OFFICIAL_PUBLIC_ACCESS,medium,machine-extracted phase-level CP; element tables pending
CPM-PENDIDIKAN-KHUSUS-SENI-MUSIK-B,ID,Kurikulum Nasional,2026,2026/2027,SD,B,3-4,Pendidikan Khusus Seni Musik,,,,CP-PENDIDIKAN-KHUSUS-SENI-MUSIK-B,"Pada akhir fase B, murid memiliki kemampuan sebagai berikut. 2.1. Mengalami (Experiencing) Mengidentifikasi bunyi sederhana berdasarkan imitasi akan kepekaan unsur-unsur bunyi, baik intrinsik maupun ekstrinsik melalui lagu birama empat dan irama musik ritmis. 2.2. Mengekspresikan (Expressing) Membuat bunyi musik sederhana menjadi pola baru dengan menggunakan unsur-unsur bunyi musik baik intrinsik maupun ekstrinsik dengan menggunakan pola irama musik ritmis. 2.3. Merefleksikan (Reflecting) Mengenali diri sendiri, sesama, dan lingkungan yang beragam (berkebinekaan), serta mampu memberi kesan atas praktik bermusik lewat bernyanyi lagu birama empat atau bermain alat/media musik, baik sendiri maupun bersama-sama dengan menggunakan pola irama musik ritmis.",,,,,,,,,CP-000,"Capaian Pembelajaran (master), id 119",,,https://kurikulum.kemendikdasmen.go.id/service/download.php?kategori=rujukan&id=119,,,extracted_machine,OFFICIAL_PUBLIC_ACCESS,medium,machine-extracted phase-level CP; element tables pending
CPM-PENDIDIKAN-KHUSUS-SENI-MUSIK-C,ID,Kurikulum Nasional,2026,2026/2027,SD,C,5-6,Pendidikan Khusus Seni Musik,,,,CP-PENDIDIKAN-KHUSUS-SENI-MUSIK-C,"Pada akhir fase C, murid memiliki kemampuan sebagai berikut. 3.1. Mengalami (Experiencing) Mengurutkan pola/tata bunyi dan unsur-unsur bunyi baik intrinsik maupun ekstrinsik melalui lagu berirama ritmis dan melodis. 3.2. Mengekspresikan (Expressing) Menata pola/tata bunyi musik sederhana, memiliki kepekaan terhadap unsur bunyi musik dengan pola irama musik ritmis dan melodis. 3.3. Merefleksikan (Reflecting) Mengenali dan menceritakan praktik bermusik lewat bernyanyi lagu berirama ritmis dan melodis atau bermain alat/media musik baik sendiri maupun bersama-sama. 3.4. Berpikir dan Bekerja Artistik (Thinking and Working Artistically) Mengurutkan praktik musik sejak dari persiapan, saat, sampai usai berpraktik musik ritmis dan melodis, serta memilih, memainkan, dan menghasilkan karya-karya musik sederhana yang mengandung nilai-nilai kearifan lokal dan global.",,,,,,,,,CP-000,"Capaian Pembelajaran (master), id 119",,,https://kurikulum.kemendikdasmen.go.id/service/download.php?kategori=rujukan&id=119,,,extracted_machine,OFFICIAL_PUBLIC_ACCESS,medium,machine-extracted phase-level CP; element tables pending
CPM-PENDIDIKAN-KHUSUS-SENI-MUSIK-D,ID,Kurikulum Nasional,2026,2026/2027,SMP,D,7-9,Pendidikan Khusus Seni Musik,,,,CP-PENDIDIKAN-KHUSUS-SENI-MUSIK-D,"Pada akhir fase D, murid memiliki kemampuan sebagai berikut. 4.1. Mengalami (Experiencing) Mengenali dan menerapkan pengalaman atas bunyi, serta secara aktif berpartisipasi dalam sajian musik ritmis dan melodis dalam lagu wajib dan nusantara maksimal delapan ruas birama. 4.2. Mengekspresikan (Expressing) Menghasilkan gagasan hingga menjadi karya musik yang autentik, berupa sebuah sajian dengan kepekaan akan unsur-unsur bunyi musik, baik intrinsik maupun ekstrinsik berupa, keragaman konteks, baik secara terencana maupun situasional, sesuai dengan kaidah tata bunyi/ musik ritmis dan melodis dalam lagu wajib dan nusantara maksimal delapan atau lebih ruas birama. 4.3. Merefleksikan (Reflecting) Mengenali, menceritakan, dan memadukan beragam praktik bermusik ritmis dan melodis, baik sendiri maupun bersama-sama. Menerapkan hubungannya dengan konteks dan kesenian lain akan kaidah tata bunyi/musik ritmis dan melodis dalam lagu wajib dan nusantara maksimal delapan atau lebih ruas. 4.4. Berpikir dan Bekerja Artistik (Thinking and Working Artistically) Menerapkan berpraktik musik sejak dari persiapan, saat, sampai usai berpraktik musik; dan memadukan konteks bermusik dimulai dari memilih, memainkan, menghasilkan, menganalisis karya-karya musik yang",,,,,,,,,CP-000,"Capaian Pembelajaran (master), id 119",,,https://kurikulum.kemendikdasmen.go.id/service/download.php?kategori=rujukan&id=119,,,extracted_machine,OFFICIAL_PUBLIC_ACCESS,medium,machine-extracted phase-level CP; element tables pending
CPM-PENDIDIKAN-KHUSUS-SENI-MUSIK-E,ID,Kurikulum Nasional,2026,2026/2027,SMA,E,10,Pendidikan Khusus Seni Musik,,,,CP-PENDIDIKAN-KHUSUS-SENI-MUSIK-E,"Pada akhir fase E, murid memiliki kemampuan sebagai berikut. 5.1. Mengalami (Experiencing) Mengenali serta menerapkan pengalaman atas bunyi/musik, serta secara sadar berpartisipasi dalam sajian musik dan lagu daerah setempat; dan berpartisipasi aktif dalam sajian musik yang berguna bagi perbaikan hidup baik untuk diri sendiri, sesama, lingkungan, maupun alam semesta. 5.2. Mengekspresikan (Expressing) Menghasilkan gagasan dan karya musik yang autentik, berupa sajian musik dan menyanyikan lagu daerah setempat serta keragaman konteks; dan melibatkan diri dalam praktik- praktik selain musik (bentuk seni yang lain) baik secara terencana maupun situasional yang berguna bagi perbaikan hidup diri sendiri, sesama, lingkungan, dan alam semesta 5.3. Merefleksikan (Reflecting) Menceritakan, memadukan dan merefleksi",,,,,,,,,CP-000,"Capaian Pembelajaran (master), id 119",,,https://kurikulum.kemendikdasmen.go.id/service/download.php?kategori=rujukan&id=119,,,extracted_machine,OFFICIAL_PUBLIC_ACCESS,medium,machine-extracted phase-level CP; element tables pending
CPM-PENDIDIKAN-KHUSUS-SENI-MUSIK-F,ID,Kurikulum Nasional,2026,2026/2027,SMA,F,11-12,Pendidikan Khusus Seni Musik,,,,CP-PENDIDIKAN-KHUSUS-SENI-MUSIK-F,"Pada akhir fase F, murid memiliki kemampuan sebagai berikut. 6.1. Mengalami (Experiencing) Mengenali dan menerapkan pengalaman atas bunyi musik dan berpartisipasi secara sadar",,,,,,,,,CP-000,"Capaian Pembelajaran (master), id 119",,,https://kurikulum.kemendikdasmen.go.id/service/download.php?kategori=rujukan&id=119,,,extracted_machine,OFFICIAL_PUBLIC_ACCESS,medium,machine-extracted phase-level CP; element tables pending
CPM-PENDIDIKAN-KHUSUS-SENI-RUPA-A,ID,Kurikulum Nasional,2026,2026/2027,SD,A,1-2,Pendidikan Khusus Seni Rupa,,,,CP-PENDIDIKAN-KHUSUS-SENI-RUPA-A,"Pada akhir fase A, murid memiliki kemampuan sebagai berikut. 1.1. Mengalami (Experiencing) Mengidentifikasi, mengenali, mengingat, menggambar dan menerapkan pengalamannya secara visual dengan bentuk-bentuk dasar",,,,,,,,,CP-000,"Capaian Pembelajaran (master), id 119",,,https://kurikulum.kemendikdasmen.go.id/service/download.php?kategori=rujukan&id=119,,,extracted_machine,OFFICIAL_PUBLIC_ACCESS,medium,machine-extracted phase-level CP; element tables pending
CPM-PENDIDIKAN-KHUSUS-SENI-RUPA-B,ID,Kurikulum Nasional,2026,2026/2027,SD,B,3-4,Pendidikan Khusus Seni Rupa,,,,CP-PENDIDIKAN-KHUSUS-SENI-RUPA-B,"Pada akhir fase B, murid memiliki kemampuan sebagai berikut. 2.1. Mengalami (Experiencing) Mengidentifikasi, mengenali, mengingat, dan menggambar pengalamannya dalam bentuk visual pada media dua dimensi atau tiga dimensi dalam bentuk karya mozaik, cetak tinggi, atau kerajinan ikat celup dengan tema (flora dan fauna); dan mengenali, membedakan serta",,,,,,,,,CP-000,"Capaian Pembelajaran (master), id 119",,,https://kurikulum.kemendikdasmen.go.id/service/download.php?kategori=rujukan&id=119,,,extracted_machine,OFFICIAL_PUBLIC_ACCESS,medium,machine-extracted phase-level CP; element tables pending
CPM-PENDIDIKAN-KHUSUS-SENI-RUPA-C,ID,Kurikulum Nasional,2026,2026/2027,SD,C,5-6,Pendidikan Khusus Seni Rupa,,,,CP-PENDIDIKAN-KHUSUS-SENI-RUPA-C,"Pada akhir fase C, murid memiliki kemampuan sebagai berikut. 3.1. Mengalami (Experiencing) Mengidentifikasi, mengenali, menggambar dan menerapkan pengalamannya secara visual dalam karya seni rupa dua atau tiga dimensi dengan menerapkan berbagai tema flora, fauna, atau alam benda kedalam karya seni rupa. 3.2. Mengekspresikan (expressing) Mengekspresikan karya seni rupa dengan bimbingan pendidik atau secara mandiri dengan kegiatan menggambar, mengilustrasikan dan",,,,,,,,,CP-000,"Capaian Pembelajaran (master), id 119",,,https://kurikulum.kemendikdasmen.go.id/service/download.php?kategori=rujukan&id=119,,,extracted_machine,OFFICIAL_PUBLIC_ACCESS,medium,machine-extracted phase-level CP; element tables pending
CPM-PENDIDIKAN-KHUSUS-SENI-RUPA-D,ID,Kurikulum Nasional,2026,2026/2027,SMP,D,7-9,Pendidikan Khusus Seni Rupa,,,,CP-PENDIDIKAN-KHUSUS-SENI-RUPA-D,"Pada akhir fase D, murid memiliki kemampuan sebagai berikut. 4.1. Mengalami (Experiencing) Mengenali, meniru dan memberitahu pengalamannya secara visual terhadap karya seni rupa dengan tema flora, fauna, alam benda dan manusia pada media dua atau tiga dimensi; dan menerapkan serta memadukan proporsi, gaya dan ruang. 4.2. Mengekspresikan (Expressing) Mengekspresikan karya seni rupa dalam konteks menggambar, mengilustrasikan dan menciptakan gambar ekspresi pribadi atau gambar dengan tema flora, fauna, alam benda serta manusia dengan bimbingan pendidik atau mandiri; menerapkan serta memadukan pengetahuan unsur seni rupa serta prinsip seni",,,,,,,,,CP-000,"Capaian Pembelajaran (master), id 119",,,https://kurikulum.kemendikdasmen.go.id/service/download.php?kategori=rujukan&id=119,,,extracted_machine,OFFICIAL_PUBLIC_ACCESS,medium,machine-extracted phase-level CP; element tables pending
CPM-PENDIDIKAN-KHUSUS-SENI-RUPA-E,ID,Kurikulum Nasional,2026,2026/2027,SMA,E,10,Pendidikan Khusus Seni Rupa,,,,CP-PENDIDIKAN-KHUSUS-SENI-RUPA-E,"Pada akhir fase E, murid memiliki kemampuan sebagai berikut. 5.1. Mengalami (Experiencing) Mengidentifikasi, mengurutkan, dan mengilustrasikan pengalaman dan pengamatannya terhadap lingkungan, perasaan, atau topik tertentu secara visual pada karya dua atau tiga dimensi dengan tema flora, fauna, alam benda atau manusia. 5.2. Mengekspresikan (Expressing) Memilih dan mengilustrasikan unsur seni rupa, serta mulai menerapkan dan memadukan garis, bentuk, tekstur, ruang, dan warna secara visual",,,,,,,,,CP-000,"Capaian Pembelajaran (master), id 119",,,https://kurikulum.kemendikdasmen.go.id/service/download.php?kategori=rujukan&id=119,,,extracted_machine,OFFICIAL_PUBLIC_ACCESS,medium,machine-extracted phase-level CP; element tables pending
CPM-PENDIDIKAN-KHUSUS-SENI-RUPA-F,ID,Kurikulum Nasional,2026,2026/2027,SMA,F,11-12,Pendidikan Khusus Seni Rupa,,,,CP-PENDIDIKAN-KHUSUS-SENI-RUPA-F,"Pada akhir fase F, murid memiliki kemampuan sebagai berikut. 6.1. Mengalami (Experiencing) Mengidentifikasi, mengurutkan, dan mengilustrasikan pengalaman dan pengamatannya terhadap karya dua atau tiga dimensi dengan memilih tema tertentu sesuai dengan minat dan bakatnya.",,,,,,,,,CP-000,"Capaian Pembelajaran (master), id 119",,,https://kurikulum.kemendikdasmen.go.id/service/download.php?kategori=rujukan&id=119,,,extracted_machine,OFFICIAL_PUBLIC_ACCESS,medium,machine-extracted phase-level CP; element tables pending
CPM-PENDIDIKAN-KHUSUS-SENI-TARI-A,ID,Kurikulum Nasional,2026,2026/2027,SD,A,1-2,Pendidikan Khusus Seni Tari,,,,CP-PENDIDIKAN-KHUSUS-SENI-TARI-A,"Pada akhir fase A, murid memiliki kemampuan sebagai berikut. 1.1. Mengalami (Experiencing) Mengamati gerak bagian-bagian anggota tubuh dengan tidak berpindah dan berpindah tempat dalam kehidupan sehari-hari (sesuai dengan kemampuan) menggunakan tempo, irama dan kode ketukan sebagai media komunikasi secara berulang-ulang dengan bimbingan. 1.2. Merefleksikan (Reflecting) Mengenal gerak sehari-hari anggota tubuh dengan tidak berpindah dan berpindah tempat menggunakan irama dan kode ketukan yang memiliki kesatuan gerak 1.3. Berpikir dan Bekerja Artistik (Thinking and Working Artistically) Menunjukkan hasil gerak sangat sederhana dengan tidak berpindah dan berpindah tempat dengan percaya diri saat mengekspresikan kepada penonton di lingkungan sekitar. 1.4. Mengekspresikan (Expressing) Mengembangkan gerak bagian-bagian anggota tubuh dengan tidak berpindah dan berpindah tempat dalam sehari-hari dengan sangat sederhana menggunakan irama dan kode ketukan yang memiliki kesatuan gerak. 2. Fase B (Umumnya untuk Usia Mental ± 7 Tahun/Kelas III dan IV SDLB)",,,,,,,,,CP-000,"Capaian Pembelajaran (master), id 119",,,https://kurikulum.kemendikdasmen.go.id/service/download.php?kategori=rujukan&id=119,,,extracted_machine,OFFICIAL_PUBLIC_ACCESS,medium,machine-extracted phase-level CP; element tables pending
CPM-PENDIDIKAN-KHUSUS-SENI-TARI-B,ID,Kurikulum Nasional,2026,2026/2027,SD,B,3-4,Pendidikan Khusus Seni Tari,,,,CP-PENDIDIKAN-KHUSUS-SENI-TARI-B,"Pada akhir fase B, murid memiliki kemampuan sebagai berikut. 2.1. Mengalami (Experiencing) Mengamati, mengidentifikasi dan melakukan gerak sehari-hari dengan kode ketukan, berdasarkan level, dengan memperhatikan",,,,,,,,,CP-000,"Capaian Pembelajaran (master), id 119",,,https://kurikulum.kemendikdasmen.go.id/service/download.php?kategori=rujukan&id=119,,,extracted_machine,OFFICIAL_PUBLIC_ACCESS,medium,machine-extracted phase-level CP; element tables pending
CPM-PENDIDIKAN-KHUSUS-SENI-TARI-C,ID,Kurikulum Nasional,2026,2026/2027,SD,C,5-6,Pendidikan Khusus Seni Tari,,,,CP-PENDIDIKAN-KHUSUS-SENI-TARI-C,"Pada akhir fase C, murid memiliki kemampuan sebagai berikut. 3.1. Mengalami (Experiencing) Mengamati berbagai bentuk gerak tari daerah dengan unsur-unsur tari, memperhatikan irama dan busana. 3.2. Merefleksikan (Reflecting) Menghargai hasil pencapaian karya tari daerah dengan unsur-unsur memperhatikan irama dan busana dengan mempertimbangkan pendapat orang lain dan mengekspresikan diri. 3.3. Berpikir dan Bekerja Artistik (Thinking and Working Artistically)",,,,,,,,,CP-000,"Capaian Pembelajaran (master), id 119",,,https://kurikulum.kemendikdasmen.go.id/service/download.php?kategori=rujukan&id=119,,,extracted_machine,OFFICIAL_PUBLIC_ACCESS,medium,machine-extracted phase-level CP; element tables pending
CPM-PENDIDIKAN-KHUSUS-SENI-TARI-D,ID,Kurikulum Nasional,2026,2026/2027,SMP,D,7-9,Pendidikan Khusus Seni Tari,,,,CP-PENDIDIKAN-KHUSUS-SENI-TARI-D,"Pada akhir fase D, murid memiliki kemampuan sebagai berikut. 4.1. Mengalami (Experiencing) Mengidentifikasi dengan bimbingan mengenai tari daerah, pola lantai, tari nusantara dengan unsur-unsur tari (wiraga, wirasa, dan wirama), tari kreasi baru. 4.2. Merefleksikan (Reflecting) Mengevaluasi hasil penciptaan karya tari dengan mengapresiasi nilai estetis tari nusantara dan kreasi dalam menciptakan ide-ide baru ke dalam karyanya. 4.3. Berpikir dan Bekerja Artistik (Thinking and Working Artistically) Mempertunjukkan hasil gerak tari nusantara dan kreasi sangat sederhana berdasarkan nilai, jenis, dan fungsi dari tari tradisi dalam berbagai bentuk penyajian baik individu ataupun kelompok dengan unsur utama dan pendukung tari. 4.4. Mengekspresikan (Expressing) Membuat gerak tari nusantara dan kreasi sederhana yang merefleksikan nilai, jenis dan fungsi dari tari tradisi dengan mempertimbangkan unsur utama dan pendukung tari sesuai dengan kemampuan murid.",,,,,,,,,CP-000,"Capaian Pembelajaran (master), id 119",,,https://kurikulum.kemendikdasmen.go.id/service/download.php?kategori=rujukan&id=119,,,extracted_machine,OFFICIAL_PUBLIC_ACCESS,medium,machine-extracted phase-level CP; element tables pending
CPM-PENDIDIKAN-KHUSUS-SENI-TARI-E,ID,Kurikulum Nasional,2026,2026/2027,SMA,E,10,Pendidikan Khusus Seni Tari,,,,CP-PENDIDIKAN-KHUSUS-SENI-TARI-E,"Pada akhir fase E, murid memiliki kemampuan sebagai berikut. 5.1. Mengalami (Experiencing) Memahami dan menggali makna dari unsur gerak tari pada tari nusantara dan kreasi modern dalam bentuk karya seni melalui pengamatan sebuah video atau pementasan secara langsung 5.2. Merefleksikan (Reflecting) Mengevaluasi hasil penciptaan karya gerak tari nusantara dan tari modern dengan mengapresiasi nilai estetis dalam menciptakan ide-ide baru ke dalam karyanya dengan kreatif dan mandiri. 5.3. Berpikir dan Bekerja Artistik (Thinking and Working Artistically) Menunjukkan hasil karya gerak tari kreasi nusantara atau modern sederhana secara individu maupun kelompok. 5.4. Mengekspresikan (Expressing) Mengekspresikan karya gerak tari kreasi modern atau tari nusantara sangat sederhana berdasarkan makna dan unsur tari dari tari tradisi modern atau tari nusantara sesuai dengan kemampuan murid 5.5. Berdampak (Impacting) Mengaktualisasikan diri melalui pertunjukan tari pada lingkungan sekitar dan menumbuhkan rasa keanekaragaman, kreatif, dan mandiri.",,,,,,,,,CP-000,"Capaian Pembelajaran (master), id 119",,,https://kurikulum.kemendikdasmen.go.id/service/download.php?kategori=rujukan&id=119,,,extracted_machine,OFFICIAL_PUBLIC_ACCESS,medium,machine-extracted phase-level CP; element tables pending
CPM-PENDIDIKAN-KHUSUS-SENI-TEATER-F,ID,Kurikulum Nasional,2026,2026/2027,SMA,F,11-12,Pendidikan Khusus Seni Teater,,,,CP-PENDIDIKAN-KHUSUS-SENI-TEATER-F,"Pada akhir fase F, murid memiliki kemampuan sebagai berikut. 6.1. Mengalami (Experiencing) Memahami dan membandingkan berbagai macam pertunjukan tari kreasi baru dan tari kontemporer berdasarkan makna, unsur tari dan nilai estetis dari perspektif berbagai aspek seni sesuai dengan pengalaman dan wawasan. 6.2. Merefleksikan (Reflecting) Mengevaluasi hasil penciptaan karya tari dengan mengapresiasi nilai estetis tari tradisi sesuai kemampuan. 6.3. Berpikir dan Bekerja Artistik (Thinking and Working Artistically) Menunjukkan hasil penciptaan tari kreasi baru, tari kontemporer dan tari mancanegara secara individu maupun kelompok dalam pertunjukan. 6.4. Mengekspresikan (Expressing) Mengekspresikan tari kreasi sederhana yang terinspirasi dari hasil membandingkan berbagai pertunjukkan tari tradisi, kreasi, dan kontemporer berdasarkan kemampuan masing-masing. 6.5. Berdampak (Impacting) Mengaktualisasikan diri dalam mempengaruhi orang lain untuk mengapresiasi pertunjukan tari tradisi, kreasi, dan kontemporer berdasarkan kemampuan masing-masing IX.4.",,,,,,,,,CP-000,"Capaian Pembelajaran (master), id 119",,,https://kurikulum.kemendikdasmen.go.id/service/download.php?kategori=rujukan&id=119,,,extracted_machine,OFFICIAL_PUBLIC_ACCESS,medium,machine-extracted phase-level CP; element tables pending
CPM-PENDIDIKAN-KHUSUS-SENI-TEATER-B,ID,Kurikulum Nasional,2026,2026/2027,SD,B,3-4,Pendidikan Khusus Seni Teater,,,,CP-PENDIDIKAN-KHUSUS-SENI-TEATER-B,"Pada akhir fase B, murid memiliki kemampuan sebagai berikut. 2.1. Mengalami (Experiencing) Mengenali teater: tokoh (lingkungan sekitar), gerak mengkombinasikan beberapa gerak tubuh), dialog (suara alam) dan pantomim: gerak tubuh (gerak-gerak tunggal) dan ekspresi wajah melalui pengamatan pertunjukan sederhana, baik langsung maupun tidak langsung. 2.2. Merefleksikan (Reflecting) Memberi tahu teater (peran) dan pantomim (gerak tubuh, ekspresi wajah) yang sudah dilihat/didengarnya. 2.3. Berpikir dan Bekerja Artistik (Thinking and Working Artistically)",,,,,,,,,CP-000,"Capaian Pembelajaran (master), id 119",,,https://kurikulum.kemendikdasmen.go.id/service/download.php?kategori=rujukan&id=119,,,extracted_machine,OFFICIAL_PUBLIC_ACCESS,medium,machine-extracted phase-level CP; element tables pending
CPM-PENDIDIKAN-KHUSUS-SENI-TEATER-C,ID,Kurikulum Nasional,2026,2026/2027,SD,C,5-6,Pendidikan Khusus Seni Teater,,,,CP-PENDIDIKAN-KHUSUS-SENI-TEATER-C,"Pada akhir fase C, murid memiliki kemampuan sebagai berikut. 3.1. Mengalami (Experiencing) Mengidentifikasi teater (tokoh, gerak, dialog), juga pantomim (gerak tubuh, ekspresi wajah) melalui pengamatan pertunjukan sederhana baik langsung maupun tidak langsung. 3.2. Merefleksikan (Reflecting) Menemukan, menceritakan (peran) dalam teater, pantomim yang sudah dimainkan. 3.3. Berpikir dan Bekerja Artistik (Thinking and Working Artistically) Menerapkan kostum, riasan, dan hands props tanpa bantuan. 3.4. Mengekspresikan (Expressing) Menghafal, meniru teater (tokoh, gerak, dialog), dan pantomim (gerak tubuh, ekspresi wajah), melalui pertunjukan yang sangat sederhana. 4. Fase D (Umumnya untuk Usia Mental ± 9 Tahun/Kelas VII, VIII, dan IX SMPLB)",,,,,,,,,CP-000,"Capaian Pembelajaran (master), id 119",,,https://kurikulum.kemendikdasmen.go.id/service/download.php?kategori=rujukan&id=119,,,extracted_machine,OFFICIAL_PUBLIC_ACCESS,medium,machine-extracted phase-level CP; element tables pending
CPM-PENDIDIKAN-KHUSUS-SENI-TEATER-D,ID,Kurikulum Nasional,2026,2026/2027,SMP,D,7-9,Pendidikan Khusus Seni Teater,,,,CP-PENDIDIKAN-KHUSUS-SENI-TEATER-D,"Pada akhir fase D, murid memiliki kemampuan sebagai berikut. 4.1. Mengalami (Experiencing) Mengidentifikasi teater (tokoh, karakter, gerak, dan dialog), pantomim (gerak tubuh, ekspresi wajah), dan melakukan dramatic reading (bedah naskah) melalui pengamatan langsung dan tidak langsung.",,,,,,,,,CP-000,"Capaian Pembelajaran (master), id 119",,,https://kurikulum.kemendikdasmen.go.id/service/download.php?kategori=rujukan&id=119,,,extracted_machine,OFFICIAL_PUBLIC_ACCESS,medium,machine-extracted phase-level CP; element tables pending
CPM-PENDIDIKAN-KHUSUS-SENI-TEATER-E,ID,Kurikulum Nasional,2026,2026/2027,SMA,E,10,Pendidikan Khusus Seni Teater,,,,CP-PENDIDIKAN-KHUSUS-SENI-TEATER-E,"Pada akhir fase E, murid memiliki kemampuan sebagai berikut. 5.1. Mengalami (Experiencing) Menjelaskan teater (tokoh, karakter, gerak, dialog), drama audio (naskah, dialog); dan melakukan pantomim (gerak tubuh, ekspresi wajah) melalui pengamatan tidak langsung. 5.2. Merefleksikan (Reflecting) Menganalisis pertunjukan teater, drama audio, dan pantomim, yang sudah dimainkan dengan kosakata sederhana dan bimbingan. 5.3. Berpikir dan Bekerja Artistik (Thinking and Working Artistically) Menciptakan kostum, riasan, properti, dan multimedia secara sederhana. 5.4. Mengekspresikan (Expressing) Menerapkan, membuat rencana pertunjukan",,,,,,,,,CP-000,"Capaian Pembelajaran (master), id 119",,,https://kurikulum.kemendikdasmen.go.id/service/download.php?kategori=rujukan&id=119,,,extracted_machine,OFFICIAL_PUBLIC_ACCESS,medium,machine-extracted phase-level CP; element tables pending
CPM-PENDIDIKAN-KHUSUS-KETERAMPILAN-D,ID,Kurikulum Nasional,2026,2026/2027,SMP,D,7-9,Pendidikan Khusus Keterampilan,,,,CP-PENDIDIKAN-KHUSUS-KETERAMPILAN-D,"Pada akhir fase D, murid memiliki kemampuan sebagai berikut. 1.1. Keselamatan dan Kesehatan Kerja (K3) Mengenali prosedur Kesehatan dan Keselamatan Kerja (K3) di tempat menari secara mandiri dan bergotong royong; Mengenali prosedur penggunaan APD, pencegahan penyakit akibat kerja dan menerapkan kebersihan di tempat menari; dan melaksanakan aktivitas penyimpanan perlengkapan menari serta kebersihan pribadi (personal hygiene); mengikuti prosedur operasional standar (POS) penggunaan alat. 1.2. Persiapan Alat dan Kelengkapan Menyiapkan peralatan audio tari; rias busana properti, alat musik live dalam pementasan tari; (disesuaikan dengan kondisi satuan pendidikan); menerapkan pemeliharaan berkala pada alat dan properti tari; melaksanakan kegiatan pembersihan peralatan setelah digunakan dalam kegiatan latihan bentuk gerak dasar dan ragam gerak tari serta penampilan karya seni tari; Mendata kelengkapan menari; dan memilih serta menggunakan media yang sesuai dengan kebutuhan untuk membuat video pementasan seni tari secara mandiri dan kelompok. 1.3. Proses Penampilan Gerak Dasar Tari, Ragam Gerak Tari, dan Penampilan Karya Seni Tari Melakukan gerak olah tubuh; teknik gerak dasar tari (kepala, badan, tangan, kaki, meniru gerakan hewan); unsur tari (gerak, ruang, waktu dan tenaga); ragam gerak tari bagian awal, bagian inti, bagian akhir berdasarkan tempo iringan musik; menerapkan pementasan) ragam gerak dasar serta karya seni tari pada berbagai media baik secara mandiri maupun kelompok.",,,,,,,,,CP-000,"Capaian Pembelajaran (master), id 119",,,https://kurikulum.kemendikdasmen.go.id/service/download.php?kategori=rujukan&id=119,,,extracted_machine,OFFICIAL_PUBLIC_ACCESS,medium,machine-extracted phase-level CP; element tables pending
CPM-PENDIDIKAN-KHUSUS-KETERAMPILAN-F,ID,Kurikulum Nasional,2026,2026/2027,SMA,F,11-12,Pendidikan Khusus Keterampilan,,,,CP-PENDIDIKAN-KHUSUS-KETERAMPILAN-F,"Pada akhir fase F, murid memiliki kemampuan sebagai berikut: 3.1. Persiapan dan Pemeliharaan Area Kerja. Menerapkan prosedur persiapan di lingkungan kerja yang bersih dan aman sesuai standar K3; melaksanakan kebersihan dan keamanan peralatan dan perlengkapan kerja, standar kebersihan pribadi, sanitasi peralatan, perlengkapan dan tempat kerja meliputi area lantai dan area bed massage, Alat Pelindung Diri (APD) sesuai dengan fungsinya. 3.2. Menyiapkan dan Menyimpan Alat, Lenan, Bahan, dan Kosmetik. Menerapkan persiapan peralatan massage yang sudah dibersihkan untuk wadah kosmetik massage, kosmetik massage, bahan pelengkap massage, lenan massage, sesuai kebutuhan kerja; melakukan kegiatan pemeriksaan kelayakan alat, lenan, bahan dan kosmetik sesuai POS (Prosedur Operasional Standar) secara teliti. 3.3. Persiapan Diri dan Pelanggan/Klien. Melaksanakan persiapan pribadi (kebersihan dan penampilan diri), melaksanakan tata cara penyambutan pelanggan/klien; mendemonstrasikan persiapan pelanggan/klien massage tradisional (berganti pakaian pijat, menyimpan pakaian besih) dengan ramah dan sopan sesuai prinsip-prinsip komunikasi. 3.4. Melakukan Teknik Pemijatan Badan Tradisional Daerah di Indonesia. Melaksanakan teknik dasar pemijatan badan tradisional daerah, (effleurage/stroking, petrissage, tapotement, friction, dan vibrate) dengan berirama; menggunakan lulur instan",,,,,,,,,CP-000,"Capaian Pembelajaran (master), id 119",,,https://kurikulum.kemendikdasmen.go.id/service/download.php?kategori=rujukan&id=119,,,extracted_machine,OFFICIAL_PUBLIC_ACCESS,medium,machine-extracted phase-level CP; element tables pending
CPM-PENDIDIKAN-KHUSUS-KETERAMPILAN-E,ID,Kurikulum Nasional,2026,2026/2027,SMA,E,10,Pendidikan Khusus Keterampilan,,,,CP-PENDIDIKAN-KHUSUS-KETERAMPILAN-E,"Pada akhir fase E, murid memiliki kemampuan sebagai berikut. 2.1. Keselamatan dan Kesehatan Kerja (K3) Memahami makna masing-masing simbol-simbol K3; menerapkan prosedur keselamatan dan kesehatan di tempat kerja; melaksanakan kegiatan penyiapan dan penggunaan APD dan APK di tempat kerja secara mandiri sesuai prosedur; menerapkan kegiatan menjaga kebersihan dan kerapian tempat kerja secara mandiri; dan mengkomunikasi potensi bahaya yang muncul saat bekerja. 2.2. Peralatan Kerja Praktik Melaksanakan kegiatan terkait pemeliharaan kebersihan dan kerapian lingkungan kerja; menerapkan kebersihan dan mengorganisir peralatan kerja sesuai dengan prosedur; menggunakan peralatan kerja elektrik dan elektronik sesuai pedoman penggunaan; melaksanakan kegiatan penyiapan perlengkapan dan material sesuai fungsi dan kebutuhan; dan menggunakan alat ukur dan uji. 2.3. Komponen Elektrik dan Elektronika Rumah Tangga Menggunakan komponen-komponen dasar elektrik dan elektronika sesuai dengan fungsi normalnya. 2.4. Perawatan/Perbaikan Sederhana Peralatan Elektrik dan Elektronika Rumah Tangga Menginterpretasikan gambar teknik (manual) dengan benar sesuai kebutuhan pekerjaan; dan melakukan perawatan elektronika alat rumah tangga. 2.5. Pelaporan Hasil Perbaikan Mengidentifikasi kerusakan kecil alat elektronik dan membuat dokumentasinya; dan",,,,,,,,,CP-000,"Capaian Pembelajaran (master), id 119",,,https://kurikulum.kemendikdasmen.go.id/service/download.php?kategori=rujukan&id=119,,,extracted_machine,OFFICIAL_PUBLIC_ACCESS,medium,machine-extracted phase-level CP; element tables pending
CPM-PROGRAM-KEBUTUHAN-KHUSUS-A,ID,Kurikulum Nasional,2026,2026/2027,SD,A,1-2,Program Kebutuhan Khusus,,,,CP-PROGRAM-KEBUTUHAN-KHUSUS-A,"Pada akhir fase A, murid memiliki kemampuan sebagai berikut. 1.1. Gerak, Koordinasi dan Keseimbangan Tubuh dan Alat Bantu Gerak Mengenal, menunjukkan dan menyebutkan anggota tubuh, mengenal berbagai arah (depan, belakang, kanan, kiri, atas dan bawah); mengenal berbagai arah sesuai mata angin (utara, selatan, barat dan timur), mengenal posisi, memposisikan tubuh (tegak, menghadap depan, menghadap kanan, menghadap kiri, dan tubuh belakang; mengangkat kepala dalam posisi tengkurap/duduk; mempertahankan kepala tegak dalam posisi duduk, merangkak dan berdiri, gerakan kepala dengan beban/benda diatas kepala, menggerakan kepala ke kanan dan ke kiri, keatas dan ke bawah, tengkleng; menggerakan kepala berputar ke kiri dan ke kanan, dan menggerakan kepala mengikuti irama; menggerakkan pergelangan tangan menggerakan jari, merobek tisu, mengangkat tangan ke atas, dan mengangkat tangan ke samping kanan dan kiri; menggerakkan kaki ke arah depan, berselonjoran, menekuk lutut, dan melipat kaki; mengangkat bahu naik turun, menggerakan bahu ke depan dan ke belakang dan bergerak sesuai dengan kemampuan. 1.2. Merawat, Mengurus dan Menyelamatkan Diri Mengenal, memahami alat dan fungsi kebersihan tubuh, mencuci tangan dan kaki, memelihara kebersihan tangan dan kaki, dan mencuci muka; menjaga kebersihan gigi dan membersihkan diri setelah buang air kecil dan air besar. Memahami dan mampu memakai dan",,,,,,,,,CP-000,"Capaian Pembelajaran (master), id 119",,,https://kurikulum.kemendikdasmen.go.id/service/download.php?kategori=rujukan&id=119,,,extracted_machine,OFFICIAL_PUBLIC_ACCESS,medium,machine-extracted phase-level CP; element tables pending
CPM-PROGRAM-KEBUTUHAN-KHUSUS-B,ID,Kurikulum Nasional,2026,2026/2027,SD,B,3-4,Program Kebutuhan Khusus,,,,CP-PROGRAM-KEBUTUHAN-KHUSUS-B,"Pada akhir fase B, murid memiliki kemampuan sebagai berikut. 2.1. Merawat Diri Melaksanakan kegiatan makan menggunakan tangan dan minum menggunakan gelas dengan sikap yang baik; melakukan kegiatan mandi, menggosok gigi; dan melakukan kegiatan menggunakan toilet. 2.2. Mengurus Diri Menampilkan kemampuan dalam menanggalkan dan mengenakan pakaian luar (t-shirt), mengidentifikasi cara memilih pakaian dalam, menggunakan bedak (bagi Peserta didik perempuan); dan melaksanakan aktivitas menyisir rambut. 2.3. Menolong Diri Mengidentifikasi binatang buas dan jinak; menggunakan alat pelindung diri; mengidentifikasi tanda-tanda bencana alam, cara penggunaan alat/benda untuk menyelamatkan diri; melakukan upaya penyelamatan diri; mencari pertolongan pada orang dewasa terutama yang dikenal; mengenali identitas keluarga dan cara menjaga diri; mengenali cara mengatasi kondisi tertentu yang membahayakan kesehatan serta keselamatan diri.",,,,,,,,,CP-000,"Capaian Pembelajaran (master), id 119",,,https://kurikulum.kemendikdasmen.go.id/service/download.php?kategori=rujukan&id=119,,,extracted_machine,OFFICIAL_PUBLIC_ACCESS,medium,machine-extracted phase-level CP; element tables pending
CPM-PROGRAM-KEBUTUHAN-KHUSUS-C,ID,Kurikulum Nasional,2026,2026/2027,SD,C,5-6,Program Kebutuhan Khusus,,,,CP-PROGRAM-KEBUTUHAN-KHUSUS-C,"Pada akhir fase C, murid memiliki kemampuan sebagai berikut. 3.1. Persepsi Bunyi Mendeteksi bunyi latar belakang, suara manusia di lingkungan sekitar yang terdengar secara tiba-tiba, suara manusia di lingkungan yang diperdengarkan secara langsung, suara kelompok kata, dan suara kalimat; mendiskriminasi berbagai macam bunyi termasuk bunyi bahasa, dua kata yang mengandung konsonan sengau dan letup dan dua kata yang mengandung konsonan letup dengan geser; mengidentifikasi bunyi sebagai sinyal yang pernah didiskriminasi; mengidentifikasi bunyi bahasa; mengomprehensi bunyi bahasa berupa kalimat perintah dan kalimat berita untuk komunikasi dengan menggunakan ABD atau tanpa ABD sebatas sisa pendengaran. 3.2. Persepsi Irama Mendeteksi irama dasar yaitu ketukan, irama, birama lagu 3/4, 4/4 dan 6/8 dan irama bahasa. Mendiskriminasi irama dasar dan irama bahasa melalui berbagai kegiatan membedakan berbagai macam irama dasar dan irama bahasa yaitu irama kalimat tanya dan kalimat berita; mengidentifikasi berbagai irama dasar maupun irama bahasa sesuai makna yang sebenarnya; melakukan komprehensi untuk dapat memanfaatkan irama dasar dan irama bahasa untuk berkomunikasi menggunakan ABD atau tanpa ABD sebatas sisa pendengaran. 3.3. Latihan Prawicara Melakukan latihan keterarahan wajah berupa",,,,,,,,,CP-000,"Capaian Pembelajaran (master), id 119",,,https://kurikulum.kemendikdasmen.go.id/service/download.php?kategori=rujukan&id=119,,,extracted_machine,OFFICIAL_PUBLIC_ACCESS,medium,machine-extracted phase-level CP; element tables pending
CPM-PROGRAM-KEBUTUHAN-KHUSUS-D,ID,Kurikulum Nasional,2026,2026/2027,SMP,D,7-9,Program Kebutuhan Khusus,,,,CP-PROGRAM-KEBUTUHAN-KHUSUS-D,"Pada akhir fase D, murid memiliki kemampuan sebagai berikut. 4.1. Interaksi Sosial Menunjukkan sportivitas ketika berinteraksi sosial; dan mengenal aturan sosial di lingkungan. 4.2. Komunikasi Memahami konsep bagian dari anggota kelompok di berbagai lingkungan memahami persamaan kata dan lawan kata (sinonim dan antonim); melakukan satu topik percakapan/dialog dengan lawan bicara, menunjukkan kemampuan untuk membuat pertanyaan mengenai Apa, Dimana, Kapan, Siapa, Mengapa, Bagaimana (ADIKSIMBA); dan mengenal kata berbahasa asing atau bahasa daerah yang dijumpai di rumah, satuan pendidikan dan masyarakat (open, pull, push, stop, atau bahasa daerah yang sesuai dengan wilayahnya masing-masing, dan sebagainya). 4.3. Perilaku Menunjukkan keterampilan dalam menahan diri untuk tidak tantrum, menyakiti diri sendiri, dan berperilaku agresif ketika ada stimulus yang tidak disukai di lingkungan rumah; dan membentuk perilaku yang adaptif di rumah 4.4. Sensomotorik Membedakan berbagai stimulasi indera penglihatan, stimulasi indera pendengaran, stimulasi indera penciuman, stimulasi indera pengecap, stimulasi indera peraba; mempraktikkan gerakan koordinasi otot dan persendian melalui permainan olahraga beregu; serta mengaplikasikan peralatan yang melibatkan organ motorik halus dan kasar.",,,,,,,,,CP-000,"Capaian Pembelajaran (master), id 119",,,https://kurikulum.kemendikdasmen.go.id/service/download.php?kategori=rujukan&id=119,,,extracted_machine,OFFICIAL_PUBLIC_ACCESS,medium,machine-extracted phase-level CP; element tables pending
CPM-PROGRAM-KEBUTUHAN-KHUSUS-E,ID,Kurikulum Nasional,2026,2026/2027,SMA,E,10,Program Kebutuhan Khusus,,,,CP-PROGRAM-KEBUTUHAN-KHUSUS-E,"Pada akhir fase E, murid memiliki kemampuan sebagai berikut. 5.1. Orientasi dan Mobilitas Mengenal jenis-jenis jalur pemandu serta menggunakannya di lingkungan sekitar, menggunakan jalur pemandu dengan teknik tongkat; mengidentifikasi lingkungan yang aksesibel; memahami serta memahami informasi tentang pengetahuan, keterampilan penggunaan teknik tongkat di lingkungan dengan berbagai aktivitas sehari-hari meliputi kemampuan menggunakan teknik silang tubuh (c ross body techniqu e) di dalam ruangan, teknik silang tubuh ( cross body technique) untuk mendeteksi objek-rintangan, teknik tongkat waktu turun-naik tangga, teknik menelusur (trailing technique) di dalam ruangan; dan menggunakan teknik geser (slide technique) di luar ruangan, teknik sentuhan (touch technique) di luar ruangan, teknik dua sentuhan (two touch technique) di luar ruangan, teknik dua sentuhan untuk menelusuri garis pengarah (shoreline ), teknik dorong (Pussing Slide Technique ) di lingkungan terbatas dan teknik geser dan sentuh ( slide and touch techniques ) di daerah pedesaan dan persawahan. 5.2. Keterampilan Sosial Memahami dan mengeksplorasi pengetahuan dan keterampilan tentang aktivitas sehari-hari , membersihkan dan merawat halaman rumah, merawat alat-alat berkebun, serta memelihara hewan peliharaan yang diterapkan dalam kehidupan sehari-hari; terampil memperbaiki pakaian sederhana (memasukkan benang ke",,,,,,,,,CP-000,"Capaian Pembelajaran (master), id 119",,,https://kurikulum.kemendikdasmen.go.id/service/download.php?kategori=rujukan&id=119,,,extracted_machine,OFFICIAL_PUBLIC_ACCESS,medium,machine-extracted phase-level CP; element tables pending
CPM-PROGRAM-KEBUTUHAN-KHUSUS-F,ID,Kurikulum Nasional,2026,2026/2027,SMA,F,11-12,Program Kebutuhan Khusus,,,,CP-PROGRAM-KEBUTUHAN-KHUSUS-F,"Pada akhir fase F, peserta didik memiliki kemampuan sebagai berikut. 6.1. Gerak, koordinasi dan Keseimbangan Tubuh dan Alat Bantu Gerak Melaksanakan aktivitas menggerakkan kepala sesuai irama musik; melakukan gerakan tangan, melipat kain, kertas, dan plastik; melakukan gerakan memutar pinggang ke kanan dan ke kiri; melakukan gerak keseimbangan tubuh; menggunakan alat bantu, melaksanakan kegiatan berjalan, berlari; menunjukkan keterampilan menyimpan benda sesuai dengan tempatnya, posisi duduk sila, memukul benda sesuai sasaran dengan tongkat (sesuai instruksi), menunjukkan keterampilan menendang bola berbagai ukuran, menendang bola ke gawang; Melaksanakan aktivitas memasang dan melepas alat bantu. 6.2. Merawat, Mengurus dan Menyelamatkan Diri Memahami jenis peralatan peserta didik",,,,,,,,,CP-000,"Capaian Pembelajaran (master), id 119",,,https://kurikulum.kemendikdasmen.go.id/service/download.php?kategori=rujukan&id=119,,,extracted_machine,OFFICIAL_PUBLIC_ACCESS,medium,machine-extracted phase-level CP; element tables pending
