learning_outcome_code,education_level,phase,subject,element_name,learning_outcome_text,source_resource_id,official_source_url,verification_status
LO-PENDIDIKAN-AGAMA-ISLAM-DAN-BUDI-PEKERTI-A-1.1,SD,A,Pendidikan Agama Islam dan Budi Pekerti,Al-Qur'an Hadis,"Memahami huruf hijaiah berharakat, huruf hijaiah bersambung, Surah al-F ā ti ḥ ah, beberapa surah pendek Al-Qur'an, dan hadis tentang kebersihan.",AUTO-119,https://kurikulum.kemendikdasmen.go.id/service/download.php?kategori=rujukan&id=119,superseded_pending_review
LO-PENDIDIKAN-AGAMA-ISLAM-DAN-BUDI-PEKERTI-A-1.2,SD,A,Pendidikan Agama Islam dan Budi Pekerti,Akidah,"Memahami rukun iman, iman kepada Allah Swt., beberapa asmaulhusna, dan iman kepada malaikat.",AUTO-119,https://kurikulum.kemendikdasmen.go.id/service/download.php?kategori=rujukan&id=119,superseded_pending_review
LO-PENDIDIKAN-AGAMA-ISLAM-DAN-BUDI-PEKERTI-A-1.3,SD,A,Pendidikan Agama Islam dan Budi Pekerti,Akhlak,Memahami akhlak terhadap Allah Swt. dengan menyucikan dan memuji-Nya dan akhlak terhadap diri sendiri.,AUTO-119,https://kurikulum.kemendikdasmen.go.id/service/download.php?kategori=rujukan&id=119,superseded_pending_review
LO-PENDIDIKAN-AGAMA-ISLAM-DAN-BUDI-PEKERTI-A-1.4,SD,A,Pendidikan Agama Islam dan Budi Pekerti,Fikih,"Memahami rukun Islam, syahadatain, tata cara bersuci, salat fardu, azan, ikamah, zikir, dan berdoa setelah salat.",AUTO-119,https://kurikulum.kemendikdasmen.go.id/service/download.php?kategori=rujukan&id=119,superseded_pending_review
LO-PENDIDIKAN-AGAMA-ISLAM-DAN-BUDI-PEKERTI-A-1.5,SD,A,Pendidikan Agama Islam dan Budi Pekerti,Sejarah Peradaban Islam,Memahami kisah beberapa nabi dan rasul.,AUTO-119,https://kurikulum.kemendikdasmen.go.id/service/download.php?kategori=rujukan&id=119,superseded_pending_review
LO-PENDIDIKAN-AGAMA-ISLAM-DAN-BUDI-PEKERTI-B-2.1,SD,B,Pendidikan Agama Islam dan Budi Pekerti,Al-Qur'an Hadis,"Memahami beberapa surah pendek, ayat Al-Qur'an dan hadis tentang kewajiban salat dan menjaga hubungan baik dengan sesama.",AUTO-119,https://kurikulum.kemendikdasmen.go.id/service/download.php?kategori=rujukan&id=119,superseded_pending_review
LO-PENDIDIKAN-AGAMA-ISLAM-DAN-BUDI-PEKERTI-B-2.2,SD,B,Pendidikan Agama Islam dan Budi Pekerti,Akidah,"Memahami sifat-sifat Allah Swt., beberapa asmaulhusna, iman kepada kitab-kitab Allah Swt. dan rasul-rasul Allah Swt.",AUTO-119,https://kurikulum.kemendikdasmen.go.id/service/download.php?kategori=rujukan&id=119,superseded_pending_review
LO-PENDIDIKAN-AGAMA-ISLAM-DAN-BUDI-PEKERTI-B-2.3,SD,B,Pendidikan Agama Islam dan Budi Pekerti,Akhlak,"Memahami akhlak terhadap Allah Swt. dengan berbaik sangka kepada-Nya, akhlak terhadap orang tua, keluarga, dan pendidik.",AUTO-119,https://kurikulum.kemendikdasmen.go.id/service/download.php?kategori=rujukan&id=119,superseded_pending_review
LO-PENDIDIKAN-AGAMA-ISLAM-DAN-BUDI-PEKERTI-B-2.4,SD,B,Pendidikan Agama Islam dan Budi Pekerti,Fikih,"Memahami puasa, salat jumat dan salat sunah, balig dan tanggung jawab yang menyertainya ( takl ī f ).",AUTO-119,https://kurikulum.kemendikdasmen.go.id/service/download.php?kategori=rujukan&id=119,superseded_pending_review
LO-PENDIDIKAN-AGAMA-ISLAM-DAN-BUDI-PEKERTI-B-2.5,SD,B,Pendidikan Agama Islam dan Budi Pekerti,Sejarah Peradaban Islam,Memahami kisah Nabi Muhammad saw. sebelum dan sesudah menjadi rasul periode Makkah.,AUTO-119,https://kurikulum.kemendikdasmen.go.id/service/download.php?kategori=rujukan&id=119,superseded_pending_review
LO-PENDIDIKAN-AGAMA-ISLAM-DAN-BUDI-PEKERTI-C-3.1,SD,C,Pendidikan Agama Islam dan Budi Pekerti,Al-Qur'an Hadis,Memahami beberapa surah pendek dan ayat Al-Qur'an serta hadis tentang keragaman.,AUTO-119,https://kurikulum.kemendikdasmen.go.id/service/download.php?kategori=rujukan&id=119,superseded_pending_review
LO-PENDIDIKAN-AGAMA-ISLAM-DAN-BUDI-PEKERTI-C-3.2,SD,C,Pendidikan Agama Islam dan Budi Pekerti,Akidah,"Memahami beberapa asmaulhusna, iman kepada hari akhir, qad ā ʾ dan qadr.",AUTO-119,https://kurikulum.kemendikdasmen.go.id/service/download.php?kategori=rujukan&id=119,superseded_pending_review
LO-PENDIDIKAN-AGAMA-ISLAM-DAN-BUDI-PEKERTI-C-3.3,SD,C,Pendidikan Agama Islam dan Budi Pekerti,Akhlak,"Memahami akhlak terhadap Allah Swt. dengan berdoa dan bertawakal kepada-Nya, akhlak terhadap teman, tetangga, non muslim, hewan, dan tumbuhan.",AUTO-119,https://kurikulum.kemendikdasmen.go.id/service/download.php?kategori=rujukan&id=119,superseded_pending_review
LO-PENDIDIKAN-AGAMA-ISLAM-DAN-BUDI-PEKERTI-C-3.4,SD,C,Pendidikan Agama Islam dan Budi Pekerti,Fikih,"Memahami puasa sunah, zakat, infak, sedekah, hadiah, makanan dan minuman yang halal dan haram.",AUTO-119,https://kurikulum.kemendikdasmen.go.id/service/download.php?kategori=rujukan&id=119,superseded_pending_review
LO-PENDIDIKAN-AGAMA-ISLAM-DAN-BUDI-PEKERTI-C-3.5,SD,C,Pendidikan Agama Islam dan Budi Pekerti,Sejarah Peradaban Islam,Memahami kisah Nabi Muhammad saw. periode Madinah dan khulafaurasyidin.,AUTO-119,https://kurikulum.kemendikdasmen.go.id/service/download.php?kategori=rujukan&id=119,superseded_pending_review
LO-PENDIDIKAN-AGAMA-ISLAM-DAN-BUDI-PEKERTI-D-4.1,SMP,D,Pendidikan Agama Islam dan Budi Pekerti,Al-Qur'an Hadis,"Memahami ayat Al-Qur'an dan hadis tentang pentingnya iman, takwa, toleransi, cinta tanah air, semangat keilmuan dan sabar dalam menghadapi musibah dan ujian.",AUTO-119,https://kurikulum.kemendikdasmen.go.id/service/download.php?kategori=rujukan&id=119,superseded_pending_review
LO-PENDIDIKAN-AGAMA-ISLAM-DAN-BUDI-PEKERTI-D-4.2,SMP,D,Pendidikan Agama Islam dan Budi Pekerti,Akidah,Memahami rukun iman dan hal-hal yang dapat meneguhkan iman.,AUTO-119,https://kurikulum.kemendikdasmen.go.id/service/download.php?kategori=rujukan&id=119,superseded_pending_review
LO-PENDIDIKAN-AGAMA-ISLAM-DAN-BUDI-PEKERTI-D-4.3,SMP,D,Pendidikan Agama Islam dan Budi Pekerti,Akhlak,"Memahami ikhlas, bersyukur kepada Allah Swt., cinta rasul, husnuzan, kasih sayang kepada sesama dan lingkungan alam.",AUTO-119,https://kurikulum.kemendikdasmen.go.id/service/download.php?kategori=rujukan&id=119,superseded_pending_review
LO-PENDIDIKAN-AGAMA-ISLAM-DAN-BUDI-PEKERTI-D-4.4,SMP,D,Pendidikan Agama Islam dan Budi Pekerti,Fikih,"Memahami ketentuan sujud, salat, kewajiban terhadap jenazah, haji dan umrah, penyembelihan hewan, kurban, akikah, dan rukhsah dalam perspektif mazhab fikih.",AUTO-119,https://kurikulum.kemendikdasmen.go.id/service/download.php?kategori=rujukan&id=119,superseded_pending_review
LO-PENDIDIKAN-AGAMA-ISLAM-DAN-BUDI-PEKERTI-D-4.5,SMP,D,Pendidikan Agama Islam dan Budi Pekerti,Sejarah Peradaban Islam,"Memahami peradaban Bani Umayyah, Abbasiyyah, Fatimiyah, Turki Usmani, Syafawi, dan Mughal.",AUTO-119,https://kurikulum.kemendikdasmen.go.id/service/download.php?kategori=rujukan&id=119,superseded_pending_review
LO-PENDIDIKAN-AGAMA-ISLAM-DAN-BUDI-PEKERTI-E-5.1,SMA,E,Pendidikan Agama Islam dan Budi Pekerti,Al-Qur'an Hadis,"Memahami ayat Al-Qur'an dan hadis tentang perintah berlomba-lomba dalam kebaikan, larangan pergaulan bebas, dan zina.",AUTO-119,https://kurikulum.kemendikdasmen.go.id/service/download.php?kategori=rujukan&id=119,superseded_pending_review
LO-PENDIDIKAN-AGAMA-ISLAM-DAN-BUDI-PEKERTI-E-5.2,SMA,E,Pendidikan Agama Islam dan Budi Pekerti,Akidah,Memahami beberapa cabang iman ( syu'ab al- ī m ā n ).,AUTO-119,https://kurikulum.kemendikdasmen.go.id/service/download.php?kategori=rujukan&id=119,superseded_pending_review
LO-PENDIDIKAN-AGAMA-ISLAM-DAN-BUDI-PEKERTI-E-5.3,SMA,E,Pendidikan Agama Islam dan Budi Pekerti,Akhlak,Memahami manfaat menghindari penyakit hati.,AUTO-119,https://kurikulum.kemendikdasmen.go.id/service/download.php?kategori=rujukan&id=119,superseded_pending_review
LO-PENDIDIKAN-AGAMA-ISLAM-DAN-BUDI-PEKERTI-E-5.4,SMA,E,Pendidikan Agama Islam dan Budi Pekerti,Fikih,Memahami sumber hukum Islam dan pentingnya menjaga lima prinsip dasar hukum Islam ( al-kulliy ā t al-khamsah).,AUTO-119,https://kurikulum.kemendikdasmen.go.id/service/download.php?kategori=rujukan&id=119,superseded_pending_review
LO-PENDIDIKAN-AGAMA-ISLAM-DAN-BUDI-PEKERTI-E-5.5,SMA,E,Pendidikan Agama Islam dan Budi Pekerti,Sejarah Peradaban Islam,Memahami sejarah masuknya Islam ke Indonesia dan peran tokoh ulama dalam penyebarannya.,AUTO-119,https://kurikulum.kemendikdasmen.go.id/service/download.php?kategori=rujukan&id=119,superseded_pending_review
LO-PENDIDIKAN-AGAMA-ISLAM-DAN-BUDI-PEKERTI-F-6.1,SMA,F,Pendidikan Agama Islam dan Budi Pekerti,Al-Qur'an Hadis,"Memahami ayat Al-Qur'an dan hadis tentang pentingnya berpikir kritis, ilmu pengetahuan dan teknologi, memelihara kehidupan manusia, dan moderasi beragama.",AUTO-119,https://kurikulum.kemendikdasmen.go.id/service/download.php?kategori=rujukan&id=119,superseded_pending_review
LO-PENDIDIKAN-AGAMA-ISLAM-DAN-BUDI-PEKERTI-F-6.2,SMA,F,Pendidikan Agama Islam dan Budi Pekerti,Akidah,"Memahami beberapa cabang iman ( syu'ab al- ī m ā n ), keterkaitan antara iman, Islam, dan ihsan.",AUTO-119,https://kurikulum.kemendikdasmen.go.id/service/download.php?kategori=rujukan&id=119,superseded_pending_review
LO-PENDIDIKAN-AGAMA-ISLAM-DAN-BUDI-PEKERTI-F-6.3,SMA,F,Pendidikan Agama Islam dan Budi Pekerti,Akhlak,Memahami manfaat menghindari penyakit sosial; Memahami adab bermasyarakat dan etika digital dalam Islam.,AUTO-119,https://kurikulum.kemendikdasmen.go.id/service/download.php?kategori=rujukan&id=119,superseded_pending_review
LO-PENDIDIKAN-AGAMA-ISLAM-DAN-BUDI-PEKERTI-F-6.4,SMA,F,Pendidikan Agama Islam dan Budi Pekerti,Fikih,"Memahami ketentuan khotbah, tablig dan dakwah, muamalah, munakahat, dan mawāris.",AUTO-119,https://kurikulum.kemendikdasmen.go.id/service/download.php?kategori=rujukan&id=119,superseded_pending_review
LO-PENDIDIKAN-AGAMA-ISLAM-DAN-BUDI-PEKERTI-F-6.5,SMA,F,Pendidikan Agama Islam dan Budi Pekerti,Sejarah Peradaban Islam,Memahami peran tokoh ulama dalam perkembangan peradaban Islam di dunia dan peran organisasi-organisasi Islam di Indonesia.,AUTO-119,https://kurikulum.kemendikdasmen.go.id/service/download.php?kategori=rujukan&id=119,superseded_pending_review
LO-PENDIDIKAN-AGAMA-KRISTEN-DAN-BUDI-PEKERTI-A-1.1,SD,A,Pendidikan Agama Kristen dan Budi Pekerti,Elemen Allah Berkarya,1.1.1. Subelemen Allah Pencipta Memahami Allah menciptakan dirinya sebagai pribadi yang istimewa dan membangun interaksi dengan lingkungan terdekat. 1.1.2. Subelemen Allah Pemelihara Memahami pemeliharaan Allah pada dirinya melalui kehadiran keluarga. 1.1.3. Subelemen Allah Penyelamat - 1.1.4. Subelemen Allah Pembaru,AUTO-119,https://kurikulum.kemendikdasmen.go.id/service/download.php?kategori=rujukan&id=119,superseded_pending_review
LO-PENDIDIKAN-AGAMA-KRISTEN-DAN-BUDI-PEKERTI-A-1.2,SD,A,Pendidikan Agama Kristen dan Budi Pekerti,Elemen Manusia dan Nilai- nilai Kristiani,"1.2.1. Subelemen Hakikat Manusia Memahami diri sebagai pribadi yang bertumbuh dan berkembang. 1.2.2. Subelemen Nilai-nilai Kristiani Memahami makna kebaikan, ramah dan sopan di rumah dan di sekolah.",AUTO-119,https://kurikulum.kemendikdasmen.go.id/service/download.php?kategori=rujukan&id=119,superseded_pending_review
LO-PENDIDIKAN-AGAMA-KRISTEN-DAN-BUDI-PEKERTI-A-1.3,SD,A,Pendidikan Agama Kristen dan Budi Pekerti,Elemen Gereja dan Masyarakat Majemuk,1.3.1. Subelemen Tugas Panggilan Gereja Memahami keberadaan gereja sebagai wadah berkumpul dan beribadah serta kewajiban berdoa dan memuji Tuhan. 1.3.2. Subelemen Masyarakat Majemuk Memahami keragaman suku bangsa sebagai anugerah Allah.,AUTO-119,https://kurikulum.kemendikdasmen.go.id/service/download.php?kategori=rujukan&id=119,superseded_pending_review
LO-PENDIDIKAN-AGAMA-KRISTEN-DAN-BUDI-PEKERTI-A-1.4,SD,A,Pendidikan Agama Kristen dan Budi Pekerti,Elemen Alam dan Lingkungan Hidup,1.4.1. Subelemen Alam Ciptaan Allah Memahami alam dan lingkungan hidup sebagai ciptaan Allah. 1.4.2. Subelemen Tanggung Jawab Manusia Terhadap Alam Memahami tugas memelihara alam dan lingkungan hidup di rumah dan di sekolah.,AUTO-119,https://kurikulum.kemendikdasmen.go.id/service/download.php?kategori=rujukan&id=119,superseded_pending_review
LO-PENDIDIKAN-AGAMA-KRISTEN-DAN-BUDI-PEKERTI-B-2.1,SD,B,Pendidikan Agama Kristen dan Budi Pekerti,Elemen Allah Berkarya,"2.1.1. Subelemen Allah Pencipta Memahami Allah menciptakan flora dan fauna, serta manusia (perempuan dan laki-laki). 2.1.2. Subelemen Allah Pemelihara Memahami pemeliharaan Allah pada dirinya dan melalui kehadiran orangorang di sekitarnya. 2.1.3. Subelemen Allah Penyelamat Memahami Allah sebagai penyelamat. 2.1.4. Subelemen Allah Pembaru Mengenal Allah pembaru",AUTO-119,https://kurikulum.kemendikdasmen.go.id/service/download.php?kategori=rujukan&id=119,superseded_pending_review
LO-PENDIDIKAN-AGAMA-KRISTEN-DAN-BUDI-PEKERTI-B-2.2,SD,B,Pendidikan Agama Kristen dan Budi Pekerti,Elemen Manusia dan Nilai- nilai Kristiani,"2.2.1. Subelemen Hakikat Manusia Memahami diri sebagai makhluk individu dan sosial yang dapat bergaul dan bekerja sama dengan teman, saudara, dan orang tua. 2.2.2. Subelemen Nilai-nilai Kristiani Memahami sikap disiplin di rumah dan di sekolah.",AUTO-119,https://kurikulum.kemendikdasmen.go.id/service/download.php?kategori=rujukan&id=119,superseded_pending_review
LO-PENDIDIKAN-AGAMA-KRISTEN-DAN-BUDI-PEKERTI-B-2.3,SD,B,Pendidikan Agama Kristen dan Budi Pekerti,Elemen Gereja dan Masyarakat Majemuk,"2.3.1. Subelemen Tugas Panggilan Gereja Memahami tugas panggilan gereja untuk bersekutu, bersaksi, dan melayani. 2.3.2. Subelemen Masyarakat Majemuk Memahami keragaman budaya dan agama sebagai anugerah Allah.",AUTO-119,https://kurikulum.kemendikdasmen.go.id/service/download.php?kategori=rujukan&id=119,superseded_pending_review
LO-PENDIDIKAN-AGAMA-KRISTEN-DAN-BUDI-PEKERTI-B-2.4,SD,B,Pendidikan Agama Kristen dan Budi Pekerti,Elemen Alam dan Lingkungan Hidup,2.4.1. Subelemen Alam Ciptaan Allah Memahami Allah hadir dalam berbagai fenomena alam. 2.4.2. Subelemen Tanggung Jawab Manusia Terhadap Alam Memahami upaya memelihara alam dan lingkungan sekitarnya.,AUTO-119,https://kurikulum.kemendikdasmen.go.id/service/download.php?kategori=rujukan&id=119,superseded_pending_review
LO-PENDIDIKAN-AGAMA-KRISTEN-DAN-BUDI-PEKERTI-C-3.1,SD,C,Pendidikan Agama Kristen dan Budi Pekerti,Elemen Allah Berkarya,"3.1.1. Subelemen Allah Pencipta Memahami Allah Pencipta berkarya dan melalui keluarga, sekolah, masyarakat. 3.1.2. Subelemen Allah Pemelihara Memahami Allah memelihara seluruh umat manusia termasuk mereka yang berkebutuhan khusus. 3.1.3. Subelemen Allah Penyelamat Memahami Allah menyelamatkan manusia melalui Yesus Kristus. 3.1.4. Subelemen Allah Pembaru Memahami Allah membarui hidup Manusia.",AUTO-119,https://kurikulum.kemendikdasmen.go.id/service/download.php?kategori=rujukan&id=119,superseded_pending_review
LO-PENDIDIKAN-AGAMA-KRISTEN-DAN-BUDI-PEKERTI-C-3.2,SD,C,Pendidikan Agama Kristen dan Budi Pekerti,Elemen Manusia dan Nilai- nilai Kristiani,3.2.1. Subelemen Hakikat Manusia Memahami bahwa manusia adalah makhluk terbatas. 3.2.2. Subelemen Nilai-nilai Kristiani Memahami buah Roh dalam interaksi antarsesama.,AUTO-119,https://kurikulum.kemendikdasmen.go.id/service/download.php?kategori=rujukan&id=119,superseded_pending_review
LO-PENDIDIKAN-AGAMA-KRISTEN-DAN-BUDI-PEKERTI-C-3.3,SD,C,Pendidikan Agama Kristen dan Budi Pekerti,Elemen Gereja dan Masyarakat Majemuk,3.3.1. Subelemen Tugas Panggilan Gereja Memahami pelayanan terhadap sesama sebagai tanggung jawab orang beriman dalam kehidupan. 3.3.2. Subelemen Masyarakat Majemuk Memahami hidup rukun dan toleransi dalam masyarakat majemuk.,AUTO-119,https://kurikulum.kemendikdasmen.go.id/service/download.php?kategori=rujukan&id=119,superseded_pending_review
LO-PENDIDIKAN-AGAMA-KRISTEN-DAN-BUDI-PEKERTI-C-3.4,SD,C,Pendidikan Agama Kristen dan Budi Pekerti,Elemen Alam dan Lingkungan Hidup,3.4.1. Subelemen Alam Ciptaan Allah Memahami Allah hadir melalui alam ciptaan. Subelemen Tanggung Jawab Manusia Terhadap Alam orang beriman dalam memelihara alam dan Memahami tanggung jawab lingkungan hidup.,AUTO-119,https://kurikulum.kemendikdasmen.go.id/service/download.php?kategori=rujukan&id=119,superseded_pending_review
LO-PENDIDIKAN-AGAMA-KRISTEN-DAN-BUDI-PEKERTI-D-4.1,SMP,D,Pendidikan Agama Kristen dan Budi Pekerti,Elemen Allah Berkarya,"4.1.1. Subelemen Allah Pencipta Memahami karya Allah dalam hidup manusia yang mengubah masa depan manusia dan dunia, karya Allah melalui berbagai perubahan yang dihadirkan gereja, perkembangan iptek, dan memanfaatkan iptek secara bertanggung jawab. 4.1.2. Subelemen Allah Pemelihara Memahami Allah memelihara seluruh ciptaan-Nya dan kehidupan manusia yang dinamis ada dalam pemeliharaan-Nya, dan pemeliharaan Allah memberi inspirasi dalam kehidupan. 4.1.3. Subelemen Allah Penyelamat Memahami teladan Yesus Kristus dalam hidup beriman. 4.1.4. Subelemen Allah Pembaru Memahami karya Roh Kudus memimpin hidup orang beriman dalam menghadapi berbagai tantangan. 3.4.2.",AUTO-119,https://kurikulum.kemendikdasmen.go.id/service/download.php?kategori=rujukan&id=119,superseded_pending_review
LO-PENDIDIKAN-AGAMA-KRISTEN-DAN-BUDI-PEKERTI-D-4.2,SMP,D,Pendidikan Agama Kristen dan Budi Pekerti,Elemen Manusia dan Nilai- nilai Kristiani,"4.2.1. Subelemen Hakikat Manusia Memahami pergaulan remaja masa kini dan menjalaninya dengan meneladani hidup Yesus Kristus. 4.2.2. Subelemen Nilai-Nilai Kristiani Memahami prinsip rendah hati, penguasaan diri, dan peduli terhadap sesama, makna persahabatan dalam kehidupan sehari-hari.",AUTO-119,https://kurikulum.kemendikdasmen.go.id/service/download.php?kategori=rujukan&id=119,superseded_pending_review
LO-PENDIDIKAN-AGAMA-KRISTEN-DAN-BUDI-PEKERTI-D-4.3,SMP,D,Pendidikan Agama Kristen dan Budi Pekerti,Elemen Gereja dan Masyarakat Majemuk,4.3.1. Subelemen Tugas Panggilan Gereja Memahami makna kehadiran gereja dalam pelayanan yang membawa pembaruan bagi dunia secara keseluruhan. 4.3.2. Subelemen Masyarakat Majemuk Memahami model dialog dan kerjasama antarumat beragama dalam rangka penguatan moderasi beragama.,AUTO-119,https://kurikulum.kemendikdasmen.go.id/service/download.php?kategori=rujukan&id=119,superseded_pending_review
LO-PENDIDIKAN-AGAMA-KRISTEN-DAN-BUDI-PEKERTI-D-4.4,SMP,D,Pendidikan Agama Kristen dan Budi Pekerti,Elemen Alam dan Lingkungan Hidup,4.4.1. Subelemen Alam Ciptaan Allah Memahami bahwa pemeliharaan Allah terus berlangsung terhadap alam dan manusia di segala situasi. 4.4.2. Subelemen Tanggung Jawab Manusia Terhadap Alam Memahami bahwa manusia diberi tugas oleh Allah untuk mengolah serta memelihara alam dan lingkungan hidup.,AUTO-119,https://kurikulum.kemendikdasmen.go.id/service/download.php?kategori=rujukan&id=119,superseded_pending_review
LO-PENDIDIKAN-AGAMA-KRISTEN-DAN-BUDI-PEKERTI-E-5.1,SMA,E,Pendidikan Agama Kristen dan Budi Pekerti,Elemen Allah Berkarya,5.1.1. Subelemen Allah Pencipta Memahami manusia diberi kemampuan untuk mengembangkan rasio dan kepekaan hati nurani. 5.1.2. Subelemen Allah Pemelihara Memahami bentuk-bentuk pemeliharaan Allah dalam setiap situasi kehidupan. 5.1.3. Subelemen Allah Penyelamat Memahami karya penyelamatan Allah melalui peran keluarga dan orang tua sebagai pendidik pertama dan utama. 5.1.4. Subelemen Allah Pembaru Memahami bahwa Roh Kudus membarui dan memulihkan kehidupan keluarga.,AUTO-119,https://kurikulum.kemendikdasmen.go.id/service/download.php?kategori=rujukan&id=119,superseded_pending_review
LO-PENDIDIKAN-AGAMA-KRISTEN-DAN-BUDI-PEKERTI-E-5.2,SMA,E,Pendidikan Agama Kristen dan Budi Pekerti,Elemen Manusia dan Nilai- Nilai Kristiani,"5.2.1. Subelemen Hakikat Manusia Memahami peran dirinya sebagai remaja Kristen mengacu pada teks Alkitab dan tokoh-tokoh inspiratif. 5.2.2. Subelemen Nilai-Nilai Kristiani Memahami prinsip kesetiaan, kasih dan keadilan dalam kehidupan sosial yang lebih luas.",AUTO-119,https://kurikulum.kemendikdasmen.go.id/service/download.php?kategori=rujukan&id=119,superseded_pending_review
LO-PENDIDIKAN-AGAMA-KRISTEN-DAN-BUDI-PEKERTI-E-5.3,SMA,E,Pendidikan Agama Kristen dan Budi Pekerti,Elemen Gereja dan Masyarakat Majemuk,"5.3.1. Subelemen Tugas Panggilan Gereja Memahami peran gereja dalam mewujudkan solidaritas dan kebersamaan dalam hubungan antarumat beragama dan internal umat beragama terkait dengan isu ras, etnis, serta gender di dalam masyarakat. 5.3.2. Subelemen Masyarakat Majemuk Memahami peran keluarga dan sekolah sebagai lembaga pendidikan yang mendidik kemajemukan.",AUTO-119,https://kurikulum.kemendikdasmen.go.id/service/download.php?kategori=rujukan&id=119,superseded_pending_review
LO-PENDIDIKAN-AGAMA-KRISTEN-DAN-BUDI-PEKERTI-E-5.4,SMA,E,Pendidikan Agama Kristen dan Budi Pekerti,Elemen Alam dan Lingkungan Hidup,Memahami berbagai fakta kerusakan alam dan perubahan iklim serta pemanasan global yang mengancam 5.4.1. Subelemen Alam Ciptaan Allah hidup manusia dan alam. 5.4.2. Subelemen Tanggung Jawab Manusia Terhadap Alam Memahami berbagai bentuk pencegahan dan pelestarian alam demi keberlanjutan hidup manusia dan alam.,AUTO-119,https://kurikulum.kemendikdasmen.go.id/service/download.php?kategori=rujukan&id=119,superseded_pending_review
LO-PENDIDIKAN-AGAMA-KRISTEN-DAN-BUDI-PEKERTI-F-6.1,SMA,F,Pendidikan Agama Kristen dan Budi Pekerti,Elemen Allah Berkarya,"6.1.1. Subelemen Allah Pencipta Memahami perkembangan kebudayaan, ilmu pengetahuan dan teknologi, serta demokrasi dan HAM sebagai anugerah Allah yang dijabarkan dalam praktik hidup sehari-hari. 6.1.2. Subelemen Allah Pemelihara Memahami talenta pemberian Allah untuk dan serta menggunakannya kepentingan gereja, bangsa, negara. 6.1.3. Subelemen Allah Penyelamat Memahami karya penyelamatan Allah melalui peran masyarakat dan bangsa untuk mewujudkan nilai-nilai demokrasi dan HAM. 6.1.4. Subelemen Allah Pembaru Memahami bahwa Roh Kudus membarui dan memulihkan kehidupan gereja, bangsa, dan negara.",AUTO-119,https://kurikulum.kemendikdasmen.go.id/service/download.php?kategori=rujukan&id=119,superseded_pending_review
LO-PENDIDIKAN-AGAMA-KRISTEN-DAN-BUDI-PEKERTI-F-6.2,SMA,F,Pendidikan Agama Kristen dan Budi Pekerti,Elemen Manusia dan Nilai- nilai Kristiani,6.2.1. Subelemen Hakikat Manusia Memahami pertumbuhan diri tanggung jawab sebagai dan pribadi dewasa serta keadilan sebagai dasar demokrasi dan HAM. 6.2.2. Subelemen Nilai-nilai Kristiani Memahami prinsip damai sejahtera sebagai landasan hidup berkeluarga dan bermasyarakat.,AUTO-119,https://kurikulum.kemendikdasmen.go.id/service/download.php?kategori=rujukan&id=119,superseded_pending_review
LO-PENDIDIKAN-AGAMA-KRISTEN-DAN-BUDI-PEKERTI-F-6.3,SMA,F,Pendidikan Agama Kristen dan Budi Pekerti,Elemen Gereja dan Masyarakat Majemuk,"6.3.1. Subelemen Tugas Panggilan Gereja Memahami keteladanan tokoh-tokoh agama yang mengabdikan hidupnya bagi persaudaraan dan solidaritas serta isu-isu ras, etnis, kesetaraan gender dalam rangka mewujudkan keadilan. 6.3.2. Subelemen Masyarakat Majemuk Memahami transformasi sosial pada lingkup masyarakat majemuk dalam rangka penguatan moderasi beragama.",AUTO-119,https://kurikulum.kemendikdasmen.go.id/service/download.php?kategori=rujukan&id=119,superseded_pending_review
LO-PENDIDIKAN-AGAMA-KRISTEN-DAN-BUDI-PEKERTI-F-6.4,SMA,F,Pendidikan Agama Kristen dan Budi Pekerti,Elemen Alam dan Lingkungan Hidup,6.4.1. Subelemen Alam Ciptaan Allah Memahami prinsip pemeliharaan dan pelestarian alam serta keutuhan ciptaan Allah. Subelemen Tanggung Jawab Manusia Terhadap Alam bijak dan adil dalam memanfaatkan dan Memahami sikap ugahari serta melestarikan sumber daya alam demi 6.4.2. kelestarian alam.,AUTO-119,https://kurikulum.kemendikdasmen.go.id/service/download.php?kategori=rujukan&id=119,superseded_pending_review
LO-PENDIDIKAN-AGAMA-KATOLIK-DAN-BUDI-PEKERTI-A-1.1,SD,A,Pendidikan Agama Katolik dan Budi Pekerti,Pribadi Peserta Didik,"Memahami dirinya sebagai pribadi yang dicintai Tuhan, memiliki anggota tubuh yang berguna, memahami cara merawat tubuhnya; memahami teman-teman, lingkungan rumah dan satuan pendidikan sebagai tempat mengembangkan potensi diri.",AUTO-119,https://kurikulum.kemendikdasmen.go.id/service/download.php?kategori=rujukan&id=119,superseded_pending_review
LO-PENDIDIKAN-AGAMA-KATOLIK-DAN-BUDI-PEKERTI-A-1.2,SD,A,Pendidikan Agama Katolik dan Budi Pekerti,Yesus Kristus,"Memahami bahwa Tuhan menciptakan langit, bumi, dan seluruh isinya; memahami tokoh-tokoh iman di dalam Perjanjian Lama (Nuh, Abraham, Ishak, dan Yakub); memahami kisah kelahiran Tuhan Yesus, kisah tiga orang Majus, masa kanak-kanak Yesus di Nazaret, Yesus dipersembahkan di Bait Allah, dan berada di Bait Allah pada umur 12 tahun.",AUTO-119,https://kurikulum.kemendikdasmen.go.id/service/download.php?kategori=rujukan&id=119,superseded_pending_review
LO-PENDIDIKAN-AGAMA-KATOLIK-DAN-BUDI-PEKERTI-A-1.3,SD,A,Pendidikan Agama Katolik dan Budi Pekerti,Gereja,"Memahami imannya dengan cara membuat tanda salib, berdoa Bapa Kami, Salam Maria, dan Kemuliaan; memahami iman dengan melaksanakan perintah Allah, dan membiasakan diri dengan berdoa pujian, syukur dan permohonan.",AUTO-119,https://kurikulum.kemendikdasmen.go.id/service/download.php?kategori=rujukan&id=119,superseded_pending_review
LO-PENDIDIKAN-AGAMA-KATOLIK-DAN-BUDI-PEKERTI-A-1.4,SD,A,Pendidikan Agama Katolik dan Budi Pekerti,Masyarakat,"Memahami lingkungan keluarga, dan teman-teman, memiliki kebiasaan bekerja sama dengan anggota keluarga dan teman-teman; memahami iman di tengah masyarakat melalui kebiasaan hidup rukun dengan tetangga dan bergotong royong merawat lingkungan.",AUTO-119,https://kurikulum.kemendikdasmen.go.id/service/download.php?kategori=rujukan&id=119,superseded_pending_review
LO-PENDIDIKAN-AGAMA-KATOLIK-DAN-BUDI-PEKERTI-B-2.1,SD,B,Pendidikan Agama Katolik dan Budi Pekerti,Pribadi Peserta Didik,"Memahami dirinya sebagai pribadi yang tumbuh dan berkembang, mewujudkan iman dengan cara melakukan perbuatan baik; memahami diri sebagai pribadi yang unik, bersyukur dan bersedia mengembangkan keunikan diri bersama orang lain dan lingkungan sekitar.",AUTO-119,https://kurikulum.kemendikdasmen.go.id/service/download.php?kategori=rujukan&id=119,superseded_pending_review
LO-PENDIDIKAN-AGAMA-KATOLIK-DAN-BUDI-PEKERTI-B-2.2,SD,B,Pendidikan Agama Katolik dan Budi Pekerti,Yesus Kristus,"Memahami karya keselamatan Allah melalui tokoh-tokoh Yusuf, Musa, dan Yosua; memahami Sepuluh Perintah Allah sebagai pedoman hidup; memahami bangsa Israel memasuki tanah terjanji, Allah memberkati pemimpin Israel (Samuel, Saul, dan Daud); memahami Yesus sebagai pemenuhan janji Allah yang mewartakan Kerajaan Allah melalui perkataan, perbuatan, dan mukjizat",AUTO-119,https://kurikulum.kemendikdasmen.go.id/service/download.php?kategori=rujukan&id=119,superseded_pending_review
LO-PENDIDIKAN-AGAMA-KATOLIK-DAN-BUDI-PEKERTI-B-2.3,SD,B,Pendidikan Agama Katolik dan Budi Pekerti,Gereja,"Murid memahami sakramen baptis, sakramen ekaristi, dan sakramen tobat; mengungkapkan rasa syukur dalam doa pribadi dan doa bersama, mewujudkan makna doa melalui sikap dan tindakan dalam kehidupan sehari-hari.",AUTO-119,https://kurikulum.kemendikdasmen.go.id/service/download.php?kategori=rujukan&id=119,superseded_pending_review
LO-PENDIDIKAN-AGAMA-KATOLIK-DAN-BUDI-PEKERTI-B-2.4,SD,B,Pendidikan Agama Katolik dan Budi Pekerti,Masyarakat,"Mewujudkan imannya di tengah masyarakat melalui kebiasaan menghormati pemimpin masyarakat, menghargai tradisi masyarakat, melestarikan lingkungan alam; mewujudkan rasa hormat terhadap orang tua, menghormati hidup pribadi, menghormati milik orang lain.",AUTO-119,https://kurikulum.kemendikdasmen.go.id/service/download.php?kategori=rujukan&id=119,superseded_pending_review
LO-PENDIDIKAN-AGAMA-KATOLIK-DAN-BUDI-PEKERTI-C-3.1,SD,C,Pendidikan Agama Katolik dan Budi Pekerti,Pribadi Peserta Didik,Memahami diri sebagai perempuan atau laki-laki sebagai citra Allah yang sederajat dan saling melengkapi; memahami hak dan kewajiban dirinya sebagai warga negara dan bangga sebagai bangsa Indonesia; memahami diri sebagai warga dunia.,AUTO-119,https://kurikulum.kemendikdasmen.go.id/service/download.php?kategori=rujukan&id=119,superseded_pending_review
LO-PENDIDIKAN-AGAMA-KATOLIK-DAN-BUDI-PEKERTI-C-3.2,SD,C,Pendidikan Agama Katolik dan Budi Pekerti,Yesus Kristus,"Memahami perjuangan tokoh-tokoh kitab suci: Daud sebagai pemimpin yang tangguh; Salomo yang bijaksana, dan Ester perempuan pemberani, serta tokoh Maria dan Elisabet yang setia dan berserah kepada Allah; meneladani Yesus yang taat kepada Allah; mengajarkan pengampunan, memanggil orang berdosa; menderita, wafat, dan bangkit; mengutus Roh Kudus untuk menguatkan para rasul, dan orang yang beriman kepada-Nya; memahami perjuangan Nabi Elia yang menobatkan bangsa Israel; Nabi Amos sebagai pejuang keadilan; dan Nabi Yesaya yang me-nubuat-kan kedatangan Juru Selamat; memahami Yesus yang mewartakan kerajaan Allah dengan perkataan dan perbuatan.",AUTO-119,https://kurikulum.kemendikdasmen.go.id/service/download.php?kategori=rujukan&id=119,superseded_pending_review
LO-PENDIDIKAN-AGAMA-KATOLIK-DAN-BUDI-PEKERTI-C-3.3,SD,C,Pendidikan Agama Katolik dan Budi Pekerti,Gereja,"Mewujudkan iman dalam kehidupan sehari-hari, melibatkan diri dalam kehidupan menggereja, sebagai wujud kehidupan bersama yang dijiwai oleh Roh Kudus; memahami gereja yang satu, kudus, katolik, dan apostolik; persekutuan para kudus; pengampunan dosa, kebangkitan badan dan kehidupan kekal.",AUTO-119,https://kurikulum.kemendikdasmen.go.id/service/download.php?kategori=rujukan&id=119,superseded_pending_review
LO-PENDIDIKAN-AGAMA-KATOLIK-DAN-BUDI-PEKERTI-C-3.4,SD,C,Pendidikan Agama Katolik dan Budi Pekerti,Masyarakat,"Memahami pentingnya terlibat aktif dalam pelestarian lingkungan, bersikap jujur, bertindak menurut hati nurani, menegakkan keadilan dalam hidup sehari-hari sebagai orang beriman kristiani, melakukan dialog antar umat beragama.",AUTO-119,https://kurikulum.kemendikdasmen.go.id/service/download.php?kategori=rujukan&id=119,superseded_pending_review
LO-PENDIDIKAN-AGAMA-KATOLIK-DAN-BUDI-PEKERTI-D-4.1,SMP,D,Pendidikan Agama Katolik dan Budi Pekerti,Pribadi Peserta Didik,"Memahami manusia sebagai citra Allah yang unik, sebagai laki-laki dan perempuan; memahami kemampuan dan keterbatasan; memahami diri yang tumbuh dan berkembang karena peran keluarga, teman, satuan pendidikan, dan gereja.",AUTO-119,https://kurikulum.kemendikdasmen.go.id/service/download.php?kategori=rujukan&id=119,superseded_pending_review
LO-PENDIDIKAN-AGAMA-KATOLIK-DAN-BUDI-PEKERTI-D-4.2,SMP,D,Pendidikan Agama Katolik dan Budi Pekerti,Yesus Kristus,"Memahami pribadi Yesus yang berbelas kasih, pengampun, dan pendoa; memahami pribadi dan karya Yesus sebagai pemenuhan janji Allah, yang mewartakan kerajaan Allah melalui sabda, perbuatan, dan mukjizat-Nya; memahami Yesus yang memanggil dan mengutus para murid-Nya; memahami sengsara, wafat, dan kebangkitan Yesus, peristiwa Yesus naik ke surga; memahami Yesus yang mengutus Roh Kudus, Roh Kudus memberi kekuatan bagi para murid dan umat manusia.",AUTO-119,https://kurikulum.kemendikdasmen.go.id/service/download.php?kategori=rujukan&id=119,superseded_pending_review
LO-PENDIDIKAN-AGAMA-KATOLIK-DAN-BUDI-PEKERTI-D-4.3,SMP,D,Pendidikan Agama Katolik dan Budi Pekerti,Gereja,"Memahami gereja sebagai komunitas, karya pelayanan ( Kerygma, Liturgia, Martyria, Koinonia , dan Diakonia ), gereja sebagai sakramen; memahami sakramen-sakramen inisiasi yaitu baptis, ekaristi, dan krisma; memahami sakramen tobat dan sakramen pengurapan orang sakit; memahami makna sakramen perkawinan, sakramen imamat dalam membangun masa depan.",AUTO-119,https://kurikulum.kemendikdasmen.go.id/service/download.php?kategori=rujukan&id=119,superseded_pending_review
LO-PENDIDIKAN-AGAMA-KATOLIK-DAN-BUDI-PEKERTI-D-4.4,SMP,D,Pendidikan Agama Katolik dan Budi Pekerti,Masyarakat,"Memahami kebebasan sebagai anak-anak Allah dan sabda bahagia dalam upaya membangun kehidupan bersama; memahami Allah sebagai sumber keselamatan sejati dan menanggapinya dengan beriman, hidup dalam kebersamaan dengan jemaat serta mengikuti teladan Bunda Maria; memahami hak dan kewajiban anggota gereja dan masyarakat; memahami pentingnya menghargai keluhuran martabat manusia dengan mengembangkan budaya kehidupan, keadilan dan kejujuran; memahami alam sebagai rumah kita bersama (Ensiklik Laudato Si ); memahami sikap gereja Katolik terhadap agama dan kepercayaan lain ( Nostra Aetate ), membangun kebersamaan dengan semua orang.",AUTO-119,https://kurikulum.kemendikdasmen.go.id/service/download.php?kategori=rujukan&id=119,superseded_pending_review
LO-PENDIDIKAN-AGAMA-KATOLIK-DAN-BUDI-PEKERTI-E-5.1,SMA,E,Pendidikan Agama Katolik dan Budi Pekerti,Pribadi Peserta Didik,"Memahami dirinya sebagai pribadi yang unik, kesetaraan antara laki-laki dan perempuan, memiliki keutuhan martabat sebagai citra Allah; memahami suara hati, mampu bersikap kritis dan bertanggung jawab terhadap pengaruh media massa, media sosial, ideologi, dan gaya hidup saat ini.",AUTO-119,https://kurikulum.kemendikdasmen.go.id/service/download.php?kategori=rujukan&id=119,superseded_pending_review
LO-PENDIDIKAN-AGAMA-KATOLIK-DAN-BUDI-PEKERTI-E-5.2,SMA,E,Pendidikan Agama Katolik dan Budi Pekerti,Yesus Kristus,"Memahami Yesus sebagai Putra Allah dan Juru Selamat yang mewartakan kerajaan Allah, mengalami sengsara, wafat, bangkit, dan naik ke surga; memahami Tri Tunggal Maha Kudus, peran Roh Kudus; menjadikan Yesus sebagai idola dan sahabat sejati.",AUTO-119,https://kurikulum.kemendikdasmen.go.id/service/download.php?kategori=rujukan&id=119,superseded_pending_review
LO-PENDIDIKAN-AGAMA-KATOLIK-DAN-BUDI-PEKERTI-E-5.3,SMA,E,Pendidikan Agama Katolik dan Budi Pekerti,Gereja,"Memahami kitab suci, radisi suci dan magisterium sebagai sumber ajaran kristiani.",AUTO-119,https://kurikulum.kemendikdasmen.go.id/service/download.php?kategori=rujukan&id=119,superseded_pending_review
LO-PENDIDIKAN-AGAMA-KATOLIK-DAN-BUDI-PEKERTI-E-5.4,SMA,E,Pendidikan Agama Katolik dan Budi Pekerti,Masyarakat,Memahami hidup berpola pada pribadi Yesus Kristus dalam mewujudkan imannya di tengah masyarakat.,AUTO-119,https://kurikulum.kemendikdasmen.go.id/service/download.php?kategori=rujukan&id=119,superseded_pending_review
LO-PENDIDIKAN-AGAMA-KATOLIK-DAN-BUDI-PEKERTI-F-6.1,SMA,F,Pendidikan Agama Katolik dan Budi Pekerti,Pribadi Peserta Didik,"Memahami makna panggilan hidup berkeluarga,membiara, klerus, karya/profesi.",AUTO-119,https://kurikulum.kemendikdasmen.go.id/service/download.php?kategori=rujukan&id=119,superseded_pending_review
LO-PENDIDIKAN-AGAMA-KATOLIK-DAN-BUDI-PEKERTI-F-6.2,SMA,F,Pendidikan Agama Katolik dan Budi Pekerti,Yesus Kristus,-,AUTO-119,https://kurikulum.kemendikdasmen.go.id/service/download.php?kategori=rujukan&id=119,superseded_pending_review
LO-PENDIDIKAN-AGAMA-KATOLIK-DAN-BUDI-PEKERTI-F-6.3,SMA,F,Pendidikan Agama Katolik dan Budi Pekerti,Gereja,"Memahami gereja sebagai umat Allah; memahami sifat gereja; memahami peran hierarki dan awam; memahami karya pastoral gereja ( Kerygma , Koinonia , Liturgia , Diakonia , Martyria ).",AUTO-119,https://kurikulum.kemendikdasmen.go.id/service/download.php?kategori=rujukan&id=119,superseded_pending_review
LO-PENDIDIKAN-AGAMA-KATOLIK-DAN-BUDI-PEKERTI-F-6.4,SMA,F,Pendidikan Agama Katolik dan Budi Pekerti,Masyarakat,"Memahami hubungan gereja dan dunia, ajaran sosial gereja, hak asasi manusia dalam terang kitab suci; memahami budaya kasih, menghargai hidup; memahami makna kejujuran, keadilan, kebenaran, dan pelestarian lingkungan hidup; memahami keberagaman masyarakat Indonesia, moderasi beragama dalam konteks dialog dan kerja sama; memahami peran umat Katolik dalam membangun bangsa dan negara.",AUTO-119,https://kurikulum.kemendikdasmen.go.id/service/download.php?kategori=rujukan&id=119,superseded_pending_review
LO-PENDIDIKAN-AGAMA-HINDU-DAN-BUDI-PEKERTI-A-1.1,SD,A,Pendidikan Agama Hindu dan Budi Pekerti,Kitab Suci Weda,Memahami kitab Ramayana dan Mahabharata.,AUTO-119,https://kurikulum.kemendikdasmen.go.id/service/download.php?kategori=rujukan&id=119,superseded_pending_review
LO-PENDIDIKAN-AGAMA-HINDU-DAN-BUDI-PEKERTI-A-1.2,SD,A,Pendidikan Agama Hindu dan Budi Pekerti,Sraddha dan Bhakti,Memahami Hyang Widhi Wasa sebagai pencipta dan sumber hidup.,AUTO-119,https://kurikulum.kemendikdasmen.go.id/service/download.php?kategori=rujukan&id=119,superseded_pending_review
LO-PENDIDIKAN-AGAMA-HINDU-DAN-BUDI-PEKERTI-A-1.3,SD,A,Pendidikan Agama Hindu dan Budi Pekerti,Susila,"Memahami Subha dan Asubha Karma , serta Tri Kaya Parisudha.",AUTO-119,https://kurikulum.kemendikdasmen.go.id/service/download.php?kategori=rujukan&id=119,superseded_pending_review
LO-PENDIDIKAN-AGAMA-HINDU-DAN-BUDI-PEKERTI-A-1.4,SD,A,Pendidikan Agama Hindu dan Budi Pekerti,Acara,Memahami Dainika Upasana dan sarana persembahyangan.,AUTO-119,https://kurikulum.kemendikdasmen.go.id/service/download.php?kategori=rujukan&id=119,superseded_pending_review
LO-PENDIDIKAN-AGAMA-HINDU-DAN-BUDI-PEKERTI-A-1.5,SD,A,Pendidikan Agama Hindu dan Budi Pekerti,Sejarah Agama Hindu,Memahami tokoh-tokoh kerajaan Hindu di Indonesia.,AUTO-119,https://kurikulum.kemendikdasmen.go.id/service/download.php?kategori=rujukan&id=119,superseded_pending_review
LO-PENDIDIKAN-AGAMA-HINDU-DAN-BUDI-PEKERTI-B-2.1,SD,B,Pendidikan Agama Hindu dan Budi Pekerti,Kitab Suci Weda,Memahami kitab Purana.,AUTO-119,https://kurikulum.kemendikdasmen.go.id/service/download.php?kategori=rujukan&id=119,superseded_pending_review
LO-PENDIDIKAN-AGAMA-HINDU-DAN-BUDI-PEKERTI-B-2.2,SD,B,Pendidikan Agama Hindu dan Budi Pekerti,Sraddha dan Bhakti,Memahami Hyang Widhi Wasa sebagai Tri Murti dan Cadu Sakti.,AUTO-119,https://kurikulum.kemendikdasmen.go.id/service/download.php?kategori=rujukan&id=119,superseded_pending_review
LO-PENDIDIKAN-AGAMA-HINDU-DAN-BUDI-PEKERTI-B-2.3,SD,B,Pendidikan Agama Hindu dan Budi Pekerti,Susila,Memahami Tri Parartha dan Catur Paramitha.,AUTO-119,https://kurikulum.kemendikdasmen.go.id/service/download.php?kategori=rujukan&id=119,superseded_pending_review
LO-PENDIDIKAN-AGAMA-HINDU-DAN-BUDI-PEKERTI-B-2.4,SD,B,Pendidikan Agama Hindu dan Budi Pekerti,Acara,Memahami Hari Suci dan Tempat Suci agama Hindu sesuai kearifan lokal.,AUTO-119,https://kurikulum.kemendikdasmen.go.id/service/download.php?kategori=rujukan&id=119,superseded_pending_review
LO-PENDIDIKAN-AGAMA-HINDU-DAN-BUDI-PEKERTI-B-2.5,SD,B,Pendidikan Agama Hindu dan Budi Pekerti,Sejarah Agama Hindu,Memahami tokoh-tokoh kerajaan Hindu di Indonesia.,AUTO-119,https://kurikulum.kemendikdasmen.go.id/service/download.php?kategori=rujukan&id=119,superseded_pending_review
LO-PENDIDIKAN-AGAMA-HINDU-DAN-BUDI-PEKERTI-C-3.1,SD,C,Pendidikan Agama Hindu dan Budi Pekerti,Kitab Suci Weda,Memahami Weda Sruti dan Weda Smerti.,AUTO-119,https://kurikulum.kemendikdasmen.go.id/service/download.php?kategori=rujukan&id=119,superseded_pending_review
LO-PENDIDIKAN-AGAMA-HINDU-DAN-BUDI-PEKERTI-C-3.2,SD,C,Pendidikan Agama Hindu dan Budi Pekerti,Sraddha dan Bhakti,Memahami Bhuana Agung dan Bhuana Alit.,AUTO-119,https://kurikulum.kemendikdasmen.go.id/service/download.php?kategori=rujukan&id=119,superseded_pending_review
LO-PENDIDIKAN-AGAMA-HINDU-DAN-BUDI-PEKERTI-C-3.3,SD,C,Pendidikan Agama Hindu dan Budi Pekerti,Susila,Memahami ajaran Catur Guru dan Catur Asrama.,AUTO-119,https://kurikulum.kemendikdasmen.go.id/service/download.php?kategori=rujukan&id=119,superseded_pending_review
LO-PENDIDIKAN-AGAMA-HINDU-DAN-BUDI-PEKERTI-C-3.4,SD,C,Pendidikan Agama Hindu dan Budi Pekerti,Acara,Memahami Panca Yadnya dan Manggalaning Yadnya.,AUTO-119,https://kurikulum.kemendikdasmen.go.id/service/download.php?kategori=rujukan&id=119,superseded_pending_review
LO-PENDIDIKAN-AGAMA-HINDU-DAN-BUDI-PEKERTI-C-3.5,SD,C,Pendidikan Agama Hindu dan Budi Pekerti,Sejarah Agama Hindu,Memahami Sejarah Perkembangan Agama Hindu di Indonesia.,AUTO-119,https://kurikulum.kemendikdasmen.go.id/service/download.php?kategori=rujukan&id=119,superseded_pending_review
LO-PENDIDIKAN-AGAMA-HINDU-DAN-BUDI-PEKERTI-D-4.1,SMP,D,Pendidikan Agama Hindu dan Budi Pekerti,Kitab Suci Weda,"Memahami Upaweda , Wedangga , dan Nibhanda.",AUTO-119,https://kurikulum.kemendikdasmen.go.id/service/download.php?kategori=rujukan&id=119,superseded_pending_review
LO-PENDIDIKAN-AGAMA-HINDU-DAN-BUDI-PEKERTI-D-4.2,SMP,D,Pendidikan Agama Hindu dan Budi Pekerti,Sraddha dan Bhakti,"Memahami Atman, Asta Aiswarya, dan Catur Marga.",AUTO-119,https://kurikulum.kemendikdasmen.go.id/service/download.php?kategori=rujukan&id=119,superseded_pending_review
LO-PENDIDIKAN-AGAMA-HINDU-DAN-BUDI-PEKERTI-D-4.3,SMP,D,Pendidikan Agama Hindu dan Budi Pekerti,Susila,"Memahami Tri Hita Karana , Catur Purusa Artha , serta Panca Yama Brata dan Panca Niyama Brata.",AUTO-119,https://kurikulum.kemendikdasmen.go.id/service/download.php?kategori=rujukan&id=119,superseded_pending_review
LO-PENDIDIKAN-AGAMA-HINDU-DAN-BUDI-PEKERTI-D-4.4,SMP,D,Pendidikan Agama Hindu dan Budi Pekerti,Acara,"Memahami Upakara, Dharma Gita, serta Budaya Hidup Bersih dan Sehat menurut Weda.",AUTO-119,https://kurikulum.kemendikdasmen.go.id/service/download.php?kategori=rujukan&id=119,superseded_pending_review
LO-PENDIDIKAN-AGAMA-HINDU-DAN-BUDI-PEKERTI-D-4.5,SMP,D,Pendidikan Agama Hindu dan Budi Pekerti,Sejarah Agama Hindu,Memahami Sejarah Perkembangan Agama Hindu di Asia.,AUTO-119,https://kurikulum.kemendikdasmen.go.id/service/download.php?kategori=rujukan&id=119,superseded_pending_review
LO-PENDIDIKAN-AGAMA-HINDU-DAN-BUDI-PEKERTI-E-5.1,SMA,E,Pendidikan Agama Hindu dan Budi Pekerti,Kitab Suci Weda,Memahami Dharmasastra.,AUTO-119,https://kurikulum.kemendikdasmen.go.id/service/download.php?kategori=rujukan&id=119,superseded_pending_review
LO-PENDIDIKAN-AGAMA-HINDU-DAN-BUDI-PEKERTI-E-5.2,SMA,E,Pendidikan Agama Hindu dan Budi Pekerti,Sraddha dan Bhakti,Memahami Karmaphala dan Punarbhawa.,AUTO-119,https://kurikulum.kemendikdasmen.go.id/service/download.php?kategori=rujukan&id=119,superseded_pending_review
LO-PENDIDIKAN-AGAMA-HINDU-DAN-BUDI-PEKERTI-E-5.3,SMA,E,Pendidikan Agama Hindu dan Budi Pekerti,Susila,Memahami ajaran Catur Warna.,AUTO-119,https://kurikulum.kemendikdasmen.go.id/service/download.php?kategori=rujukan&id=119,superseded_pending_review
LO-PENDIDIKAN-AGAMA-HINDU-DAN-BUDI-PEKERTI-E-5.4,SMA,E,Pendidikan Agama Hindu dan Budi Pekerti,Acara,Memahami Yadnya dan Ramayana dan Mahabhrata.,AUTO-119,https://kurikulum.kemendikdasmen.go.id/service/download.php?kategori=rujukan&id=119,superseded_pending_review
LO-PENDIDIKAN-AGAMA-HINDU-DAN-BUDI-PEKERTI-E-5.5,SMA,E,Pendidikan Agama Hindu dan Budi Pekerti,Sejarah Agama Hindu,Memahami Corak Keagamaan Hindu di dunia.,AUTO-119,https://kurikulum.kemendikdasmen.go.id/service/download.php?kategori=rujukan&id=119,superseded_pending_review
LO-PENDIDIKAN-AGAMA-HINDU-DAN-BUDI-PEKERTI-F-6.1,SMA,F,Pendidikan Agama Hindu dan Budi Pekerti,Kitab Suci Weda,Memahami Kodifikasi Weda dan Ajaran Upanisad.,AUTO-119,https://kurikulum.kemendikdasmen.go.id/service/download.php?kategori=rujukan&id=119,superseded_pending_review
LO-PENDIDIKAN-AGAMA-HINDU-DAN-BUDI-PEKERTI-F-6.2,SMA,F,Pendidikan Agama Hindu dan Budi Pekerti,Sraddha dan Bhakti,Memahami Darsana dan Moksa.,AUTO-119,https://kurikulum.kemendikdasmen.go.id/service/download.php?kategori=rujukan&id=119,superseded_pending_review
LO-PENDIDIKAN-AGAMA-HINDU-DAN-BUDI-PEKERTI-F-6.3,SMA,F,Pendidikan Agama Hindu dan Budi Pekerti,Susila,Memahami konsep Keluarga Sukhinah dan Karakter Kepemimpinan Hindu.,AUTO-119,https://kurikulum.kemendikdasmen.go.id/service/download.php?kategori=rujukan&id=119,superseded_pending_review
LO-PENDIDIKAN-AGAMA-HINDU-DAN-BUDI-PEKERTI-F-6.4,SMA,F,Pendidikan Agama Hindu dan Budi Pekerti,Acara,"Memahami Seni Keagamaan Hindu serta Yogacara dalam Mantra , Yantra , dan Tantra.",AUTO-119,https://kurikulum.kemendikdasmen.go.id/service/download.php?kategori=rujukan&id=119,superseded_pending_review
LO-PENDIDIKAN-AGAMA-HINDU-DAN-BUDI-PEKERTI-F-6.5,SMA,F,Pendidikan Agama Hindu dan Budi Pekerti,Sejarah Agama Hindu,Memahami Sejarah Organisasi Keagamaan Hindu di Indonesia.,AUTO-119,https://kurikulum.kemendikdasmen.go.id/service/download.php?kategori=rujukan&id=119,superseded_pending_review
LO-PENDIDIKAN-AGAMA-BUDDHA-DAN-BUDI-PEKERTI-A-1.1,SD,A,Pendidikan Agama Buddha dan Budi Pekerti,Sejarah,"Memahami identitas diri dan keluarganya, serta memiliki keterbukaan untuk menghargai perbedaan identitas dan budaya teman-temannya di lingkungan rumah, sekolah, dan rumah ibadah. murid mengamalkan sifat-sifat kehidupan para Bodhisattva, para Buddha, siswa Buddha atau tokoh Buddhis inspiratif dalam menyayangi diri sendiri dengan menjaga kesehatan fisik dan batin, membiasakan diri untuk bersikap hormat dan menjaga ucapan di lingkungannya sesuai kisah Jataka.",AUTO-119,https://kurikulum.kemendikdasmen.go.id/service/download.php?kategori=rujukan&id=119,superseded_pending_review
LO-PENDIDIKAN-AGAMA-BUDDHA-DAN-BUDI-PEKERTI-A-1.2,SD,A,Pendidikan Agama Buddha dan Budi Pekerti,Ritual dan kelompok dengan anggota yang beragam identitas agama,"Memahami identitas agama Buddha kepercayaan lainnya dalam suatu dan kepercayaan. murid memahami simbol-simbol keagamaan Buddha, agama dan kepercayaan lain di lingkungan rumah dan sekolahnya.",AUTO-119,https://kurikulum.kemendikdasmen.go.id/service/download.php?kategori=rujukan&id=119,superseded_pending_review
LO-PENDIDIKAN-AGAMA-BUDDHA-DAN-BUDI-PEKERTI-A-1.3,SD,A,Pendidikan Agama Buddha dan Budi Pekerti,Etika,"Mengamalkan aturan dan sopan santun di lingkungan rumah, sekolah, dan rumah ibadah. murid memahami pergaulan untuk mempertahankan hidup dalam hubungannya dengan orang lain. murid memahami musyawarah sederhana untuk mufakat di lingkungan sekolahnya berlandaskan nilai-nilai empat sifat luhur, hukum karma dan Pancasila dasar negara berdasarkan pembelajaran ramah anak serta mencerminkan kehidupan yang moderat.",AUTO-119,https://kurikulum.kemendikdasmen.go.id/service/download.php?kategori=rujukan&id=119,superseded_pending_review
LO-PENDIDIKAN-AGAMA-BUDDHA-DAN-BUDI-PEKERTI-B-2.1,SD,B,Pendidikan Agama Buddha dan Budi Pekerti,Sejarah,"Memahami identitas Buddha Sakyamuni, sebagai dasar keyakinan terhadap Agama Buddha. murid memahami budaya dan bahasa dalam agama Buddha serta memiliki keterbukaan untuk menghargai perbedaan identitas dan budaya orang lain di lingkungan tempat tinggalnya. murid meneladan Buddha Sakyamuni dalam menghargai sesama manusia, menyelesaikan masalah pergaulan di lingkungan terdekatnya, lingkungan sekolah dan rumah ibadah.",AUTO-119,https://kurikulum.kemendikdasmen.go.id/service/download.php?kategori=rujukan&id=119,superseded_pending_review
LO-PENDIDIKAN-AGAMA-BUDDHA-DAN-BUDI-PEKERTI-B-2.2,SD,B,Pendidikan Agama Buddha dan Budi Pekerti,Ritual,Memahami doa Buddhis dalam kegiatan sehari-hari berdasarkan keyakinan kepada Ketuhanan Yang Maha Esa dan Triratna. murid menghargai identitas masing-masing aliran atau tradisi dalam agama Buddha dan bersatu dalam perbedaan.,AUTO-119,https://kurikulum.kemendikdasmen.go.id/service/download.php?kategori=rujukan&id=119,superseded_pending_review
LO-PENDIDIKAN-AGAMA-BUDDHA-DAN-BUDI-PEKERTI-B-2.3,SD,B,Pendidikan Agama Buddha dan Budi Pekerti,Etika,"Mengamalkan nilai-nilai Pancasila Buddhis berlandaskan pada nilai-nilai Hukum Sebab Akibat yang Saling Bergantungan dalam melaksanakan aturan dan sopan santun; murid mengamalkan kesempurnaan ( p ā ram ī ), sikap tolong menolong antarsesama dalam menyelesaikan masalah sosial, kebersihan, dan kelestarian lingkungan secara musyawarah mufakat di rumah, sekolah, dan rumah ibadah sebagai dasar keyakinan terhadap Agama Buddha, melalui pembelajaran ramah anak serta mencerminkan kehidupan yang moderat.",AUTO-119,https://kurikulum.kemendikdasmen.go.id/service/download.php?kategori=rujukan&id=119,superseded_pending_review
LO-PENDIDIKAN-AGAMA-BUDDHA-DAN-BUDI-PEKERTI-C-3.1,SD,C,Pendidikan Agama Buddha dan Budi Pekerti,Sejarah,Meneladani Buddha Sakyamuni dalam menghadapi hambatan untuk meraih kesuksesan; meneladan kehidupan Buddha Sakyamuni dalam menyelesaikan masalah kehidupan individu dan sosial; murid memahami konsep dasar musyawarah mufakat dalam kehidupan Buddha Sakyamuni.,AUTO-119,https://kurikulum.kemendikdasmen.go.id/service/download.php?kategori=rujukan&id=119,superseded_pending_review
LO-PENDIDIKAN-AGAMA-BUDDHA-DAN-BUDI-PEKERTI-C-3.2,SD,C,Pendidikan Agama Buddha dan Budi Pekerti,Ritual,Memahami keragaman upacara puja dan meditasi ketenangan dari berbagai aliran atau tradisi Agama Buddha. murid mengamalkan sikap bersatu dalam perbedaan dengan berperan serta melakukan dialog moderasi beragama.,AUTO-119,https://kurikulum.kemendikdasmen.go.id/service/download.php?kategori=rujukan&id=119,superseded_pending_review
LO-PENDIDIKAN-AGAMA-BUDDHA-DAN-BUDI-PEKERTI-C-3.3,SD,C,Pendidikan Agama Buddha dan Budi Pekerti,Etika,"Mengamalkan nilai-nilai Buddhadharma, Pancasila Buddhis, dan nilai-nilai Pancasila dasar negara berlandaskan pada nilai-nilai Hukum Sebab Akibat yang Saling Bergantungan. murid memahami hak dan kewajiban, permasalahan dan solusinya di rumah, sekolah, dan rumah ibadah sebagai dasar keyakinan terhadap Agama Buddha, melalui pembelajaran ramah anak serta mencerminkan kehidupan yang moderat.",AUTO-119,https://kurikulum.kemendikdasmen.go.id/service/download.php?kategori=rujukan&id=119,superseded_pending_review
LO-PENDIDIKAN-AGAMA-BUDDHA-DAN-BUDI-PEKERTI-D-4.1,SMP,D,Pendidikan Agama Buddha dan Budi Pekerti,Sejarah,"Memahami sifat-sifat Buddha Sakyamuni, para penyokong Buddha, siswa-siswa utama, tokoh Buddhis inspiratif, peristiwa monumental setelah Buddha Sakyamuni Parinibbana, untuk diteladan dan dilestarikan dalam kehidupan sehari-hari dengan bijaksana dalam berperilaku terhadap diri sendiri, sesama manusia, masyarakat, dan lingkungan sekitar.",AUTO-119,https://kurikulum.kemendikdasmen.go.id/service/download.php?kategori=rujukan&id=119,superseded_pending_review
LO-PENDIDIKAN-AGAMA-BUDDHA-DAN-BUDI-PEKERTI-D-4.2,SMP,D,Pendidikan Agama Buddha dan Budi Pekerti,Ritual,"Memahami meditasi hidup berkesadaran, budaya menghormat ( p ū ja ), hari raya agama Buddha, tempat-tempat ziarah Agama Buddha, melakukan ziarah ke tempat suci Agama Buddha, kunjungan ke tempat ibadah agama dan kepercayaan lain, menghargai tradisi Agama Buddha di Indonesia, dan melakukan dialog kerukunan umat beragama.",AUTO-119,https://kurikulum.kemendikdasmen.go.id/service/download.php?kategori=rujukan&id=119,superseded_pending_review
LO-PENDIDIKAN-AGAMA-BUDDHA-DAN-BUDI-PEKERTI-D-4.3,SMP,D,Pendidikan Agama Buddha dan Budi Pekerti,Etika,"Memahami nilai-nilai ajaran moralitas, jalan Bodhisattva yaitu Paññadika Bodhisattva, Saddhadika Bodhisattva, Viriyadika Bodhisattva; hukum karma dan kelahiran kembali, hak dan kewajiban moral terhadap sesama dan lingkungan, untuk mewujudkan kehidupan yang harmonis sebagai warga negara dalam menentukan sikap terhadap kesetaraan gender, pergaulan dan permasalahan remaja di lingkungan sekitar melalui pembelajaran ramah anak serta mencerminkan kehidupan yang moderat.",AUTO-119,https://kurikulum.kemendikdasmen.go.id/service/download.php?kategori=rujukan&id=119,superseded_pending_review
LO-PENDIDIKAN-AGAMA-BUDDHA-DAN-BUDI-PEKERTI-E-5.1,SMA,E,Pendidikan Agama Buddha dan Budi Pekerti,Sejarah,"Memahami penyiaran Agama Buddha, meneladan perjuangan pelaku sejarah Agama Buddha masa kini.",AUTO-119,https://kurikulum.kemendikdasmen.go.id/service/download.php?kategori=rujukan&id=119,superseded_pending_review
LO-PENDIDIKAN-AGAMA-BUDDHA-DAN-BUDI-PEKERTI-E-5.2,SMA,E,Pendidikan Agama Buddha dan Budi Pekerti,Ritual,Memahami meditasi ketenangan batin dengan keyakinan.,AUTO-119,https://kurikulum.kemendikdasmen.go.id/service/download.php?kategori=rujukan&id=119,superseded_pending_review
LO-PENDIDIKAN-AGAMA-BUDDHA-DAN-BUDI-PEKERTI-E-5.3,SMA,E,Pendidikan Agama Buddha dan Budi Pekerti,Etika,Memahami nilai-nilai moderasi beragama berdasarkan Buddhadharma sebagai dasar dalam memaknai fenomena dan masalah kehidupan. murid memahami ilmu pengetahuan dan teknologi berdasarkan nilai-nilai agama Buddha. murid memahami nilai-nilai Hukum Kebenaran Mutlak melalui pembelajaran ramah anak serta mencerminkan kehidupan yang moderat.,AUTO-119,https://kurikulum.kemendikdasmen.go.id/service/download.php?kategori=rujukan&id=119,superseded_pending_review
LO-PENDIDIKAN-AGAMA-BUDDHA-DAN-BUDI-PEKERTI-F-6.1,SMA,F,Pendidikan Agama Buddha dan Budi Pekerti,Sejarah,"Memahami sikap tokoh pendukung Agama Buddha, pelaku sejarah Buddhis lokal, nasional, dan dunia masa kini; Budaya Buddhis, keragaman agama, maupun bangsa; Komunikasi lintas budaya, lintas aliran atau tradisi agama Buddha dengan bersikap bijaksana dan terbuka.",AUTO-119,https://kurikulum.kemendikdasmen.go.id/service/download.php?kategori=rujukan&id=119,superseded_pending_review
LO-PENDIDIKAN-AGAMA-BUDDHA-DAN-BUDI-PEKERTI-F-6.2,SMA,F,Pendidikan Agama Buddha dan Budi Pekerti,Ritual,"Melaksanakan Upacara keagamaan disertai keyakinan dan kebijaksanaan serta menghargai orang lain yang melakukan ritual keagamaan sesuai dengan agama dan kepercayaannya. murid memahami nilai-nilai Agama Buddha dengan kearifan lokal. Berperan aktif dalam kegiatan aksi sosial dan budaya sebagai wujud individu yang beragama dalam kehidupan bermasyarakat, berbangsa, dan bernegara.",AUTO-119,https://kurikulum.kemendikdasmen.go.id/service/download.php?kategori=rujukan&id=119,superseded_pending_review
LO-PENDIDIKAN-AGAMA-BUDDHA-DAN-BUDI-PEKERTI-F-6.3,SMA,F,Pendidikan Agama Buddha dan Budi Pekerti,Etika,"Memahami alam semesta dan alam kehidupan berdasarkan nilai-nilai Hukum Kebenaran Mutlak, Empat Kebenaran Mulia, Hukum Karma, Punabhava, Hukum Tiga Corak Universal, dan Hukum Sebab Musabab Yang Saling Bergantungan. murid memahami fenomena dalam menghadapi masalah kehidupan perekonomian di dunia dan isu-isu global, dengan kebijaksanaan melalui pembelajaran ramah anak serta mencerminkan kehidupan yang moderat.",AUTO-119,https://kurikulum.kemendikdasmen.go.id/service/download.php?kategori=rujukan&id=119,superseded_pending_review
LO-PENDIDIKAN-AGAMA-KHONGHUCU-DAN-BUDI-PEKERTI-A-1.1,SD,A,Pendidikan Agama Khonghucu dan Budi Pekerti,Sejarah Suci,"Memahami riwayat dan keluarga Nabi K ŏ ngz ĭ ( 孔 子 ), kisah keteladanan bakti para tokoh agama Khonghucu (Rújiào 儒教 ), kisah keteladanan sifat solidaritas sesama sahabat dari tokoh agama Khonghucu.",AUTO-119,https://kurikulum.kemendikdasmen.go.id/service/download.php?kategori=rujukan&id=119,superseded_pending_review
LO-PENDIDIKAN-AGAMA-KHONGHUCU-DAN-BUDI-PEKERTI-A-1.2,SD,A,Pendidikan Agama Khonghucu dan Budi Pekerti,Kitab Suci,"Memahami ayat-ayat suci yang terdapat dalam kitab Bakti (Xiàoj ī ng 孝 经 ), Sìsh ū ( 四 书 ) dan Wŭj ī ng ( 五 经 ) yang berkaitan dengan kisah anak berbakti dan keteladanan Nabi K ŏ ngz ĭ ( 孔子 ).",AUTO-119,https://kurikulum.kemendikdasmen.go.id/service/download.php?kategori=rujukan&id=119,superseded_pending_review
LO-PENDIDIKAN-AGAMA-KHONGHUCU-DAN-BUDI-PEKERTI-A-1.3,SD,A,Pendidikan Agama Khonghucu dan Budi Pekerti,Keimanan,"Memahami konsep Ti ā n ( 天 ) dalam agama Khonghucu bahwa manusia diciptakan Ti ā n ( 天 ) melalui kedua orang tua dan peran keberadaan leluhur dalam kehidupan manusia serta Nabi Kŏ ngz ĭ ( 孔子 ) sebagai genta rohani Ti ā n ( 天 ), Ti ā n Zh ī Mùduó ( 天之木 铎 ).",AUTO-119,https://kurikulum.kemendikdasmen.go.id/service/download.php?kategori=rujukan&id=119,superseded_pending_review
LO-PENDIDIKAN-AGAMA-KHONGHUCU-DAN-BUDI-PEKERTI-A-1.4,SD,A,Pendidikan Agama Khonghucu dan Budi Pekerti,Tata Ibadah,"Memahami sikap dalam berdoa dan menghormat, sembahyang kepada Ti ā n ( 天 ), Nabi Kŏ ngz ĭ ( 孔子 ), dan leluhur serta perlengkapan sembahyang di altar.",AUTO-119,https://kurikulum.kemendikdasmen.go.id/service/download.php?kategori=rujukan&id=119,superseded_pending_review
LO-PENDIDIKAN-AGAMA-KHONGHUCU-DAN-BUDI-PEKERTI-A-1.5,SD,A,Pendidikan Agama Khonghucu dan Budi Pekerti,Perilaku J ū nz ĭ ( 君子 ),"Memahami sikap bakti dan hormat kepada orang tua sebagai wujud hormat kepada Ti ā n ( 天 ), pembiasaan berdoa sebelum maupun sesudah beraktivitas, dan sikap toleransi dengan teman, serta sikap tanggung jawab terhadap kebutuhan diri sendiri.",AUTO-119,https://kurikulum.kemendikdasmen.go.id/service/download.php?kategori=rujukan&id=119,superseded_pending_review
LO-PENDIDIKAN-AGAMA-KHONGHUCU-DAN-BUDI-PEKERTI-B-2.1,SD,B,Pendidikan Agama Khonghucu dan Budi Pekerti,Sejarah Suci,"Memahami tentang watak sejati ( xìng 性 ) menurut pendapat Mèngz ĭ ( 孟子 ), sikap teladan dari murid-murid Nabi K ŏ ngz ĭ ( 孔子 ), riwayat Nabi K ŏ ngz ĭ ( 孔子 ) sebagai genta rohani Ti ā n ( 天 ) (Ti ā n Zh ī Mùduó 天之木 铎 ), tugas suci pengembaraan Nabi K ŏ ngz ĭ ( 孔子 ), Zh ū X ī ( 朱熹 ) sebagai tokoh pembaharuan agama Khonghucu (Rújiào 儒教 ), keteladanan ibunda Nabi K ŏ ngz ĭ ( 孔 子 ), ibunda Mèngz ĭ ( 孟子 ), ibunda Ō uyáng Xi ū ( 欧 阳修 ), dan ibunda Yuè F ē i ( 岳飛 ).",AUTO-119,https://kurikulum.kemendikdasmen.go.id/service/download.php?kategori=rujukan&id=119,superseded_pending_review
LO-PENDIDIKAN-AGAMA-KHONGHUCU-DAN-BUDI-PEKERTI-B-2.2,SD,B,Pendidikan Agama Khonghucu dan Budi Pekerti,Kitab Suci,"Memahami tiga kesukaan yang membawa faedah dan tiga kesukaan yang membawa celaka, bagian-bagian kitab suci yang pokok (Sìsh ū 四 书 ) dan yang mendasari (W ŭ j ī ng 五 经 ), ayat dalam kitab Sìsh ū ( 四 书 ) yang berkaitan dengan delapan kebajikan ( b ā dé 八德 ).",AUTO-119,https://kurikulum.kemendikdasmen.go.id/service/download.php?kategori=rujukan&id=119,superseded_pending_review
LO-PENDIDIKAN-AGAMA-KHONGHUCU-DAN-BUDI-PEKERTI-B-2.3,SD,B,Pendidikan Agama Khonghucu dan Budi Pekerti,Keimanan,"Memahami makna persembahyangan kepada Ti ā n ( 天 ), Nabi K ŏ ngz ĭ ( 孔子 ), para suci ( shénmíng 神明 ) dan leluhur, tanda-tanda khusus menjelang wafat Nabi K ŏ ngz ĭ ( 孔子 ), nilai-nilai delapan keimanan ( b ā chéngzh ē ngu ī 八 诚 箴 规 ), cita-cita mulia dan semangat belajar Nabi K ŏ ngz ĭ ( 孔子 ).",AUTO-119,https://kurikulum.kemendikdasmen.go.id/service/download.php?kategori=rujukan&id=119,superseded_pending_review
LO-PENDIDIKAN-AGAMA-KHONGHUCU-DAN-BUDI-PEKERTI-B-2.4,SD,B,Pendidikan Agama Khonghucu dan Budi Pekerti,Tata Ibadah,"Memahami peralatan dan perlengkapan sembahyang dan penataannya di altar leluhur, tata cara menancapkan dupa dalam bersembahyang kepada Ti ā n ( 天 ), Nabi K ŏ ngz ĭ ( 孔 子 ), para suci ( shénmíng 神明 ) dan leluhur, sikap berdoa ( bào x ī n b ā dé 抱心八德 ), tata cara dan pelaksanaan ibadah di l ĭ táng ( 礼堂 )/ miào ( 庙 ) /klenteng/kelenteng.",AUTO-119,https://kurikulum.kemendikdasmen.go.id/service/download.php?kategori=rujukan&id=119,superseded_pending_review
LO-PENDIDIKAN-AGAMA-KHONGHUCU-DAN-BUDI-PEKERTI-B-2.5,SD,B,Pendidikan Agama Khonghucu dan Budi Pekerti,Perilaku J ū nz ĭ ( 君子 ),"Memahami sikap dan perilaku luhur Nabi K ŏ ngz ĭ ( 孔子 ), teladan murid-murid Nabi K ŏ ngz ĭ ( 孔子 ), menghargai waktu, berhati-hati, saling mengasihi sesama manusia, perilaku sesuai dengan delapan kebajikan ( b ā dé 八德 ), mudah bergaul tanpa membedakan, mau mengakui kesalahan dan memperbaiki diri.",AUTO-119,https://kurikulum.kemendikdasmen.go.id/service/download.php?kategori=rujukan&id=119,superseded_pending_review
LO-PENDIDIKAN-AGAMA-KHONGHUCU-DAN-BUDI-PEKERTI-C-3.1,SD,C,Pendidikan Agama Khonghucu dan Budi Pekerti,Sejarah Suci,"Memahami wahyu Ti ā n ( 天 ) yang diterima oleh para nabi dan raja suci, tokoh-tokoh Rújiào ( 儒 教 ) serta sumbangsih pemikirannya, sejarah perkembangan agama Khonghucu di Indonesia.",AUTO-119,https://kurikulum.kemendikdasmen.go.id/service/download.php?kategori=rujukan&id=119,superseded_pending_review
LO-PENDIDIKAN-AGAMA-KHONGHUCU-DAN-BUDI-PEKERTI-C-3.2,SD,C,Pendidikan Agama Khonghucu dan Budi Pekerti,Kitab Suci,"Memahami ayat-ayat dalam kitab Sìsh ū ( 四 书 ) dan W ŭ j ī ng ( 五 经 ) tentang Nabi K ŏ ngz ĭ ( 孔子 ) sebagai Ti ā n Zh ī Mùduó ( 天之木 铎 ), persaudaraan dalam pergaulan, rasa cinta tanah air, empat pantangan sìwù ( 四勿 ), dan yang berhubungan dengan konsep s ā ncái ( 三才 ).",AUTO-119,https://kurikulum.kemendikdasmen.go.id/service/download.php?kategori=rujukan&id=119,superseded_pending_review
LO-PENDIDIKAN-AGAMA-KHONGHUCU-DAN-BUDI-PEKERTI-C-3.3,SD,C,Pendidikan Agama Khonghucu dan Budi Pekerti,Keimanan,"Memahami bahwa sembahyang adalah pokok dari agama, definisi iman, hukum y ī nyáng ( 阴阳 ) sebagai dasar hukum alam semesta, konsep Tiga Dasar Kenyataan ( s ā ncái 三才 ).",AUTO-119,https://kurikulum.kemendikdasmen.go.id/service/download.php?kategori=rujukan&id=119,superseded_pending_review
LO-PENDIDIKAN-AGAMA-KHONGHUCU-DAN-BUDI-PEKERTI-C-3.4,SD,C,Pendidikan Agama Khonghucu dan Budi Pekerti,Tata Ibadah,"Memahami hari raya/sembahyang kepada Ti ā n ( 天 ), Nabi K ŏ ngz ĭ ( 孔子 ), shénmíng ( 神明 ), dan leluhur sebagai wujud kesusilaan (l ĭ 礼 ), perlengkapan dan peralatan sembahyang sehingga menumbuhkan keimanan dan kepribadian luhur.",AUTO-119,https://kurikulum.kemendikdasmen.go.id/service/download.php?kategori=rujukan&id=119,superseded_pending_review
LO-PENDIDIKAN-AGAMA-KHONGHUCU-DAN-BUDI-PEKERTI-C-3.5,SD,C,Pendidikan Agama Khonghucu dan Budi Pekerti,Perilaku J ū nz ĭ ( 君子 ),"Memahami sikap cinta kasih kepada seluruh makhluk ciptaan Ti ā n ( 天 ), cinta tanah air, hidup tepa salira dan harmonis kepada sesama, bakti kepada Ti ā ndìrén ( 天地人 ), prinsip empat pantangan ( sìwù 四勿 ) dan lima hubungan kemasyarakatan ( wŭlún 五 伦 ) dalam keseharian.",AUTO-119,https://kurikulum.kemendikdasmen.go.id/service/download.php?kategori=rujukan&id=119,superseded_pending_review
LO-PENDIDIKAN-AGAMA-KHONGHUCU-DAN-BUDI-PEKERTI-D-4.1,SMP,D,Pendidikan Agama Khonghucu dan Budi Pekerti,Sejarah Suci,"Memahami rangkaian wahyu dalam agama Khonghucu dari nabi purba, raja suci sampai dengan Nabi Kŏ ngz ĭ ( 孔子 ), keteladanan murid-murid Nabi K ŏ ngz ĭ ( 孔子 ) dan orang-orang besar, serta perkembangan kehidupan beragama dan bernegara di Indonesia.",AUTO-119,https://kurikulum.kemendikdasmen.go.id/service/download.php?kategori=rujukan&id=119,superseded_pending_review
LO-PENDIDIKAN-AGAMA-KHONGHUCU-DAN-BUDI-PEKERTI-D-4.2,SMP,D,Pendidikan Agama Khonghucu dan Budi Pekerti,Kitab Suci,"Memahami teks kitab Sìsh ū ( 四 书 ) dan Wŭj ī ng ( 五 经 ) serta Xiàoj ī ng ( 孝 经 ) sebagai sumber pengetahuan yang melandasi sejarah suci, keimanan, tata ibadah dan keteladanan perilaku J ū nz ĭ ( 君子 ).",AUTO-119,https://kurikulum.kemendikdasmen.go.id/service/download.php?kategori=rujukan&id=119,superseded_pending_review
LO-PENDIDIKAN-AGAMA-KHONGHUCU-DAN-BUDI-PEKERTI-D-4.3,SMP,D,Pendidikan Agama Khonghucu dan Budi Pekerti,Keimanan,"Memahami Ti ā n ( 天 ), kenabian Nabi K ŏ ngz ĭ ( 孔 子 ), dan watak sejati ( xìng 性 ).",AUTO-119,https://kurikulum.kemendikdasmen.go.id/service/download.php?kategori=rujukan&id=119,superseded_pending_review
LO-PENDIDIKAN-AGAMA-KHONGHUCU-DAN-BUDI-PEKERTI-D-4.4,SMP,D,Pendidikan Agama Khonghucu dan Budi Pekerti,Tata Ibadah,"Memahami ritual keagamaan kepada Ti ā n ( 天 ), dì ( 地 ) dan rén ( 人 ) dalam agama Khonghucu.",AUTO-119,https://kurikulum.kemendikdasmen.go.id/service/download.php?kategori=rujukan&id=119,superseded_pending_review
LO-PENDIDIKAN-AGAMA-KHONGHUCU-DAN-BUDI-PEKERTI-D-4.5,SMP,D,Pendidikan Agama Khonghucu dan Budi Pekerti,Perilaku J ū nz ĭ ( 君子 ),"Memahami berperilaku sesuai dengan predikat yang diembannya baik sebagai diri pribadi, bagian dari keluarga, masyarakat, bangsa, negara dan dunia dengan berpedoman pada dìzigu ī ( 弟子 规 ), wŭcháng ( 五常 ) dan delapan kebajikan ( b ā dé 八德 ).",AUTO-119,https://kurikulum.kemendikdasmen.go.id/service/download.php?kategori=rujukan&id=119,superseded_pending_review
LO-PENDIDIKAN-AGAMA-KHONGHUCU-DAN-BUDI-PEKERTI-E-5.1,SMA,E,Pendidikan Agama Khonghucu dan Budi Pekerti,Sejarah Suci,"Memahami karya dan nilai keteladanan para nabi, raja suci dan tokoh Khonghucu, kisah hidup murid Nabi K ŏ ngz ĭ ( 孔子 ).",AUTO-119,https://kurikulum.kemendikdasmen.go.id/service/download.php?kategori=rujukan&id=119,superseded_pending_review
LO-PENDIDIKAN-AGAMA-KHONGHUCU-DAN-BUDI-PEKERTI-E-5.2,SMA,E,Pendidikan Agama Khonghucu dan Budi Pekerti,Kitab Suci,Memahami fase perkembangan kitab-kitab suci agama Khonghucu dan bagian-bagian Kitab Wŭj ī ng ( 五 经 ).,AUTO-119,https://kurikulum.kemendikdasmen.go.id/service/download.php?kategori=rujukan&id=119,superseded_pending_review
LO-PENDIDIKAN-AGAMA-KHONGHUCU-DAN-BUDI-PEKERTI-E-5.3,SMA,E,Pendidikan Agama Khonghucu dan Budi Pekerti,Keimanan,"Memahami kebesaran jalan suci Ti ā n (Ti ā ndào 天道 ), kekuasaan hukum suci Ti ā n (Ti ā nl ĭ 天理 ), makna diturunkannya wahyu Ti ā n ( 天 ) dalam agama Khonghucu, konsep dasar dan prinsip y ī nyáng ( 阴阳 ).",AUTO-119,https://kurikulum.kemendikdasmen.go.id/service/download.php?kategori=rujukan&id=119,superseded_pending_review
LO-PENDIDIKAN-AGAMA-KHONGHUCU-DAN-BUDI-PEKERTI-E-5.4,SMA,E,Pendidikan Agama Khonghucu dan Budi Pekerti,Tata Ibadah,Memahami hakikat dan makna ibadah persembahyangan kepada Ti ā n ( 天 ).,AUTO-119,https://kurikulum.kemendikdasmen.go.id/service/download.php?kategori=rujukan&id=119,superseded_pending_review
LO-PENDIDIKAN-AGAMA-KHONGHUCU-DAN-BUDI-PEKERTI-E-5.5,SMA,E,Pendidikan Agama Khonghucu dan Budi Pekerti,Perilaku J ū nz ĭ ( 君子 ),"Memahami hakikat dan sifat dasar manusia, serta sikap moderasi beragama.",AUTO-119,https://kurikulum.kemendikdasmen.go.id/service/download.php?kategori=rujukan&id=119,superseded_pending_review
LO-PENDIDIKAN-AGAMA-KHONGHUCU-DAN-BUDI-PEKERTI-F-6.1,SMA,F,Pendidikan Agama Khonghucu dan Budi Pekerti,Sejarah Suci,"Memahami prinsip moral yang diajarkan Mèngz ĭ ( 孟子 ), kisah Raja Suci Yáo ( 尧 ) dan Shùn ( 舜 ), kisah Nabi Y ī Y ĭ n ( 伊尹 ), jabatan yang pernah diemban oleh Nabi K ŏ ngz ĭ ( 孔子 ) pada zaman ch ū nqi ū ( 春秋 ), serta kontribusi dan situs sejarah ajaran Khonghucu di Indonesia dan dunia.",AUTO-119,https://kurikulum.kemendikdasmen.go.id/service/download.php?kategori=rujukan&id=119,superseded_pending_review
LO-PENDIDIKAN-AGAMA-KHONGHUCU-DAN-BUDI-PEKERTI-F-6.2,SMA,F,Pendidikan Agama Khonghucu dan Budi Pekerti,Kitab Suci Sìsh ū,"Memahami kitab suci yang pokok ( 四 书 ), kitab suci yang mendasari ( Wŭj ī ng 五 经 ), serta ayat suci mengenai wŭcháng ( 五常 ) dan wŭlún ( 五 伦 ).",AUTO-119,https://kurikulum.kemendikdasmen.go.id/service/download.php?kategori=rujukan&id=119,superseded_pending_review
LO-PENDIDIKAN-AGAMA-KHONGHUCU-DAN-BUDI-PEKERTI-F-6.3,SMA,F,Pendidikan Agama Khonghucu dan Budi Pekerti,"Keimanan ), makna sikap ) sebagai pedoman hidup di","Memahami bahwa manusia sebagai co-creator yang diciptakan oleh Ti ā n ( 天 hidup zh ō ngshù ( 忠恕 dunia, Nabi K ŏ ngz ĭ ( 孔子 ) sebagai Ti ā n Zh ī Mùduó ( 天之木 铎 ), serta teladan para nabi, shénmíng ( 神 明 ), dan leluhur.",AUTO-119,https://kurikulum.kemendikdasmen.go.id/service/download.php?kategori=rujukan&id=119,superseded_pending_review
LO-PENDIDIKAN-AGAMA-KHONGHUCU-DAN-BUDI-PEKERTI-F-6.4,SMA,F,Pendidikan Agama Khonghucu dan Budi Pekerti,Tata Ibadah,"Memahami ritual dan makna persembahyangan ), leluhur dan makna agamis hari raya keagamaan, serta kepada Ti ā n ( 天 ), nabi, shénmíng ( 神明 atribut rohaniwan Khonghucu.",AUTO-119,https://kurikulum.kemendikdasmen.go.id/service/download.php?kategori=rujukan&id=119,superseded_pending_review
LO-PENDIDIKAN-AGAMA-KHONGHUCU-DAN-BUDI-PEKERTI-F-6.5,SMA,F,Pendidikan Agama Khonghucu dan Budi Pekerti,Perilaku J ū nz ĭ ( 君子 ) xiào,"Memahami perilaku bakti ( 孝 ) sebagai pokok kebajikan, perilaku cinta kasih, kebenaran, semangat belajar, dan konsep kebersamaan agung ( dàtóng 大同 ).",AUTO-119,https://kurikulum.kemendikdasmen.go.id/service/download.php?kategori=rujukan&id=119,superseded_pending_review
LO-PENDIDIKAN-PANCASILA-A-1.1,SD,A,Pendidikan Pancasila,Pancasila,"Mengenal bendera negara, lagu kebangsaan, simbol dan sila-sila Pancasila dalam lambang negara Garuda Pancasila dan simbol Pancasila beserta sila-sila Pancasila; menerapkan nilai-nilai Pancasila di lingkungan keluarga.",AUTO-119,https://kurikulum.kemendikdasmen.go.id/service/download.php?kategori=rujukan&id=119,extracted_machine
LO-PENDIDIKAN-PANCASILA-A-1.2,SD,A,Pendidikan Pancasila,Undang-Undang Dasar Negara Republik Indonesia Tahun 1945,Mengenal aturan di lingkungan keluarga; menunjukkan dan menceritakan sikap mematuhi aturan di lingkungan keluarga.,AUTO-119,https://kurikulum.kemendikdasmen.go.id/service/download.php?kategori=rujukan&id=119,extracted_machine
LO-PENDIDIKAN-PANCASILA-A-1.3,SD,A,Pendidikan Pancasila,Bhinneka Tunggal Ika,"Mengenal semboyan Bhinneka Tunggal Ika; mengidentifikasi dan menghargai identitas dirinya sesuai dengan jenis kelamin, hobi, bahasa, serta agama dan kepercayaan di lingkungan sekitar.",AUTO-119,https://kurikulum.kemendikdasmen.go.id/service/download.php?kategori=rujukan&id=119,extracted_machine
LO-PENDIDIKAN-PANCASILA-A-1.4,SD,A,Pendidikan Pancasila,Negara Kesatuan Republik Indonesia,"Mengenal karakteristik lingkungan tempat tinggal dan sekolah, sebagai bagian dari wilayah Negara Kesatuan Republik Indonesia; menceritakan dan mempraktikkan bekerja sama menjaga lingkungan sekitar dalam keberagaman.",AUTO-119,https://kurikulum.kemendikdasmen.go.id/service/download.php?kategori=rujukan&id=119,extracted_machine
LO-PENDIDIKAN-PANCASILA-B-2.1,SD,B,Pendidikan Pancasila,Pancasila,"Mengidentifikasi makna sila-sila Pancasila, dan penerapannya dalam kehidupan sehari-hari; mengenal karakter para perumus Pancasila; menunjukkan sikap bangga menjadi anak Indonesia yang memiliki bahasa Indonesia sebagai bahasa persatuan di lingkungan sekitar.",AUTO-119,https://kurikulum.kemendikdasmen.go.id/service/download.php?kategori=rujukan&id=119,extracted_machine
LO-PENDIDIKAN-PANCASILA-B-2.2,SD,B,Pendidikan Pancasila,Undang-Undang Dasar Negara Republik Indonesia Tahun 1945,Mengidentifikasi dan melaksanakan aturan di sekolah dan lingkungan tempat tinggal; mengidentifikasi dan menerapkan hak yang didapat dan kewajiban sebagai anggota keluarga dan sebagai warga sekolah.,AUTO-119,https://kurikulum.kemendikdasmen.go.id/service/download.php?kategori=rujukan&id=119,extracted_machine
LO-PENDIDIKAN-PANCASILA-B-2.3,SD,B,Pendidikan Pancasila,Bhinneka Tunggal Ika,"Membedakan dan menghargai identitas, keluarga, dan teman-temannya sesuai budaya, suku bangsa, bahasa, agama dan kepercayaannya di lingkungan sekitar.",AUTO-119,https://kurikulum.kemendikdasmen.go.id/service/download.php?kategori=rujukan&id=119,extracted_machine
LO-PENDIDIKAN-PANCASILA-B-2.4,SD,B,Pendidikan Pancasila,Negara Kesatuan Republik Indonesia,"Mengidentifikasi lingkungan tempat tinggal (RT, RW, desa atau kelurahan, dan kecamatan) sebagai bagian dari wilayah Negara Kesatuan Republik Indonesia; menunjukkan perilaku bekerja sama dalam berbagai bentuk keberagaman suku bangsa, sosial, dan budaya di Indonesia yang terikat persatuan dan kesatuan di lingkungan sekitar.",AUTO-119,https://kurikulum.kemendikdasmen.go.id/service/download.php?kategori=rujukan&id=119,extracted_machine
LO-PENDIDIKAN-PANCASILA-C-3.1,SD,C,Pendidikan Pancasila,Pancasila,"Memahami kronologi sejarah kelahiran Pancasila; meneladani sikap para perumus Pancasila dan menerapkan di lingkungan masyarakat; menghubungkan sila-sila dalam Pancasila sebagai suatu kesatuan yang utuh; menguraikan makna nilai-nilai Pancasila sebagai dasar negara, dan pandangan hidup bangsa.",AUTO-119,https://kurikulum.kemendikdasmen.go.id/service/download.php?kategori=rujukan&id=119,extracted_machine
LO-PENDIDIKAN-PANCASILA-C-3.2,SD,C,Pendidikan Pancasila,Undang-Undang Dasar Negara Republik Indonesia Tahun 1945,"Mengimplementasikan bentuk-bentuk norma, hak, dan kewajiban dalam kedudukannya sebagai warga negara; mengenal Pembukaan Undang-Undang Dasar Negara Republik Indonesia tahun 1945; mempraktikkan musyawarah untuk membuat kesepakatan dan aturan bersama, serta menerapkannya dalam lingkungan keluarga dan sekolah.",AUTO-119,https://kurikulum.kemendikdasmen.go.id/service/download.php?kategori=rujukan&id=119,extracted_machine
LO-PENDIDIKAN-PANCASILA-C-3.3,SD,C,Pendidikan Pancasila,Bhinneka Tunggal Ika,"Menyajikan hasil identifikasi sikap menghormati, menjaga, dan melestarikan keberagaman budaya sesuai semboyan dalam bingkai Bhinneka Tunggal Ika di lingkungan sekitar.",AUTO-119,https://kurikulum.kemendikdasmen.go.id/service/download.php?kategori=rujukan&id=119,extracted_machine
LO-PENDIDIKAN-PANCASILA-C-3.4,SD,C,Pendidikan Pancasila,Negara Kesatuan Republik Indonesia,"Mengenal wilayahnya dalam konteks kabupaten/kota, dan provinsi sebagai bagian dari wilayah Negara Kesatuan Republik Indonesia; menunjukkan perilaku gotong royong untuk menjaga persatuan di lingkungan sekolah dan sekitar sebagai wujud bela negara.",AUTO-119,https://kurikulum.kemendikdasmen.go.id/service/download.php?kategori=rujukan&id=119,extracted_machine
LO-PENDIDIKAN-PANCASILA-D-4.1,SMP,D,Pendidikan Pancasila,Pancasila,"Memahami sejarah kelahiran Pancasila; memahami kedudukan Pancasila sebagai dasar negara, pandangan hidup bangsa, dan ideologi negara serta penerapannya dalam kehidupan sehari-hari; memahami makna keterkaitan Pancasila dengan Undang-Undang Dasar Negara Republik Indonesia Tahun 1945, Bhinneka Tunggal Ika, dan Negara Kesatuan Republik Indonesia.",AUTO-119,https://kurikulum.kemendikdasmen.go.id/service/download.php?kategori=rujukan&id=119,extracted_machine
LO-PENDIDIKAN-PANCASILA-D-4.2,SMP,D,Pendidikan Pancasila,Undang-Undang Dasar Negara Republik Indonesia Tahun 1945,"Menerapkan norma dan aturan; memahami tata urutan peraturan perundang-undangan yang berlaku di Indonesia; menggunakan hak dan menerapkan kewajiban sebagai warga negara; memahami sejarah, fungsi, dan kedudukan Undang-Undang Dasar Negara Republik Indonesia Tahun 1945; mempraktikkan kemerdekaan berpendapat sebagai warga negara dalam era keterbukaan informasi.",AUTO-119,https://kurikulum.kemendikdasmen.go.id/service/download.php?kategori=rujukan&id=119,extracted_machine
LO-PENDIDIKAN-PANCASILA-D-4.3,SMP,D,Pendidikan Pancasila,Bhinneka Tunggal Ika,"Mengidentifikasi keberagaman suku bangsa, agama dan kepercayaan, ras, dan antargolongan dalam bingkai Bhinneka Tunggal Ika dan menerima keberagaman dalam kehidupan bermasyarakat; memahami pentingnya pelestarian tradisi, kearifan lokal, dan budaya daerah sebagai identitas nasional; menumbuhkan sikap tanggung jawab dan berperan aktif melestarikan praktik tradisi, kearifan lokal, dan budaya daerah dalam masyarakat global.",AUTO-119,https://kurikulum.kemendikdasmen.go.id/service/download.php?kategori=rujukan&id=119,extracted_machine
LO-PENDIDIKAN-PANCASILA-D-4.4,SMP,D,Pendidikan Pancasila,Negara Kesatuan Republik Indonesia,Memahami Proklamasi Kemerdekaan Republik Indonesia; memahami wilayah Negara Kesatuan Republik Indonesia dalam konteks wawasan nusantara; berpartisipasi aktif untuk menjaga keutuhan wilayah Negara Kesatuan Republik Indonesia.,AUTO-119,https://kurikulum.kemendikdasmen.go.id/service/download.php?kategori=rujukan&id=119,extracted_machine
LO-PENDIDIKAN-PANCASILA-E-5.1,SMA,E,Pendidikan Pancasila,Pancasila,"Menganalisis cara pandang para perumus Pancasila tentang dasar negara; menganalisis kedudukan Pancasila sebagai dasar negara, pandangan hidup bangsa, dan ideologi negara.",AUTO-119,https://kurikulum.kemendikdasmen.go.id/service/download.php?kategori=rujukan&id=119,extracted_machine
LO-PENDIDIKAN-PANCASILA-E-5.2,SMA,E,Pendidikan Pancasila,Undang-Undang Dasar Negara Republik Indonesia Tahun 1945,Menerapkan perilaku taat hukum berdasarkan peraturan yang berlaku untuk mewujudkan harmoni dengan sesama manusia dan lingkungan; menganalisis tata urutan peraturan perundang -undangan di Indonesia; menganalisis makna kedudukan Pancasila sebagai sumber dari segala sumber hukum negara.,AUTO-119,https://kurikulum.kemendikdasmen.go.id/service/download.php?kategori=rujukan&id=119,extracted_machine
LO-PENDIDIKAN-PANCASILA-E-5.3,SMA,E,Pendidikan Pancasila,Bhinneka Tunggal Ika,Menyajikan makna semboyan Bhinneka Tunggal Ika sebagai modal sosial; dan memahami prinsip gotong royong sebagai perwujudan sistem ekonomi Pancasila yang inklusif dan berkeadilan.,AUTO-119,https://kurikulum.kemendikdasmen.go.id/service/download.php?kategori=rujukan&id=119,extracted_machine
LO-PENDIDIKAN-PANCASILA-E-5.4,SMA,E,Pendidikan Pancasila,Negara Kesatuan Republik Indonesia,Memahami peran dan kedudukannya sebagai sistem pertahanan dan keamanan negara; menganalisis peran Indonesia dalam hubungan antarnegara; dalam warga Negara Indonesia; memahami serta memahami nilai-nilai Pancasila konteks pembangunan nasional.,AUTO-119,https://kurikulum.kemendikdasmen.go.id/service/download.php?kategori=rujukan&id=119,extracted_machine
LO-PENDIDIKAN-PANCASILA-F-6.1,SMA,F,Pendidikan Pancasila,Pancasila,Mendeskripsikan rumusan dan keterkaitan sila-sila dalam Pancasila; menganalisis peluang dan tantangan penerapan nilai-nilai Pancasila dalam kehidupan global dalam konteks Pancasila sebagai ideologi negara dan membiasakan perilaku yang sesuai dengan nilai-nilai Pancasila sebagai identitas nasional dalam kehidupan sehari-hari.,AUTO-119,https://kurikulum.kemendikdasmen.go.id/service/download.php?kategori=rujukan&id=119,extracted_machine
LO-PENDIDIKAN-PANCASILA-F-6.2,SMA,F,Pendidikan Pancasila,Undang-Undang Dasar Negara Republik Indonesia Tahun 1945,Menganalisis dinamika pemberlakuan Undang-Undang Dasar 1945; menunjukkan sikap demokratis berdasarkan Undang-Undang Dasar Negara Republik Indonesia Tahun 1945 dalam era keterbukaan informasi; menganalisis kasus pelanggaran hak dan pengingkaran kewajiban warga negara dan merumuskan solusi dari permasalahan tersebut sebagai upaya perlindungan hukum; menganalisis makna kesatuan Pancasila dengan Undang-Undang Dasar Negara Republik Indonesia Tahun 1945.,AUTO-119,https://kurikulum.kemendikdasmen.go.id/service/download.php?kategori=rujukan&id=119,extracted_machine
LO-PENDIDIKAN-PANCASILA-F-6.3,SMA,F,Pendidikan Pancasila,Bhinneka Tunggal Ika,Menganalisis potensi konflik dan memberi solusi yang berkeadilan terhadap permasalahan keberagaman di masyarakat; merancang kegiatan bersama dengan prinsip gotong royong dalam praktik hidup sehari-hari.,AUTO-119,https://kurikulum.kemendikdasmen.go.id/service/download.php?kategori=rujukan&id=119,extracted_machine
LO-PENDIDIKAN-PANCASILA-F-6.4,SMA,F,Pendidikan Pancasila,Negara Kesatuan Republik Indonesia,"Mendemonstrasikan praktik demokrasi berlandaskan Pancasila dalam kehidupan berbangsa dan bernegara; menganalisis dan merumuskan solusi terkait ancaman, tantangan, hambatan, dan gangguan (ATHG) yang dihadapi Indonesia; menganalisis sistem pemerintahan Indonesia, dan peran lembaga-lembaga negara dalam bidang politik, ekonomi, sosial, budaya, pertahanan dan keamanan.",AUTO-119,https://kurikulum.kemendikdasmen.go.id/service/download.php?kategori=rujukan&id=119,extracted_machine
LO-BAHASA-INDONESIA-A-1.1,SD,A,Bahasa Indonesia,Menyimak,"Memahami informasi dari teks nonsastra berbentuk teks aural (teks yang dibacakan dan/atau didengarkan) berupa percakapan yang berkaitan dengan diri, keluarga, dan/atau lingkungan sekitar; dan memahami pesan teks sastra berbentuk teks aural.",AUTO-119,https://kurikulum.kemendikdasmen.go.id/service/download.php?kategori=rujukan&id=119,extracted_machine
LO-BAHASA-INDONESIA-A-1.2,SD,A,Bahasa Indonesia,Membaca dan Memirsa,"Membaca kata-kata sederhana dengan fasih dari bacaan dan/atau tayangan yang dipirsa tentang diri, keluarga, kesehatan, dan/atau lingkungan sekitar; dan memahami isi bacaan dan/atau tayangan yang dipirsa tentang diri, keluarga, kesehatan, dan/atau lingkungan sekitar.",AUTO-119,https://kurikulum.kemendikdasmen.go.id/service/download.php?kategori=rujukan&id=119,extracted_machine
LO-BAHASA-INDONESIA-A-1.3,SD,A,Bahasa Indonesia,Berbicara dan Mempresentasikan,"Merespons dengan bertanya tentang sesuatu, menjawab, dan menanggapi komentar orang lain (teman, pendidik, dan/atau orang dewasa) dengan baik dan santun dalam suatu percakapan tentang diri, keluarga, kesehatan, dan/atau lingkungan sekitar; mengungkapkan perasaan dan gagasan secara lisan dengan atau tanpa bantuan gambar; dan menceritakan kembali isi berbagai tipe teks yang dibaca, dipirsa, atau didengar tentang diri, keluarga, kesehatan, dan/atau lingkungan sekitar.",AUTO-119,https://kurikulum.kemendikdasmen.go.id/service/download.php?kategori=rujukan&id=119,extracted_machine
LO-BAHASA-INDONESIA-A-1.4,SD,A,Bahasa Indonesia,Menulis,"Menulis permulaan dengan benar di atas kertas dan/atau melalui media digital; mengembangkan tulisan tangan yang semakin baik; dan menulis berbagai tipe teks sederhana tentang diri, keluarga, dan/atau lingkungan sekitar dengan beberapa kalimat sederhana.",AUTO-119,https://kurikulum.kemendikdasmen.go.id/service/download.php?kategori=rujukan&id=119,extracted_machine
LO-BAHASA-INDONESIA-B-2.1,SD,B,Bahasa Indonesia,Menyimak,Memahami ide pokok suatu informasi dari teks nonsastra berbentuk teks aural (teks yang dibacakan dan/atau didengarkan); dan memahami isi teks sastra berbentuk teks aural.,AUTO-119,https://kurikulum.kemendikdasmen.go.id/service/download.php?kategori=rujukan&id=119,extracted_machine
LO-BAHASA-INDONESIA-B-2.2,SD,B,Bahasa Indonesia,Membaca dan Memirsa,"Membaca kata-kata baru dengan fasih dari bacaan dan/atau tayangan yang dipirsa; dan memahami ide pokok, ide pendukung, pesan, dan informasi dalam teks sastra dan nonsastra berbentuk cetak dan/atau elektronik.",AUTO-119,https://kurikulum.kemendikdasmen.go.id/service/download.php?kategori=rujukan&id=119,extracted_machine
LO-BAHASA-INDONESIA-B-2.3,SD,B,Bahasa Indonesia,Berbicara dan Mempresentasikan,"Menyajikan pendapat dengan pilihan kata dan sikap tubuh/gestur yang sesuai, menggunakan volume dan intonasi yang tepat sesuai konteks; dan menceritakan kembali isi dan/atau informasi dari berbagai tipe teks yang dibaca, dipirsa, atau menanggapi diskusi sesuai tata cara; didengar.",AUTO-119,https://kurikulum.kemendikdasmen.go.id/service/download.php?kategori=rujukan&id=119,extracted_machine
LO-BAHASA-INDONESIA-B-2.4,SD,B,Bahasa Indonesia,Menulis,Menulis berbagai tipe teks sederhana dengan rangkaian kalimat yang beragam; dan menggunakan kaidah kebahasaan dan kosakata baru yang memiliki makna denotatif untuk menulis teks sesuai dengan konteks.,AUTO-119,https://kurikulum.kemendikdasmen.go.id/service/download.php?kategori=rujukan&id=119,extracted_machine
LO-BAHASA-INDONESIA-C-3.1,SD,C,Bahasa Indonesia,Menyimak,Menganalisis informasi dari teks nonsastra berbentuk teks aural (teks yang dibacakan dan/atau didengarkan; dan menganalisis isi teks sastra berbentuk teks aural.,AUTO-119,https://kurikulum.kemendikdasmen.go.id/service/download.php?kategori=rujukan&id=119,extracted_machine
LO-BAHASA-INDONESIA-C-3.2,SD,C,Bahasa Indonesia,Membaca dan Memirsa,Membaca kata-kata dengan berbagai pola kombinasi huruf dengan fasih dari bacaan dan/atau tayangan yang dipirsa; dan menganalisis informasi serta nilai-nilai dalam teks sastra dan nonsastra berwujud teks visual dan/atau audiovisual.,AUTO-119,https://kurikulum.kemendikdasmen.go.id/service/download.php?kategori=rujukan&id=119,extracted_machine
LO-BAHASA-INDONESIA-C-3.3,SD,C,Bahasa Indonesia,Berbicara dan Mempresentasikan,"Mempresentasikan gagasan dari berbagai tipe dan fakta, imajinasi (dari diri sendiri dan orang lain) secara indah dan menarik dalam bentuk teks sastra teks dengan efektif dan santun; menyampaikan perasaan berdasarkan dengan penggunaan kosakata secara kreatif.",AUTO-119,https://kurikulum.kemendikdasmen.go.id/service/download.php?kategori=rujukan&id=119,extracted_machine
LO-BAHASA-INDONESIA-C-3.4,SD,C,Bahasa Indonesia,Menulis,"Menulis berbagai tipe teks sederhana berdasarkan gagasan, hasil pengamatan, pengalaman, dan/atau imajinasi dengan rangkaian kalimat kompleks secara kreatif, menarik, dan/atau indah; dan menggunakan kaidah kebahasaan dan kosakata baru yang memiliki makna denotatif dan konotatif.",AUTO-119,https://kurikulum.kemendikdasmen.go.id/service/download.php?kategori=rujukan&id=119,extracted_machine
LO-BAHASA-INDONESIA-D-4.1,SMP,D,Bahasa Indonesia,Menyimak,"Menganalisis gagasan, pandangan, arahan, dan/atau pesan dari teks nonsastra berbentuk teks aural (teks yang dibacakan dan/atau didengarkan); dan menganalisis unsur intrinsik teks sastra berbentuk teks aural.",AUTO-119,https://kurikulum.kemendikdasmen.go.id/service/download.php?kategori=rujukan&id=119,extracted_machine
LO-BAHASA-INDONESIA-D-4.2,SMP,D,Bahasa Indonesia,Membaca dan Memirsa,"Menganalisis informasi berupa gagasan, pandangan, arahan, dan/atau pesan dari berbagai tipe teks berwujud teks visual dan/atau audiovisual untuk menemukan makna yang tersurat dan tersirat; menginterpretasi informasi untuk mengungkapkan kepedulian dan/atau pendapat pro/kontra dari berbagai tipe teks berwujud teks visual dan/atau audiovisual; dan mengevaluasi kualitas dan/atau kredibilitas dari berbagai tipe teks berwujud teks visual dan/atau audiovisual menggunakan sumber informasi lain.",AUTO-119,https://kurikulum.kemendikdasmen.go.id/service/download.php?kategori=rujukan&id=119,extracted_machine
LO-BAHASA-INDONESIA-D-4.3,SMP,D,Bahasa Indonesia,Berbicara dan Mempresentasikan,"Mempresentasikan gagasan, pandangan, arahan, dan/atau pesan untuk tujuan pengajuan usul dan pemberian solusi dalam bentuk monolog, dialog logis, dan/atau berbagai tipe teks secara kritis dan kreatif; dan menyajikan ungkapan kepedulian dari berbagai tipe teks dan/atau teks multimodal.",AUTO-119,https://kurikulum.kemendikdasmen.go.id/service/download.php?kategori=rujukan&id=119,extracted_machine
LO-BAHASA-INDONESIA-D-4.4,SMP,D,Bahasa Indonesia,Menulis,"Menulis gagasan, pandangan, arahan, pesan, pengalaman, dan/atau imajinasi dalam berbagai tipe teks secara logis, kritis, kreatif, menarik, dan/atau indah; menulis ungkapan kepedulian dan/atau pendapat pro/kontra dalam berbagai tipe teks berbentuk teks multimodal; dan menggunakan kosakata baru yang memiliki makna denotatif, konotatif, dan kiasan untuk menulis.",AUTO-119,https://kurikulum.kemendikdasmen.go.id/service/download.php?kategori=rujukan&id=119,extracted_machine
LO-BAHASA-INDONESIA-E-5.1,SMA,E,Bahasa Indonesia,Menyimak,"Mengevaluasi gagasan, pandangan, arahan, dan/atau pesan dari teks nonsastra berbentuk teks aural (teks yang dibacakan dan/atau didengarkan); dan mengevaluasi unsur intrinsik dan ekstrinsik teks sastra berbentuk teks aural.",AUTO-119,https://kurikulum.kemendikdasmen.go.id/service/download.php?kategori=rujukan&id=119,extracted_machine
LO-BAHASA-INDONESIA-E-5.2,SMA,E,Bahasa Indonesia,Membaca dan Memirsa,"Mengevaluasi informasi berupa gagasan, pandangan, arahan, dan/atau pesan dari berbagai tipe teks berwujud visual dan/atau audiovisual untuk menemukan makna yang tersurat dan tersirat; menginterpretasi informasi untuk mengungkapkan gagasan dan perasaan (simpati, peduli, dan empati) dari berbagai tipe teks berwujud teks visual dan/atau audiovisual secara kreatif; mengevaluasi kualitas dan/atau kredibilitas dari berbagai tipe teks berwujud teks visual dan/atau audiovisual menggunakan sumber informasi lain; dan membandingkan isi teks.",AUTO-119,https://kurikulum.kemendikdasmen.go.id/service/download.php?kategori=rujukan&id=119,extracted_machine
LO-BAHASA-INDONESIA-E-5.3,SMA,E,Bahasa Indonesia,Berbicara dan Mempresentasikan,"Mempresentasikan gagasan, pandangan, arahan, dan/atau pesan berbagai tipe teks berbentuk monolog, dialog, dan/atau gelar wicara secara sistematis, kritis, dan/atau kreatif; dan mengungkapkan kepedulian dari berbagai tipe teks dan/atau teks multimodal secara kreatif.",AUTO-119,https://kurikulum.kemendikdasmen.go.id/service/download.php?kategori=rujukan&id=119,extracted_machine
LO-BAHASA-INDONESIA-E-5.4,SMA,E,Bahasa Indonesia,Menulis,"Menulis gagasan, pandangan, arahan, pesan, dan/atau imajinasi dalam berbagai tipe teks secara logis, kritis, dan kreatif; dan memublikasikan hasil karya di media cetak, elektronik, dan/atau digital.",AUTO-119,https://kurikulum.kemendikdasmen.go.id/service/download.php?kategori=rujukan&id=119,extracted_machine
LO-BAHASA-INDONESIA-F-6.1,SMA,F,Bahasa Indonesia,Menyimak,"Mengevaluasi gagasan, perasaan, pandangan, arahan, dan/atau pesan dari teks nonsastra berbentuk teks aural (teks yang dibacakan dan/atau didengarkan); dan mengapresiasi teks sastra berbentuk teks aural.",AUTO-119,https://kurikulum.kemendikdasmen.go.id/service/download.php?kategori=rujukan&id=119,extracted_machine
LO-BAHASA-INDONESIA-F-6.2,SMA,F,Bahasa Indonesia,Membaca dan Memirsa,"Mengevaluasi informasi berupa gagasan, perasaan, pandangan, arahan, dan/atau pesan dari berbagai tipe teks berwujud teks visual dan/atau audiovisual untuk menemukan makna yang tersurat dan tersirat berdasarkan kaidah logika berpikir; merefleksi gagasan dan pandangan berdasarkan kaidah logika berpikir dari berbagai tipe teks berwujud teks visual dan/atau audiovisual; dan mengapresiasi berbagai tipe teks berwujud teks visual dan/atau audiovisual.",AUTO-119,https://kurikulum.kemendikdasmen.go.id/service/download.php?kategori=rujukan&id=119,extracted_machine
LO-BAHASA-INDONESIA-F-6.3,SMA,F,Bahasa Indonesia,Berbicara dan Mempresentasikan,"Mempresentasikan gagasan, perasaan, pandangan, arahan, pesan, dan/atau kreativitas berbahasa dalam berbagai tipe teks berbentuk monolog, dialog, dan/atau gelar wicara dan/atau berbagai tipe teks secara logis, sistematis, kritis, dan kreatif sesuai dengan norma kesopanan dan budaya Indonesia; menyajikan karya sastra secara kreatif dan menarik; dan mempertahankan hasil penelitian dengan argumentasi.",AUTO-119,https://kurikulum.kemendikdasmen.go.id/service/download.php?kategori=rujukan&id=119,extracted_machine
LO-BAHASA-INDONESIA-F-6.4,SMA,F,Bahasa Indonesia,Menulis,"Menulis gagasan, pandangan, imajinasi, dan/atau pengetahuan metakognisi dalam berbagai tipe teks secara logis, kritis, dan kreatif; dan mempublikasikan hasil karya di media cetak, elektronik, dan/atau digital.",AUTO-119,https://kurikulum.kemendikdasmen.go.id/service/download.php?kategori=rujukan&id=119,extracted_machine
LO-MATEMATIKA-A-1.1,SD,A,Matematika,Bilangan,"Menunjukkan pemahaman dan memiliki intuisi bilangan ( number sense ) pada bilangan cacah sampai 100; membaca, menulis, menentukan nilai tempat, membandingkan, mengurutkan, serta melakukan komposisi (menyusun) dan dekomposisi (mengurai) bilangan; melakukan operasi penjumlahan dan pengurangan menggunakan benda-benda konkret yang banyaknya sampai 20; dan menunjukkan pemahaman pecahan sebagai bagian dari keseluruhan melalui konteks membagi sebuah benda atau kumpulan benda sama banyak (pecahan yang diperkenalkan adalah setengah dan seperempat).",AUTO-119,https://kurikulum.kemendikdasmen.go.id/service/download.php?kategori=rujukan&id=119,extracted_machine
LO-MATEMATIKA-A-1.2,SD,A,Matematika,Aljabar,"Menunjukan pemahaman makna simbol matematika ""="" dalam suatu kalimat matematika yang terkait dengan penjumlahan dan pengurangan bilangan cacah sampai 20 menggunakan gambar. Contoh: Murid dapat mengenali, meniru, dan melanjutkan pola bukan bilangan (misalnya, gambar, warna, bunyi/suara).",AUTO-119,https://kurikulum.kemendikdasmen.go.id/service/download.php?kategori=rujukan&id=119,extracted_machine
LO-MATEMATIKA-A-1.3,SD,A,Matematika,Pengukuran,"Membandingkan panjang dan berat benda secara langsung, dan membandingkan durasi waktu; mengukur dan mengestimasi panjang dan berat benda menggunakan satuan tidak baku.",AUTO-119,https://kurikulum.kemendikdasmen.go.id/service/download.php?kategori=rujukan&id=119,extracted_machine
LO-MATEMATIKA-A-1.4,SD,A,Matematika,Geometri,"Mengenal berbagai bangun datar (segitiga, segiempat, segi banyak, lingkaran) dan bangun ruang (balok, kubus, kerucut, dan bola); melakukan komposisi (penyusunan) dan dekomposisi (penguraian) suatu bangun datar (segitiga, segiempat, dan segi banyak); dan menentukan posisi benda terhadap benda lain (kanan, kiri, depan belakang, bawah, atas).",AUTO-119,https://kurikulum.kemendikdasmen.go.id/service/download.php?kategori=rujukan&id=119,extracted_machine
LO-MATEMATIKA-A-1.5,SD,A,Matematika,Analisis Data dan Peluang,"Mengurutkan, menyortir, mengelompokkan, membandingkan, dan menyajikan data dari banyak benda dengan menggunakan turus dan piktogram paling banyak 4 kategori.",AUTO-119,https://kurikulum.kemendikdasmen.go.id/service/download.php?kategori=rujukan&id=119,extracted_machine
LO-MATEMATIKA-B-2.1,SD,B,Matematika,Bilangan,"Memiliki pemahaman dan intuisi bilangan ( number sense ) pada bilangan cacah sampai 10.000; membaca, menulis, membandingkan, dan mengurutkan bilangan; menentukan dan menggunakan nilai tempat; melakukan komposisi dan dekomposisi bilangan cacah sampai 10.000. Murid dapat melakukan dan menyelesaikan masalah operasi bilangan penjumlahan dan pengurangan bilangan cacah sampai 1.000; melakukan dan menyelesaikan masalah operasi perkalian dan pembagian bilangan cacah sampai 100 dengan bantuan benda konkret, gambar dan simbol; mengenal kelipatan dan faktor. Murid dapat melakukan perbandingan dan pengurutan pecahan dengan pembilang satu dan antar pecahan dengan penyebut yang sama; mengenal dan dapat menerapkan pecahan senilai, memiliki intuisi pecahan dan desimal, serta dapat menentukan pecahan sebagai desimal dan persen.",AUTO-119,https://kurikulum.kemendikdasmen.go.id/service/download.php?kategori=rujukan&id=119,extracted_machine
LO-MATEMATIKA-B-2.2,SD,B,Matematika,Aljabar,"Menemukan nilai yang tidak diketahui dalam kalimat matematika yang melibatkan penjumlahan dan pengurangan pada bilangan cacah sampai 100, dengan menggunakan sifat-sifat bilangan dan operasinya. Murid dapat mengidentifikasi, meniru, dan mengembangkan pola gambar atau objek sederhana dan pola bilangan membesar dan mengecil yang dapat melibatkan penjumlahan dan pengurangan pada bilangan cacah sampai 100.",AUTO-119,https://kurikulum.kemendikdasmen.go.id/service/download.php?kategori=rujukan&id=119,extracted_machine
LO-MATEMATIKA-B-2.3,SD,B,Matematika,Pengukuran,"Mengukur panjang dan berat benda menggunakan satuan baku; menentukan hubungan antar-satuan baku panjang (cm, m) dan antar-satuan berat (g, kg); serta mengukur dan mengestimasi luas dan volume menggunakan satuan tidak baku dan satuan baku berupa bilangan cacah.",AUTO-119,https://kurikulum.kemendikdasmen.go.id/service/download.php?kategori=rujukan&id=119,extracted_machine
LO-MATEMATIKA-B-2.4,SD,B,Matematika,Geometri,"Mendeskripsikan ciri berbagai bentuk bangun datar (segiempat, segitiga, segi banyak); menyusun (komposisi) dan mengurai (dekomposisi) berbagai bangun datar dengan lebih dari satu cara jika memungkinkan.",AUTO-119,https://kurikulum.kemendikdasmen.go.id/service/download.php?kategori=rujukan&id=119,extracted_machine
LO-MATEMATIKA-B-2.5,SD,B,Matematika,Analisis Data dan Peluang,"Mengurutkan, membandingkan, menyajikan, menganalisis dan menginterpretasi data dalam bentuk tabel, diagram gambar, piktogram, dan diagram batang (skala satu satuan).",AUTO-119,https://kurikulum.kemendikdasmen.go.id/service/download.php?kategori=rujukan&id=119,extracted_machine
LO-MATEMATIKA-C-3.1,SD,C,Matematika,Bilangan,"Menunjukkan pemahaman dan intuisi bilangan ( number sense ) pada bilangan cacah sampai 1.000.000; membaca, menulis, menentukan nilai tempat, membandingkan, mengurutkan, melakukan komposisi dan dekomposisi bilangan; menyelesaikan masalah yang berkaitan dengan uang; melakukan operasi penjumlahan, pengurangan, perkalian, dan pembagian bilangan cacah sampai 100.000; serta menyelesaikan masalah yang berkaitan dengan KPK dan FPB. Murid dapat membandingkan dan mengurutkan berbagai pecahan termasuk pecahan campuran, melakukan operasi penjumlahan dan pengurangan pecahan, serta melakukan operasi perkalian dan pembagian pecahan dengan bilangan asli; mengubah pecahan menjadi berbagai bentuk pecahan lain, serta",AUTO-119,https://kurikulum.kemendikdasmen.go.id/service/download.php?kategori=rujukan&id=119,extracted_machine
LO-MATEMATIKA-C-3.3,SD,C,Matematika,,membandingkan dan mengurutkan bilangan desimal (satu angka di belakang koma).,AUTO-119,https://kurikulum.kemendikdasmen.go.id/service/download.php?kategori=rujukan&id=119,extracted_machine
LO-MATEMATIKA-C-3.2,SD,C,Matematika,Aljabar,"Menemukan nilai yang belum diketahui dalam kalimat matematika yang melibatkan penjumlahan, pengurangan, perkalian, dan pembagian pada bilangan cacah sampai 1000 dengan menggunakan sifat-sifat bilangan dan operasinya. Murid dapat mengidentifikasi, meniru, dan mengembangkan pola bilangan membesar dan mengecil yang melibatkan perkalian dan pembagian; bernalar secara proporsional untuk menyelesaikan masalah sehari-hari dengan rasio satuan; menggunakan operasi perkalian dan pembagian dalam menyelesaikan masalah sehari- hari yang terkait dengan proporsi. Pengukuran Menentukan keliling dan luas berbagai bentuk bangun datar (segitiga, segiempat, dan segi banyak) serta gabungannya; menghitung durasi waktu dan mengukur besar sudut pada bangun datar atau yang dibentuk dari dua garis berpotongan.",AUTO-119,https://kurikulum.kemendikdasmen.go.id/service/download.php?kategori=rujukan&id=119,extracted_machine
LO-MATEMATIKA-C-3.4,SD,C,Matematika,Geometri,"Mengkonstruksi dan mengurai bangun ruang (kubus, balok, dan gabungannya) dan mengenali visualisasi spasial (bagian depan, atas, dan samping); membandingkan karakteristik antar bangun datar dan antar bangun ruang; serta menentukan lokasi pada peta yang menggunakan sistem berpetak.",AUTO-119,https://kurikulum.kemendikdasmen.go.id/service/download.php?kategori=rujukan&id=119,extracted_machine
LO-MATEMATIKA-C-3.5,SD,C,Matematika,Analisis Data dan Peluang,"Mengurutkan, membandingkan, menyajikan, dan menganalisis data banyak benda dan data hasil pengukuran dalam bentuk gambar, piktogram, diagram batang, dan tabel frekuensi untuk mendapatkan informasi; menentukan kejadian dengan kemungkinan yang lebih besar atau lebih kecil dalam suatu percobaan acak.",AUTO-119,https://kurikulum.kemendikdasmen.go.id/service/download.php?kategori=rujukan&id=119,extracted_machine
LO-MATEMATIKA-D-4.1,SMP,D,Matematika,Bilangan,"Membaca, menulis, dan membandingkan bilangan bulat, bilangan rasional, bilangan desimal, bilangan berpangkat bulat dan akar, bilangan dalam notasi ilmiah; menerapkan operasi aritmatika pada bilangan real, dan memberikan estimasi/perkiraan dalam menyelesaikan masalah (termasuk berkaitan dengan literasi finansial). Murid dapat menggunakan rasio (skala, proporsi, dan laju perubahan) dalam penyelesaian masalah.",AUTO-119,https://kurikulum.kemendikdasmen.go.id/service/download.php?kategori=rujukan&id=119,extracted_machine
LO-MATEMATIKA-D-4.2,SMP,D,Matematika,Aljabar,"Mengenali, memprediksi dan menggeneralisasi pola dalam bentuk susunan benda dan bilangan; Menyatakan suatu situasi ke dalam bentuk aljabar; menggunakan sifat-sifat operasi (komutatif, asosiatif, dan distributif) untuk menghasilkan bentuk aljabar yang ekuivalen. Murid dapat memahami relasi dan fungsi (domain, kodomain, range) serta menyajikannya dalam bentuk diagram panah, tabel, himpunan pasangan berurutan, dan grafik; membedakan beberapa fungsi non linear dari fungsi linear secara grafik; menyelesaikan persamaan dan pertidaksamaan linear satu variabel; menyajikan, menganalisis, dan menyelesaikan masalah dengan menggunakan relasi, fungsi dan persamaan linear; serta menyelesaikan sistem persaman linear dua variabel melalui beberapa cara untuk penyelesaian masalah.",AUTO-119,https://kurikulum.kemendikdasmen.go.id/service/download.php?kategori=rujukan&id=119,extracted_machine
LO-MATEMATIKA-D-4.3,SMP,D,Matematika,Pengukuran,"Menentukan keliling, luas, panjang busur, sudut dan luas juring lingkaran, serta menyelesaikan masalah yang terkait; menjelaskan cara untuk menentukan luas permukaan dan volume bangun ruang (prisma, tabung, bola, limas dan kerucut) dan menyelesaikan masalah yang terkait; dan menjelaskan pengaruh perubahan secara proporsional dari bangun datar dan bangun ruang terhadap ukuran panjang, besar sudut, luas, dan/atau volume.",AUTO-119,https://kurikulum.kemendikdasmen.go.id/service/download.php?kategori=rujukan&id=119,extracted_machine
LO-MATEMATIKA-D-4.4,SMP,D,Matematika,Geometri,"Membuat jaring-jaring bangun ruang (prisma, tabung, limas dan kerucut) dan membuat bangun ruang dari jaring-jaringnya. Murid dapat menggunakan hubungan antar-sudut yang terbentuk oleh dua garis yang berpotongan, dan oleh dua garis sejajar yang dipotong sebuah garis transversal untuk menyelesaikan masalah (termasuk menentukan jumlah besar sudut dalam sebuah segitiga, menentukan besar sudut yang belum diketahui pada sebuah segitiga); menjelaskan sifat-sifat kekongruenan dan kesebangunan pada segitiga dan segiempat, dan menggunakannya untuk menyelesaikan masalah; menunjukkan kebenaran teorema Pythagoras dan menggunakannya dalam menyelesaikan masalah (termasuk pengenalan bilangan irasional dan jarak antara dua titik pada bidang koordinat Kartesius). Murid dapat melakukan transformasi tunggal (refleksi, translasi, rotasi, dan dilatasi) titik, garis, dan bangun datar pada bidang koordinat Kartesius dan menggunakannya untuk menyelesaikan masalah.",AUTO-119,https://kurikulum.kemendikdasmen.go.id/service/download.php?kategori=rujukan&id=119,extracted_machine
LO-MATEMATIKA-D-4.5,SMP,D,Matematika,Analisis Data dan Peluang,"Merumuskan pertanyaan, mengumpulkan, menyajikan, dan menganalisis data untuk menjawab pertanyaan dari situasi atau masalah; menggunakan diagram batang dan diagram lingkaran untuk menyajikan dan menginterpretasi data; mengambil sampel yang mewakili suatu populasi untuk mendapatkan data yang terkait dengan diri dan lingkungan mereka; menentukan dan menafsirkan rerata ( mean ), median, modus, dan jangkauan ( range ) dari data tersebut untuk menyelesaikan masalah (termasuk membandingkan suatu data terhadap kelompoknya, membandingkan dua kelompok data, memprediksi, membuat keputusan); menyelidiki kemungkinan adanya perubahan pengukuran pusat tersebut akibat perubahan data. Murid dapat menjelaskan dan menggunakan pengertian peluang dan frekuensi relatif untuk menentukan frekuensi harapan satu kejadian pada suatu percobaan sederhana (semua hasil percobaan dapat muncul secara merata).",AUTO-119,https://kurikulum.kemendikdasmen.go.id/service/download.php?kategori=rujukan&id=119,extracted_machine
LO-MATEMATIKA-E-5.1,SMA,E,Matematika,Bilangan,"Menggeneralisasi sifat-sifat bilangan berpangkat (termasuk bilangan pangkat pecahan), dan menggunakannya untuk menyelesaikan masalah.",AUTO-119,https://kurikulum.kemendikdasmen.go.id/service/download.php?kategori=rujukan&id=119,extracted_machine
LO-MATEMATIKA-E-5.2,SMA,E,Matematika,Aljabar dan Fungsi,"Menyelesaikan masalah yang berkaitan dengan sistem pertidaksamaan linear dua variabel; menyelesaikan masalah yang berkaitan dengan persamaan dan fungsi kuadrat (termasuk akar imajiner), serta persamaan eksponensial (berbasis/ bilangan pokok sama) dan fungsi eksponensial.",AUTO-119,https://kurikulum.kemendikdasmen.go.id/service/download.php?kategori=rujukan&id=119,extracted_machine
LO-MATEMATIKA-E-5.3,SMA,E,Matematika,Geometri,"Mengaplikasikan perbandingan trigonometri (sinus, cosinus, tangen) dari sudut lancip.",AUTO-119,https://kurikulum.kemendikdasmen.go.id/service/download.php?kategori=rujukan&id=119,extracted_machine
LO-MATEMATIKA-E-5.4,SMA,E,Matematika,Analisis Data dan Peluang,"Merepresentasikan dan menginterpretasi data dengan cara menentukan jangkauan kuartil dan interkuartil; membuat dan menginterpretasi diagram box plot dan menggunakannya untuk membandingkan himpunan data; menentukan dan menggunakan dari box plot , histogram dan dot plot sesuai dengan natur (karakteristik) data dan kebutuhan; menggunakan diagram pencar untuk menyelidiki dan menjelaskan hubungan antara dua variabel numerik/kuantitatif (termasuk salah satunya variabel bebas berupa waktu); serta mengevaluasi laporan statistika di media berdasarkan tampilan, statistika dan representasi data, termasuk yang disajikan dalam bentuk matriks.",AUTO-119,https://kurikulum.kemendikdasmen.go.id/service/download.php?kategori=rujukan&id=119,extracted_machine
LO-MATEMATIKA-F-6.1,SMA,F,Matematika,Bilangan,"Menjelaskan barisan dan deret (aritmetika dan geometri), menerapkannya pada beragam masalah terutama masalah bunga tunggal dan majemuk, memodelkan pinjaman dan investasi dengan bunga majemuk dan anuitas, serta menyelidiki (secara numerik atau grafis) pengaruh masing-masing parameter (suku bunga, periode pembayaran) dalam model tersebut.",AUTO-119,https://kurikulum.kemendikdasmen.go.id/service/download.php?kategori=rujukan&id=119,extracted_machine
LO-MATEMATIKA-F-6.2,SMA,F,Matematika,Aljabar dan Fungsi,"Menentukan fungsi invers, komposisi fungsi, dan transformasi fungsi untuk memodelkan situasi dunia nyata menggunakan fungsi yang sesuai (linear, kuadrat, eksponensial).",AUTO-119,https://kurikulum.kemendikdasmen.go.id/service/download.php?kategori=rujukan&id=119,extracted_machine
LO-MATEMATIKA-F-6.3,SMA,F,Matematika,Geometri,"Menerapkan, mengidentifikasi dan menjelaskan hubungan antara unsur-unsur lingkaran untuk menyelesaikan masalah.",AUTO-119,https://kurikulum.kemendikdasmen.go.id/service/download.php?kategori=rujukan&id=119,extracted_machine
LO-MATEMATIKA-F-6.4,SMA,F,Matematika,Analisis Data dan Peluang,"Melakukan proses penyelidikan statistika untuk mengidentifikasi dan menjelaskan asosiasi antara dua variabel kategorikal (kualitatif) dan antara dua variabel numerikal (kuantitatif); memperkirakan model linear terbaik ( best fit linear ) pada data numerikal (kuantitatif); membedakan hubungan asosiasi dan sebab-akibat; menjelaskan peluang dan menentukan frekuensi harapan dari kejadian majemuk; menyelidiki konsep dari kejadian saling bebas dan saling lepas, dan menentukan peluangnya; serta memahami konsep peluang bersyarat dan kejadian yang saling bebas menggunakan konsep permutasi dan kombinasi.",AUTO-119,https://kurikulum.kemendikdasmen.go.id/service/download.php?kategori=rujukan&id=119,extracted_machine
LO-BAHASA-INGGRIS-B-1.1,SD,B,Bahasa Inggris,Menyimak - Berbicara ( Listening - Speaking ),Memahami dan merespon teks lisan atau teks multimodal sederhana tentang kehidupan sehari-hari baik secara verbal atau non-verbal sesuai konteks. (understand and respond to simple oral or multimodal texts about everyday life verbally or non-verbally in line with its context),AUTO-119,https://kurikulum.kemendikdasmen.go.id/service/download.php?kategori=rujukan&id=119,extracted_machine
LO-BAHASA-INGGRIS-B-1.2,SD,B,Bahasa Inggris,Membaca - Memirsa ( Reading - Viewing ),Memahami teks tulis pendek sederhana atau teks multimodal tentang kehidupan sehari-hari dan meresponsnya secara verbal atau non-verbal sesuai konteks. (Understand simple short texts or multimodal texts about everyday life and respond to them verbally or non-verbally in line with its context),AUTO-119,https://kurikulum.kemendikdasmen.go.id/service/download.php?kategori=rujukan&id=119,extracted_machine
LO-BAHASA-INGGRIS-B-1.3,SD,B,Bahasa Inggris,Menulis -Mempresentasikan ( Writing -Presenting ),Mengomunikasikan gagasan tentang topik sehari-hari dalam teks tulis pendek atau teks multimodal sesuai konteks. (Communicate their ideas on everyday life topics in simple written or multimodal texts in line with its context),AUTO-119,https://kurikulum.kemendikdasmen.go.id/service/download.php?kategori=rujukan&id=119,extracted_machine
LO-BAHASA-INGGRIS-C-2.1,SD,C,Bahasa Inggris,Menyimak - Berbicara ( Listening - Writing ),Memahami alur informasi teks secara keseluruhan dan merespon teks lisan atau teks multimodal sederhana tentang topik sehari-hari secara lisan dengan kalimat pendek dan sederhana sesuai konteks. (Understand the entire flow of information and respond to simple oral or multimodal texts about everyday topics using short and simple sentences verbally in line with its context),AUTO-119,https://kurikulum.kemendikdasmen.go.id/service/download.php?kategori=rujukan&id=119,extracted_machine
LO-BAHASA-INGGRIS-C-2.2,SD,C,Bahasa Inggris,Membaca - Memirsa ( Reading - Viewing ),"Memahami alur informasi secara keseluruhan, gagasan utama dan informasi rinci dari beragam teks pendek atau teks multimodal tentang topik sehari-hari dan meresponnya sesuai konteks. (Understand the entire flow of information, main ideas and details from a variety of short texts or multimodal texts about everyday topics and respond in line with its context)",AUTO-119,https://kurikulum.kemendikdasmen.go.id/service/download.php?kategori=rujukan&id=119,extracted_machine
LO-BAHASA-INGGRIS-C-2.3,SD,C,Bahasa Inggris,Menulis -Mempresentasikan ( Writing -Presenting ),Mengomunikasikan ide dan pengalamannya melalui berbagai jenis teks tulis sederhana atau teks multimodal tentang topik sehari-hari sesuai konteks. (Communicate their ideas and experiences through various types of simple written texts or multimodal texts about everyday topics in line with its context),AUTO-119,https://kurikulum.kemendikdasmen.go.id/service/download.php?kategori=rujukan&id=119,extracted_machine
LO-BAHASA-INGGRIS-D-3.1,SMP,D,Bahasa Inggris,Menyimak - Berbicara ( Listening - Speaking ),"Memahami alur informasi secara keseluruhan, gagasan utama dan informasi rinci dari teks lisan tentang topik sehari-hari atau yang sesuai dengan minat; menggunakan bahasa Inggris untuk mengungkapkan gagasan dan pengalaman dalam berbagai jenis teks secara lisan tentang topik yang dibahas dengan menggunakan kalimat sederhana dan majemuk baik formal maupun informal sesuai konteks. (Understand the entire flow of information, main ideas and details of oral texts about everyday topics or topics of interest; using English to express ideas and experiences in various types of texts orally about the topics discussed using simple and compound sentences, both formally and informally in line with its context) )",AUTO-119,https://kurikulum.kemendikdasmen.go.id/service/download.php?kategori=rujukan&id=119,extracted_machine
LO-BAHASA-INGGRIS-D-3.2,SMP,D,Bahasa Inggris,Membaca - Memirsa ( Reading - Viewing,"Memahami alur informasi, informasi tersurat dan tersirat dari berbagai jenis teks tertulis atau teks multimodal tentang topik sehari-hari atau yang sesuai dengan minat dan meresponnya sesuai konteks. (Understand the entire flow of information, explicit and implicit information from various types of written or multimodal texts about everyday topics or topics of interest and respond in line with its context)",AUTO-119,https://kurikulum.kemendikdasmen.go.id/service/download.php?kategori=rujukan&id=119,extracted_machine
LO-BAHASA-INGGRIS-D-3.3,SMP,D,Bahasa Inggris,Menulis,"-Mempresentasikan ( Writing - Presenting ) Mengomunikasikan gagasan dan pengalaman mereka dalam berbagai jenis teks secara tertulis atau teks multimodal tentang topik sehari-hari atau yang sesuai dengan minat dengan mulai menggunakan kalimat sederhana dan majemuk dengan struktur teks dan unsur kebahasaan yang tepat; mengungkapkan pendapat dan mempertahankan argumen tentang suatu isu terkait topik sehari-hari atau yang sesuai dengan minat. (Communicate their ideas and experiences in various types of texts, in written or multimodal texts, about everyday topics or topics of interest, by starting to use simple and compound sentences with appropriate text structures and language features; express their opinions and defend their arguments on issues related to daily topics or topics of interests)",AUTO-119,https://kurikulum.kemendikdasmen.go.id/service/download.php?kategori=rujukan&id=119,extracted_machine
LO-BAHASA-INGGRIS-E-4.1,SMA,E,Bahasa Inggris,Menyimak - Berbicara ( Listening - Speaking ),"Memahami alur informasi secara keseluruhan, gagasan utama dan detail dalam teks lisan fiksi dan non fiksi mengenai berbagai macam topik yang relevan dengan topik sehari-hari atau isu terkini; menggunakan bahasa Inggris untuk mengungkapkan pendapat dan mempertahankan argumen tentang topik yang dibahas. (Understand the entire flow of information, the main idea and details in fiction and nonfiction spoken texts about various topics relevant to everyday topics or current issues; using English to express their opinions and defend their arguments about the topics discussed)",AUTO-119,https://kurikulum.kemendikdasmen.go.id/service/download.php?kategori=rujukan&id=119,extracted_machine
LO-BAHASA-INGGRIS-E-4.2,SMA,E,Bahasa Inggris,Membaca - Memirsa ( Reading - Viewing ),"Memahami alur informasi secara keseluruhan, menganalisis dan menyimpulkan informasi tersurat dan tersirat dari berbagai jenis teks fiksi dan non fiksi tertulis atau teks multimodal tentang topik sehari-hari atau isu terkini. (Understand the entire flow of information, analyze and infer explicit and implicit information in fiction and nonfiction from written and multimodal texts about everyday topics or current issues) 4.3. Menulis-Mempresentasikan ( Writing - Presenting ) Mengomunikasikan gagasan dan pengalaman mereka secara tertulis atau multimodal dalam berbagai jenis teks fiksi dan nonfiksi dengan menggunakan berbagai media presentasi (cetak atau digital) untuk mencapai tujuan tertentu dengan struktur teks dan unsur kebahasaan yang tepat; mengungkapkan pendapat dan mempertahankan argumen tentang topik sehari-hari atau isu terkini. (Communicate their ideas and experiences in written or multimodal texts in fiction and nonfiction texts using different media of presentation (print and digital) to achieve specific goals with appropriate text structures and language features; express their opinions and defend their arguments about everyday topics or current issues)",AUTO-119,https://kurikulum.kemendikdasmen.go.id/service/download.php?kategori=rujukan&id=119,extracted_machine
LO-BAHASA-INGGRIS-F-5.1,SMA,F,Bahasa Inggris,Menyimak-Berbicara ( Listening-Speaking ),Memahami alur informasi secara keseluruhan dari teks lisan fiksi dan non fiksi tentang isu terkini atau topik terkait mata pelajaran lain; menggunakan bahasa Inggris untuk mengungkapkan pendapat dan mempertahankan argumen tentang topik yang dibahas. (Understand the entire flow of information in fiction and nonfiction spoken texts about current issues or topics related to other subjects; students use English to express their opinions and defend their arguments about the topics discussed) Mengevaluasi informasi tersurat dan tersirat dari berbagai jenis teks fiksi dan non fiksi tertulis atau teks multimodal tentang isu terkini atau Evaluate explicit and implicit information in fiction and nonfiction from written and multimodal texts about current issues or topics related to other subjects ),AUTO-119,https://kurikulum.kemendikdasmen.go.id/service/download.php?kategori=rujukan&id=119,extracted_machine
LO-BAHASA-INGGRIS-F-5.2,SMA,F,Bahasa Inggris,Membaca - Memirsa ( Reading - Viewing ) topik yang terkait mata pelajaran lain. (,,AUTO-119,https://kurikulum.kemendikdasmen.go.id/service/download.php?kategori=rujukan&id=119,extracted_machine
LO-BAHASA-INGGRIS-F-5.3,SMA,F,Bahasa Inggris,Menulis-Mempresentasikan ( Writing-Presenting ),"Mengomunikasikan gagasan atau pengalaman secara tertulis atau multimodal dalam berbagai jenis teks fiksi dan nonfiksi dengan struktur teks dan unsur kebahasaan yang tepat dan kompleks dengan menggunakan berbagai media presentasi (cetak dan digital) untuk mencapai tujuan yang berbeda-beda; menunjukkan strategi koreksi dalam kaidah menulis baik dengan bantuan pendidik maupun mandiri; mengungkapkan pendapat dan mempertahankan argumen tentang isu terkini atau topik yang terkait mata pelajaran lain. (Communicate ideas or experiences in written or multimodal texts in fiction and nonfiction texts with appropriate and complex text structures and language features, using different media of presentation (print and digital) to achieve different purposes; demonstrate correction strategies in writing conventions with the help of a teacher or independently; express their opinions and defend their arguments on current issues or topics related to other subjects)",AUTO-119,https://kurikulum.kemendikdasmen.go.id/service/download.php?kategori=rujukan&id=119,extracted_machine
LO-ILMU-PENGETAHUAN-ALAM-DAN-SOSIAL-IPAS-B-1.1,SD,B,Ilmu Pengetahuan Alam dan Sosial (ipas),Pemahaman IPAS,"Menjelaskan bentuk dan fungsi pancaindra; menganalisis siklus hidup makhluk hidup dan upaya pelestariannya; menghasilkan solusi untuk masalah yang berkaitan dengan pelestarian sumber daya alam sebagai upaya mitigasi perubahan iklim; menyimpulkan proses perubahan wujud zat; menjelaskan sumber dan bentuk energi, serta proses perubahan bentuk energi dalam kehidupan sehari-hari; membedakan jenis gaya dan pengaruhnya terhadap arah, gerak, dan bentuk benda; menjelaskan peran, tugas, dan tanggung jawab serta interaksi sosial yang terjadi di sekitar tempat tinggal dan sekolah; mengenali letak kabupaten/kota dan provinsi tempat tinggalnya dengan menggunakan peta konvensional/digital; mengklasifikasikan ragam bentang alam dan keterkaitannya dengan profesi masyarakat, ragam budaya serta upaya untuk melestarikannya; menganalisis sejarah masyarakat di lingkungan tempat tinggal; menjelaskan nilai mata uang dan fungsinya, serta cara mengelola keuangan secara bijak.",AUTO-119,https://kurikulum.kemendikdasmen.go.id/service/download.php?kategori=rujukan&id=119,extracted_machine
LO-ILMU-PENGETAHUAN-ALAM-DAN-SOSIAL-IPAS-B-1.2,SD,B,Ilmu Pengetahuan Alam dan Sosial (ipas),Keterampilan Proses,"Mampu menerapkan keterampilan proses yang meliputi: Mengamati Murid mengamati fenomena dan peristiwa secara sederhana dan dapat mencatat hasil pengamatannya. Mempertanyakan dan Memprediksi Secara mandiri, murid mengajukan pertanyaan tentang hal-hal yang ingin diketahui saat melakukan pengamatan dan membuat prediksi berdasarkan pengetahuan yang dimiliki sebelumnya. Merencanakan dan Melakukan Penyelidikan Dengan panduan pendidik, murid membuat rencana dan melakukan langkah-langkah operasional untuk menjawab pertanyaan yang diajukan. Murid melakukan observasi menggunakan alat bantu pengukuran sederhana. Memproses, Menganalisis Data dan Informasi Dengan panduan pendidik, murid mengorganisasikan data dalam bentuk turus dan diagram gambar untuk menyajikan dan mengidentifikasi pola. Murid membandingkan antara hasil pengamatan dengan prediksi dan memberikan penjelasan. Mengevaluasi dan Refleksi Murid melakukan refleksi terhadap penyelidikan yang sudah dilakukan. Mengomunikasikan Hasil Murid mengomunikasikan hasil penyelidikan secara lisan dan tertulis dalam berbagai media.",AUTO-119,https://kurikulum.kemendikdasmen.go.id/service/download.php?kategori=rujukan&id=119,extracted_machine
LO-ILMU-PENGETAHUAN-ALAM-DAN-SOSIAL-IPAS-C-2.1,SD,C,Ilmu Pengetahuan Alam dan Sosial (ipas),Pemahaman IPAS,"Merefleksikan sistem organ tubuh manusia yang dikaitkan dengan cara menjaga kesehatan tubuhnya; menganalisis hubungan antar komponen biotik dan abiotik, serta pengaruhnya terhadap ekosistem; menjelaskan fenomena gelombang bunyi dan cahaya dalam kehidupan sehari-hari; menghasilkan upaya penghematan energi, serta pemanfaatan sumber energi alternatif dari sumber daya yang ada di sekitarnya sebagai upaya mitigasi perubahan iklim; menjelaskan sistem tata surya, serta kaitannya dengan rotasi dan revolusi bumi; menjelaskan letak dan kondisi geografis negara Indonesia dengan menggunakan peta konvensional/digital; meninjau sejarah perjuangan para pahlawan di lingkungan sekitar tempat tinggalnya; menemukan keragaman budaya nasional dalam konteks kebhinekaan berdasarkan pemahaman terhadap nilai-nilai kearifan lokal yang berlaku di wilayah tempat tinggal; serta menerapkan kegiatan ekonomi masyarakat di lingkungan sekitar.",AUTO-119,https://kurikulum.kemendikdasmen.go.id/service/download.php?kategori=rujukan&id=119,extracted_machine
LO-ILMU-PENGETAHUAN-ALAM-DAN-SOSIAL-IPAS-C-2.2,SD,C,Ilmu Pengetahuan Alam dan Sosial (ipas),Keterampilan Proses,"Mampu menerapkan keterampilan proses yang meliputi: Mengamati Murid mengamati fenomena dan peristiwa secara sederhana, mencatat hasil pengamatannya, serta mencari persamaan dan perbedaannya. Mempertanyakan dan Memprediksi Dengan panduan pendidik, murid mengidentifikasi pertanyaan yang dapat diselidiki secara ilmiah dan membuat prediksinya. Merencanakan dan Melakukan Penyelidikan Secara mandiri, murid merencanakan dan melakukan langkah-langkah operasional untuk menjawab pertanyaan yang diajukan. Murid melakukan observasi menggunakan alat bantu pengukuran sederhana. Memproses serta Menganalisis Data dan Informasi Murid mengolah data dalam bentuk tabel dan grafik, serta menjelaskan hasil pengamatan dan pola atau hubungan pada data. Murid membandingkan data dengan prediksi dan memberikan alasan berdasarkan bukti. Mengevaluasi dan Refleksi Melakukan refleksi dan memberikan saran perbaikan terhadap penyelidikan yang sudah dilakukan. Mengomunikasikan Hasil Murid mengomunikasikan hasil penyelidikan secara utuh yang ditunjang dengan argumen dalam berbagai media.",AUTO-119,https://kurikulum.kemendikdasmen.go.id/service/download.php?kategori=rujukan&id=119,extracted_machine
LO-ILMU-PENGETAHUAN-ALAM-IPA-D-1.1,SMP,D,Ilmu Pengetahuan Alam (ipa),Pemahaman IPA,"Menelaah hasil identifikasi makhluk hidup sesuai dengan karakteristiknya; menganalisis klasifikasi, sifat, dan perubahan materi; menganalisis sistem organisasi kehidupan, fungsi, serta kelainan atau gangguan yang muncul pada sistem organ; menganalisis interaksi antar makhluk hidup dan lingkungannya dalam merancang upaya-upaya untuk mencegah dan mengatasi perubahan iklim; menganalisis pewarisan sifat; membuat bioteknologi konvensional di lingkungan sekitarnya; menerapkan pengukuran terhadap aspek fisis dalam kehidupan sehari-hari; menganalisis ragam gerak, gaya, dan tekanan; menganalisis hubungan usaha dan energi; menganalisis pengaruh kalor dan perpindahannya terhadap perubahan suhu; menganalisis gelombang dan pemanfaatannya dalam kehidupan sehari-hari; menganalisis gejala kemagnetan dan kelistrikan untuk menyelesaikan tantangan yang dihadapi dalam kehidupan sehari-hari termasuk pemanfaatan sumber energi listrik ramah lingkungan; menganalisis posisi relatif bumi-bulan-matahari dalam sistem tata surya untuk menjelaskan fenomena alam dan perubahan iklim; serta mengevaluasi keputusan yang tepat untuk menghindari zat aditif dan adiktif yang membahayakan dirinya dan lingkungan.",AUTO-119,https://kurikulum.kemendikdasmen.go.id/service/download.php?kategori=rujukan&id=119,extracted_machine
LO-ILMU-PENGETAHUAN-ALAM-IPA-D-1.2,SMP,D,Ilmu Pengetahuan Alam (ipa),Keterampilan Proses,"Mampu menerapkan keterampilan proses yang meliputi: Mengamati Melakukan pengamatan terhadap fenomena dan peristiwa di sekitarnya dan mencatat hasil pengamatannya dengan memperhatikan karakteristik objek yang diamati. Mempertanyakan dan Memprediksi Mengidentifikasi pertanyaan yang dapat diselidiki secara ilmiah dan membuat prediksinya. Merencanakan dan Melakukan Penyelidikan Merencanakan dan melakukan langkah-langkah operasional untuk menjawab pertanyaan; murid menggunakan alat bantu pengukuran untuk mendapatkan data yang akurat dan memahami adanya potensi kekeliruan dalam penyelidikan. Memproses, Menganalisis Data dan Informasi Mengolah data dalam bentuk tabel, grafik, dan model serta menjelaskan hasil pengamatan dan pola atau hubungan pada data; murid mengumpulkan data dari penyelidikan yang dilakukannya, serta menggunakan pemahaman sains untuk mengidentifikasi hubungan dan menarik kesimpulan berdasarkan bukti. Mengevaluasi dan Refleksi Mengidentifikasi sumber ketidakpastian dan kemungkinan penjelasan alternatif dalam rangka mengevaluasi kesimpulan, serta menjelaskan cara spesifik untuk meningkatkan kualitas data. Mengomunikasikan Hasil Mengomunikasikan hasil penyelidikan secara sistematis dan utuh yang ditunjang dengan argumen dan bahasa yang sesuai konteks penyelidikan.",AUTO-119,https://kurikulum.kemendikdasmen.go.id/service/download.php?kategori=rujukan&id=119,extracted_machine
LO-ILMU-PENGETAHUAN-ALAM-IPA-E-2.1,SMA,E,Ilmu Pengetahuan Alam (ipa),Pemahaman IPA,"Menerapkan prinsip klasifikasi dan strategi pelestarian keanekaragaman hayati; mendeskripsikan peranan virus, bakteri, dan jamur dalam kehidupan; menganalisis interaksi antar komponen ekosistem dan pengaruhnya terhadap keseimbangan ekosistem; menggunakan sistem pengukuran dalam kerja ilmiah; menganalisis gerak dua dimensi; menganalisis pemanfaatan energi alternatif untuk mengatasi permasalahan ketersediaan energi; menganalisis partikel penyusun materi dan menerapkan konsep stoikiometri dalam berbagai aspek kuantitatif reaksi kimia; dan menerapkan konsep IPA untuk mengatasi permasalahan berkaitan dengan perubahan iklim.",AUTO-119,https://kurikulum.kemendikdasmen.go.id/service/download.php?kategori=rujukan&id=119,extracted_machine
LO-ILMU-PENGETAHUAN-ALAM-IPA-E-2.2,SMA,E,Ilmu Pengetahuan Alam (ipa),Keterampilan Proses,"Mampu menerapkan keterampilan proses yang meliputi: Mengamati Melakukan pengamatan terhadap fenomena dan peristiwa di sekitarnya dan mencatat hasil pengamatannya dengan memperhatikan karakteristik objek yang diamati. ● Mempertanyakan dan Memprediksi Mengidentifikasi pertanyaan yang dapat diselidiki secara ilmiah dan membuat prediksinya. Merencanakan dan Melakukan Penyelidikan Merencanakan dan melakukan langkah-langkah operasional untuk menjawab pertanyaan; murid menggunakan alat bantu pengukuran untuk mendapatkan data yang akurat dan memahami adanya potensi kekeliruan dalam penyelidikan. Memproses, Menganalisis Data dan Informasi Mengolah data dalam bentuk tabel, grafik, dan model serta menjelaskan hasil pengamatan dan pola atau hubungan pada data; murid mengumpulkan data dari penyelidikan yang dilakukannya, serta menggunakan pemahaman sains untuk mengidentifikasi hubungan dan menarik kesimpulan berdasarkan bukti. Mengevaluasi dan Refleksi Mengidentifikasi sumber ketidakpastian dan kemungkinan penjelasan alternatif dalam rangka mengevaluasi kesimpulan, serta menjelaskan cara spesifik untuk meningkatkan kualitas data. Mengomunikasikan Hasil Mengomunikasikan hasil penyelidikan secara sistematis dan utuh yang ditunjang dengan argumen dan bahasa yang sesuai konteks penyelidikan.",AUTO-119,https://kurikulum.kemendikdasmen.go.id/service/download.php?kategori=rujukan&id=119,extracted_machine
LO-INFORMATIKA-D-1.1,SMP,D,Informatika,Berpikir Komputasional,Menerapkan berpikir komputasional untuk problem dalam kehidupan sehari-hari maupun dalam menghadapi masalah komputasi; memahami konsep himpunan data terstruktur dalam kehidupan sehari-hari; memahami konsep lembar kerja pengolah data; menerapkan berpikir komputasional dalam menyelesaikan persoalan yang mengandung himpunan data berstruktur sederhana dengan volume kecil; serta menuliskan sekumpulan instruksi dengan menggunakan sekumpulan kosakata terbatas atau simbol dalam format pseudocode.,AUTO-119,https://kurikulum.kemendikdasmen.go.id/service/download.php?kategori=rujukan&id=119,extracted_machine
LO-INFORMATIKA-D-1.2,SMP,D,Informatika,Literasi Digital,"Memahami cara kerja dan penggunaan mesin pencari di internet; mengetahui kualitas informasi dan kredibilitas sumber informasi digital; mengenal ekosistem media pers digital; membedakan fakta, opini, dan hoaks; memahami pemanfaatan perangkat teknologi pengolah dokumen, lembar kerja, dan presentasi; mampu mendeskripsikan komponen, fungsi, dan cara kerja komputer; memahami konsep dan penerapan konektivitas jaringan lokal dan internet baik kabel maupun nirkabel; mengetahui jenis ruang publik virtual; memahami pemanfaatan perangkat teknologi digital untuk produksi dan diseminasi konten; memahami pentingnya menjaga rekam jejak digital, mengamalkan toleransi dan empati di dunia digital, memahami dampak perundungan digital, membuat kata sandi yang aman; memahami pengamanan perangkat dari berbagai jenis malware , memilah informasi yang bersifat privat dan publik, melindungi data pribadi dan identitas digital serta memiliki kesadaran penuh ( mindfulness ) dalam dunia digital.",AUTO-119,https://kurikulum.kemendikdasmen.go.id/service/download.php?kategori=rujukan&id=119,extracted_machine
LO-INFORMATIKA-E-2.1,SMA,E,Informatika,Berpikir Komputasional,"Memahami konsep struktur data dan algoritma standar; menerapkan proses komputasi yang dilakukan manusia secara mandiri atau berkelompok untuk mendapatkan data yang berkualitas; menerapkan algoritma dan struktur data standar untuk menghasilkan berbagai solusi dalam menyelesaikan persoalan; menuliskan solusi rancangan program sederhana dalam format pseudocode yang dekat dengan bahasa komputer; memahami model dan menyimulasikan dinamika Input -Process -Output dalam sebuah komputer Von Neumann, serta memahami peran sistem operasi.",AUTO-119,https://kurikulum.kemendikdasmen.go.id/service/download.php?kategori=rujukan&id=119,extracted_machine
LO-INFORMATIKA-E-2.2,SMA,E,Informatika,Literasi Digital,"Memahami penggunaan mesin pencari dengan variabel yang lebih banyak; mengetahui ekosistem periksa fakta untuk memilah fakta dan bukan; menggunakan cara membaca lateral untuk mengevaluasi berbagai informasi digital; memahami pemanfaatan perangkat teknologi yang lebih beragam untuk pengolah dokumen, lembar kerja, dan presentasi; memahami konsep dan penerapan serta konfigurasi keamanan dasar untuk konektivitas jaringan data lokal dan internet baik kabel maupun nirkabel; memahami pemanfaatan media digital untuk produksi dan diseminasi konten, partisipasi dan kolaborasi; menghargai hak atas kekayaan intelektual, mengenal profesi bidang Informatika, memahami penerapan digitalisasi budaya Indonesia, menyaring konten negatif di dunia digital; menerapkan pengelolaan kata sandi dengan manajer kata sandi, dan menerapkan autentikasi dua langkah secara sederhana, serta menerapkan konfigurasi privasi dan keamanan pada akun platform digital.",AUTO-119,https://kurikulum.kemendikdasmen.go.id/service/download.php?kategori=rujukan&id=119,extracted_machine
LO-INFORMATIKA-F-3.1,SMA,F,Informatika,Berpikir Komputasional,"Memahami alur proses pengembangan program atau produk teknologi digital; menganalisis persoalan yang bisa menghasilkan lebih dari satu solusi dengan pemahamannya terhadap beberapa strategi algoritmik untuk menghasilkan beberapa alternatif solusi dari satu persoalan dengan memberikan justifikasi efisiensi, kelebihan, dan keterbatasan dari setiap alternatif solusi; mampu memilih dan menerapkan solusi terbaik, paling efisien, dan optimal dengan merancang struktur data yang lebih kompleks dan abstrak; serta mengenali berbagai model jaringan komputer serta mampu melakukan pengiriman data antar perangkat dalam jaringan komputer dan troubleshooting permasalahan jaringan komputer.",AUTO-119,https://kurikulum.kemendikdasmen.go.id/service/download.php?kategori=rujukan&id=119,extracted_machine
LO-INFORMATIKA-F-3.2,SMA,F,Informatika,Literasi Digital,"Memahami penggunaan mesin pencari untuk melakukan riset; mengevaluasi kebenaran konten menggunakan verifikasi teks, gambar, dan video; menggunakan cara membaca lateral untuk mengevaluasi informasi digital yang kompleks; merancang kebutuhan sistem komputer sesuai kebutuhan pengguna; memahami konsep dan penerapan serta konfigurasi keamanan lanjut untuk konektivitas jaringan data lokal dan internet baik kabel maupun nirkabel; mengkreasi konten digital dengan peralatan dan metode yang bervariasi; memahami hukum dan perundang-undangan terkait isu digital di Indonesia; memahami pemanfaatan teknologi digital dalam demokrasi; menerapkan pengelolaan kata sandi dengan manajer kata sandi dan autentikasi dua langkah dengan beragam moda; serta memahami pemanfaatan platform loka pasar, perbankan digital, dompet digital beserta aspek keamanannya.",AUTO-119,https://kurikulum.kemendikdasmen.go.id/service/download.php?kategori=rujukan&id=119,extracted_machine
LO-INFORMATIKA-F-3.3,SMA,F,Informatika,Analisis Data,"Memanfaatkan sumber data yang terbuka, terpercaya, dan legal untuk mengolah data untuk pengambilan keputusan dan prediksi secara efektif, efisien, dan optimal tanpa atau dengan komputer.",AUTO-119,https://kurikulum.kemendikdasmen.go.id/service/download.php?kategori=rujukan&id=119,extracted_machine
LO-INFORMATIKA-F-3.4,SMA,F,Informatika,Algoritma dan Pemrograman,"Memahami konsep strategi algoritmik; mengembangkan program komputer terstruktur dalam notasi algoritma atau notasi lain berdasarkan strategi algoritmik yang tepat; mengembangkan, melakukan pemeliharaan, dan penyempurnaan algoritma standar ke dalam kode sumber program dengan memperhatikan kualitasnya; merancang dan mengimplementasikan sebuah program yang menggunakan struktur data kompleks dan tepat menggunakan library atau perangkat yang tersedia.",AUTO-119,https://kurikulum.kemendikdasmen.go.id/service/download.php?kategori=rujukan&id=119,extracted_machine
LO-ILMU-PENGETAHUAN-SOSIAL-D-1.1,SMP,D,Ilmu Pengetahuan Sosial,Pemahaman Konsep,"Menjelaskan keberagaman kondisi geografis Indonesia, konektivitas antarruang terhadap upaya pemanfaatan dan pelestarian potensi sumber daya alam, faktor aktivitas manusia terhadap perubahan iklim dan potensi bencana alam; memprediksi dampak perubahan iklim terhadap kehidupan ekonomi, sosial, budaya masyarakat serta merefleksikan pola adaptasi terhadap perubahan iklim dan upaya mitigasi bencana untuk menunjang sustainable development goals (SDGs) dalam konteks lokal, regional, dan global; mengidentifikasi upaya masyarakat dalam memenuhi kebutuhannya melalui kegiatan ekonomi, harga, pasar, lembaga keuangan, perdagangan internasional; menelaah peran masyarakat dan negara dalam mendorong pertumbuhan ekonomi di era digital, serta potensi Indonesia menjadi negara maju; mengelaborasi proses interaksi sosial, lembaga sosial, dinamika sosial dan perubahan sistem sosial budaya dalam masyarakat yang majemuk untuk mewujudkan integrasi bangsa dengan prinsip kebhinekaan; menjelaskan konsep dasar ilmu sejarah yaitu manusia, ruang, waktu, kronologi, perubahan; menganalisis keterhubungan antara masa lampau, masa kini, dan masa yang akan datang ketika mempelajari sejarah lokal dan toponimi wilayah serta berbagai peristiwa atau kejadian penting dalam lingkup lokal, nasional dan global terkait asal-usul nenek moyang bangsa Indonesia dan jalur rempah nusantara.",AUTO-119,https://kurikulum.kemendikdasmen.go.id/service/download.php?kategori=rujukan&id=119,extracted_machine
LO-ILMU-PENGETAHUAN-SOSIAL-D-1.2,SMP,D,Ilmu Pengetahuan Sosial,Keterampilan Proses,"Menerapkan pemahaman konsep melalui pendekatan keterampilan proses dengan cara mengamati fenomena dan peristiwa secara sistematis dengan menggunakan pancaindra serta menemukan persamaan dan perbedaannya; menanya dengan panduan pendidik, mengajukan pertanyaan untuk menggali dan klarifikasi informasi, serta mencari tahu penyebab dan memprediksinya; mengumpulkan informasi secara berkolaborasi, merencanakan dan melakukan penyelidikan, mengumpulkan informasi dengan sumber primer, dan mendokumentasikannya; berkolaborasi, mengolah informasi yang relevan serta memprioritaskan beberapa gagasan tertentu; menguji dan menerapkan konsep melalui eksperimen, simulasi, studi kasus, atau situasi nyata untuk memperkuat pemahaman dan keterampilan; mengevaluasi dan merefleksi serta melakukan perbaikan untuk menarik simpulan hasil penyelidikan dengan tepat; mengomunikasikan dan menyajikan hasil penyelidikan dengan menggunakan media informasi yang tepat; dan menyusun rencana tidak lanjut dari hasil penyelidikan yang telah dihasilkan secara kolaboratif.",AUTO-119,https://kurikulum.kemendikdasmen.go.id/service/download.php?kategori=rujukan&id=119,extracted_machine
LO-ILMU-PENGETAHUAN-SOSIAL-E-2.1,SMA,E,Ilmu Pengetahuan Sosial,Pemahaman Konsep,"Menjelaskan konsep dasar geografi, fenomena geografi fisik melalui litosfer, atmosfer, dan hidrosfer sebagai ruang hidup, serta mengimplementasikan teknologi geospasial berupa peta, penginderaan jauh dan Sistem Informasi Geografis (SIG); menelaah hakikat ilmu ekonomi sebagai ilmu yang mempelajari upaya manusia dalam memenuhi kebutuhan hidupnya; membedakan produk keuangan bank dan nonbank sebagai dasar dalam menggunakan produk dan layanan, risiko keuangan dan menyusun laporan keuangan pribadi; menjelaskan fungsi sosiologi sebagai ilmu yang secara kritis, analitis, kreatif, dan solutif mengkaji masyarakat; menelaah status dan peran individu dalam kelompok sosial dan memberikan contoh berbagai ragam gejala sosial yang ada di dalam masyarakat; menganalisis keragaman manusia dan budayanya sebagai bagian dari masyarakat multikultural; dan menelaah konsep dasar ilmu sejarah dan mengimplementasikan penelitian sejarah untuk merefleksikan keterhubungan antara masa lampau, masa kini, dan masa yang akan datang melalui berbagai peristiwa atau kejadian penting dalam lingkup lokal, nasional dan global mulai dari masa kerajaan Hindu-Buddha hingga masa kerajaan Islam.",AUTO-119,https://kurikulum.kemendikdasmen.go.id/service/download.php?kategori=rujukan&id=119,extracted_machine
LO-ILMU-PENGETAHUAN-SOSIAL-E-2.2,SMA,E,Ilmu Pengetahuan Sosial,Keterampilan Proses,"Mengamati fenomena kehidupan manusia dalam dimensi ruang dan waktu secara sistematis serta menemukan persamaan dan perbedaannya dan potensinya; membuat pertanyaan secara mandiri untuk menggali informasi tentang fenomena kehidupan manusia dalam dimensi ruang dan waktu secara sistematis; mengumpulkan informasi dari sumber primer dan/atau sekunder, melakukan observasi, dan mendokumentasikannya; menarik simpulan berdasarkan dari informasi yang diperoleh dari sumber primer dan/atau sekunder, hasil observasi dan hasil dokumentasi; mengomunikasikan hasil analisis informasi yang diperoleh dari sumber primer dan/atau sekunder, data hasil observasi, dan hasil dokumentasi dalam bentuk media digital dan/atau non digital; dan merefleksikan hasil analisis informasi yang diperoleh dari sumber primer dan/atau sekunder, hasil observasi, dan hasil dokumentasi serta menyusun rencana tindak lanjut.",AUTO-119,https://kurikulum.kemendikdasmen.go.id/service/download.php?kategori=rujukan&id=119,extracted_machine
LO-SENI-MUSIK-A-1.1,SD,A,Seni Musik,Mengalami ( Experiencing ),Mengenali unsur-unsur musik (nada dan irama) menggunakan anggota tubuh maupun alat musik.,AUTO-119,https://kurikulum.kemendikdasmen.go.id/service/download.php?kategori=rujukan&id=119,extracted_machine
LO-SENI-MUSIK-A-1.2,SD,A,Seni Musik,Merefleksikan ( Reflecting ),Melakukan umpan balik mengenai praktik bermain musik diri sendiri atau orang lain menggunakan bahasa sehari-hari.,AUTO-119,https://kurikulum.kemendikdasmen.go.id/service/download.php?kategori=rujukan&id=119,extracted_machine
LO-SENI-MUSIK-A-1.3,SD,A,Seni Musik,Berpikir dan Bekerja Artistik ( Thinking and Working Artistically ),Menirukan pola irama dan nada menggunakan alat musik ritmis atau melodis; mengenali ragam alat musik dan bunyi yang dihasilkan; mengenali cara memainkan dan membersihkan instrumen/alat musik.,AUTO-119,https://kurikulum.kemendikdasmen.go.id/service/download.php?kategori=rujukan&id=119,extracted_machine
LO-SENI-MUSIK-A-1.4,SD,A,Seni Musik,Menciptakan ( Creating ),Membuat pola irama menggunakan anggota tubuh atau alat musik ritmis yang tersedia di lingkungan sekitar.,AUTO-119,https://kurikulum.kemendikdasmen.go.id/service/download.php?kategori=rujukan&id=119,extracted_machine
LO-SENI-MUSIK-A-1.5,SD,A,Seni Musik,Berdampak ( Impacting ),Menunjukkan ekspresi senang dalam kegiatan bermusik.,AUTO-119,https://kurikulum.kemendikdasmen.go.id/service/download.php?kategori=rujukan&id=119,extracted_machine
LO-SENI-MUSIK-B-2.1,SD,B,Seni Musik,Mengalami ( Experiencing ),Mengenali nada dan pola irama menggunakan anggota tubuh maupun alat musik.,AUTO-119,https://kurikulum.kemendikdasmen.go.id/service/download.php?kategori=rujukan&id=119,extracted_machine
LO-SENI-MUSIK-B-2.2,SD,B,Seni Musik,Merefleksikan ( Reflecting ),Melakukan umpan balik mengenai praktik bermusik diri sendiri atau orang lain menggunakan istilah musik.,AUTO-119,https://kurikulum.kemendikdasmen.go.id/service/download.php?kategori=rujukan&id=119,extracted_machine
LO-SENI-MUSIK-B-2.3,SD,B,Seni Musik,Berpikir dan Bekerja Artistik ( Thinking and Working Artistically ),Menirukan pola irama dan melodi menggunakan alat musik ritmis atau melodis; menyebutkan karakteristik ragam alat musik dan bunyi yang dihasilkan; mengetahui cara memainkan dan merawat alat musik.,AUTO-119,https://kurikulum.kemendikdasmen.go.id/service/download.php?kategori=rujukan&id=119,extracted_machine
LO-SENI-MUSIK-B-2.4,SD,B,Seni Musik,Menciptakan ( Creating ),Membuat bunyi menggunakan anggota tubuh atau alat musik ritmis dan melodis yang tersedia di lingkungan sekitar.,AUTO-119,https://kurikulum.kemendikdasmen.go.id/service/download.php?kategori=rujukan&id=119,extracted_machine
LO-SENI-MUSIK-B-2.5,SD,B,Seni Musik,Berdampak ( Impacting ),Menunjukkan minat dalam kegiatan bermusik.,AUTO-119,https://kurikulum.kemendikdasmen.go.id/service/download.php?kategori=rujukan&id=119,extracted_machine
LO-SENI-MUSIK-C-3.1,SD,C,Seni Musik,Mengalami ( Experiencing ),"Mengenali dan menerapkan unsur-unsur musik (nada, irama dan melodi) menggunakan alat musik ritmis dan melodis serta menunjukkan tingkat kepekaan akan unsur-unsur musik dengan menggunakan alat musik ritmis dan melodis.",AUTO-119,https://kurikulum.kemendikdasmen.go.id/service/download.php?kategori=rujukan&id=119,extracted_machine
LO-SENI-MUSIK-C-3.2,SD,C,Seni Musik,Merefleksikan ( Reflecting ),Melakukan umpan balik mengenai karya dan kemampuan bermusik diri sendiri atau orang lain menggunakan istilah musik yang tepat.,AUTO-119,https://kurikulum.kemendikdasmen.go.id/service/download.php?kategori=rujukan&id=119,extracted_machine
LO-SENI-MUSIK-C-3.3,SD,C,Seni Musik,Berpikir dan Bekerja Artistik ( Thinking and Working Artistically ),"Mengeksplorasi variasi pola irama, tempo dan melodi dengan alat musik ritmis dan melodis menggunakan notasi musik dan teknik dasar yang telah dipelajari; menemukan alternatif untuk menghasilkan bunyi musik sederhana melalui eksplorasi material yang tersedia di lingkungan sekitar dan menerapkan cara memainkan dan merawat alat musik dengan teknik yang tepat sesuai dengan spesifikasi bahan alat musik.",AUTO-119,https://kurikulum.kemendikdasmen.go.id/service/download.php?kategori=rujukan&id=119,extracted_machine
LO-SENI-MUSIK-C-3.4,SD,C,Seni Musik,Menciptakan ( Creating ),Membuat dan mengembangkan pola irama menggunakan anggota tubuh atau alat musik ritmis yang tersedia berdasarkan nilai kearifan lokal daerahnya.,AUTO-119,https://kurikulum.kemendikdasmen.go.id/service/download.php?kategori=rujukan&id=119,extracted_machine
LO-SENI-MUSIK-C-3.5,SD,C,Seni Musik,Berdampak ( Impacting ),Menunjukkan minat dan rasa ingin tahu dalam kegiatan bermusik.,AUTO-119,https://kurikulum.kemendikdasmen.go.id/service/download.php?kategori=rujukan&id=119,extracted_machine
LO-SENI-MUSIK-D-4.1,SMP,D,Seni Musik,Mengalami ( Experiencing ),"Mengenali dan menerapkan unsur-unsur musik berupa nada, irama, dan melodi, dengan alat musik berbasis teknologi yang sesuai dengan kondisi setempat serta mengidentifikasi karakteristik musik dari berbagai genre dan era.",AUTO-119,https://kurikulum.kemendikdasmen.go.id/service/download.php?kategori=rujukan&id=119,extracted_machine
LO-SENI-MUSIK-D-4.2,SMP,D,Seni Musik,Merefleksikan ( Reflecting ),"Melakukan umpan balik kemampuan bermain musik, karya musik diri sendiri atau orang lain sesuai dengan genre menggunakan istilah musik yang tepat.",AUTO-119,https://kurikulum.kemendikdasmen.go.id/service/download.php?kategori=rujukan&id=119,extracted_machine
LO-SENI-MUSIK-D-4.3,SMP,D,Seni Musik,Berpikir dan Bekerja Artistik ( Thinking and Working Artistically ),"Menerapkan seluruh proses berpraktik musik untuk perbaikan dan perkembangan keterampilan bermusik; menyajikan musik sederhana dari daerah setempat dan Nusantara; dan menyajikan karya-karya musik modern Indonesia dengan interpretasi dan ekspresi yang tepat, baik secara individu maupun berkelompok.",AUTO-119,https://kurikulum.kemendikdasmen.go.id/service/download.php?kategori=rujukan&id=119,extracted_machine
LO-SENI-MUSIK-D-4.4,SMP,D,Seni Musik,Menciptakan ( Creating ),Mengenali dan menghasilkan lagu sederhana dengan mengembangkan irama dan melodi menggunakan berbagai alat musik.,AUTO-119,https://kurikulum.kemendikdasmen.go.id/service/download.php?kategori=rujukan&id=119,extracted_machine
LO-SENI-MUSIK-D-4.5,SMP,D,Seni Musik,Berdampak ( Impacting ),"Menunjukkan minat, empati, dan kepedulian terhadap isu-isu di lingkungan sekitar melalui kegiatan bermusik.",AUTO-119,https://kurikulum.kemendikdasmen.go.id/service/download.php?kategori=rujukan&id=119,extracted_machine
LO-SENI-MUSIK-E-5.1,SMA,E,Seni Musik,Mengalami ( Experiencing ),"Mengidentifikasi dan menjelaskan unsur-unsur musik berupa nada, irama, melodi, harmoni, timbre, tempo, dan dinamika menggunakan alat musik dengan teknologi yang sesuai dengan kondisi setempat, serta menganalisis musik dari berbagai genre, era, dan instrumen yang digunakan.",AUTO-119,https://kurikulum.kemendikdasmen.go.id/service/download.php?kategori=rujukan&id=119,extracted_machine
LO-SENI-MUSIK-E-5.2,SMA,E,Seni Musik,Merefleksikan ( Reflecting ),"Menjelaskan hasil analisis kemampuan bermain musik dan karya musik diri sendiri atau orang lain, sesuai dengan teknik dan genre menggunakan istilah musik yang tepat",AUTO-119,https://kurikulum.kemendikdasmen.go.id/service/download.php?kategori=rujukan&id=119,extracted_machine
LO-SENI-MUSIK-E-5.3,SMA,E,Seni Musik,Berpikir dan Bekerja Artistik ( Thinking and Working Artistically ),"Menjalani proses praktik musik dengan penuh kesadaran untuk perbaikan dan perkembangan keterampilan bermusik; menyajikan musik nusantara dengan penuh ekspresi; dan menyajikan karya-karya musik modern Indonesia dengan interpretasi dan ekspresi yang tepat, baik secara individu maupun berkelompok.",AUTO-119,https://kurikulum.kemendikdasmen.go.id/service/download.php?kategori=rujukan&id=119,extracted_machine
LO-SENI-MUSIK-E-5.4,SMA,E,Seni Musik,Menciptakan ( Creating ),"Menciptakan, menyajikan dan mendokumentasikan karya musik kreasi sendiri untuk mengekspresikan pengalaman pribadi maupun persoalan di masyarakat.",AUTO-119,https://kurikulum.kemendikdasmen.go.id/service/download.php?kategori=rujukan&id=119,extracted_machine
LO-SENI-MUSIK-E-5.5,SMA,E,Seni Musik,Berdampak ( Impacting ),Menerapkan dampak positif dari kegiatan bermusik dalam perilaku di kehidupan sehari-hari.,AUTO-119,https://kurikulum.kemendikdasmen.go.id/service/download.php?kategori=rujukan&id=119,extracted_machine
LO-SENI-MUSIK-F-6.1,SMA,F,Seni Musik,Mengalami ( Experiencing ),"Menyimak dan mengeksplorasi unsur-unsur musik (nada, irama, melodi, harmoni, timbre, tempo, dan dinamika) menggunakan alat musik dengan teknologi yang sesuai dengan kondisi setempat; murid mampu mengevaluasi karya-karya musik secara musikal dan bertanggung jawab.",AUTO-119,https://kurikulum.kemendikdasmen.go.id/service/download.php?kategori=rujukan&id=119,extracted_machine
LO-SENI-MUSIK-F-6.2,SMA,F,Seni Musik,Merefleksikan ( Reflecting ),Menerapkan hasil evaluasi praktik bermain musik baik sendiri maupun kelompok.,AUTO-119,https://kurikulum.kemendikdasmen.go.id/service/download.php?kategori=rujukan&id=119,extracted_machine
LO-SENI-MUSIK-F-6.3,SMA,F,Seni Musik,Berpikir dan Bekerja Artistik ( Thinking and Working Artistically ),"Menjalani dan mendokumentasikan kebiasaan bermusik secara mandiri atau berkolaborasi dengan baik dan cermat; murid mampu menunjukkan penguasaan unsur-unsur musik, pemahaman dan keterampilan bermusik, serta keberagaman konteks dalam praktik musik; murid mampu menyajikan ansambel musik remaja menggunakan karya musik mancanegara dengan teknologi yang sesuai kondisi setempat.",AUTO-119,https://kurikulum.kemendikdasmen.go.id/service/download.php?kategori=rujukan&id=119,extracted_machine
LO-SENI-MUSIK-F-6.4,SMA,F,Seni Musik,Menciptakan ( Creating ),"Menciptakan, menyajikan dan mendokumentasikan karya kolaborasi dengan menerapkan manajemen pementasan.",AUTO-119,https://kurikulum.kemendikdasmen.go.id/service/download.php?kategori=rujukan&id=119,extracted_machine
LO-SENI-MUSIK-F-6.5,SMA,F,Seni Musik,Berdampak ( Impacting ),"Menghayati kegiatan bermusik yang kolaboratif dan kompleks, memperluas pengalaman, meningkatkan keterampilan bermain musik, serta penerapannya dalam kehidupan sehari-hari.",AUTO-119,https://kurikulum.kemendikdasmen.go.id/service/download.php?kategori=rujukan&id=119,extracted_machine
LO-SENI-RUPA-A-1.1,SD,A,Seni Rupa,Mengalami (Experiencing),Mengenali dan menyebutkan unsur-unsur rupa dalam benda-benda di sekitar/karya seni rupa.,AUTO-119,https://kurikulum.kemendikdasmen.go.id/service/download.php?kategori=rujukan&id=119,extracted_machine
LO-SENI-RUPA-A-1.2,SD,A,Seni Rupa,Merefleksikan (Reflecting),Merefleksikan dan mengapresiasi karya diri sendiri.,AUTO-119,https://kurikulum.kemendikdasmen.go.id/service/download.php?kategori=rujukan&id=119,extracted_machine
LO-SENI-RUPA-A-1.3,SD,A,Seni Rupa,Berpikir dan Bekerja Artistik ( Thinking and Working Artistically),Mengenali dan menguji coba alat dan/atau bahan yang dimiliki.,AUTO-119,https://kurikulum.kemendikdasmen.go.id/service/download.php?kategori=rujukan&id=119,extracted_machine
LO-SENI-RUPA-A-1.4,SD,A,Seni Rupa,Menciptakan ( Making/Creating ),Membuat karya seni rupa berdasarkan pengalaman dan hasil pengamatan terhadap lingkungan sekitar.,AUTO-119,https://kurikulum.kemendikdasmen.go.id/service/download.php?kategori=rujukan&id=119,extracted_machine
LO-SENI-RUPA-A-1.5,SD,A,Seni Rupa,Berdampak ( Impacting ),Menghasilkan karya seni rupa yang berdampak pada perasaan dirinya.,AUTO-119,https://kurikulum.kemendikdasmen.go.id/service/download.php?kategori=rujukan&id=119,extracted_machine
LO-SENI-RUPA-B-2.1,SD,B,Seni Rupa,Mengalami (Experiencing),Mengidentifikasi unsur rupa dan prinsip desain dalam benda-benda di sekitar/karya seni rupa.,AUTO-119,https://kurikulum.kemendikdasmen.go.id/service/download.php?kategori=rujukan&id=119,extracted_machine
LO-SENI-RUPA-B-2.2,SD,B,Seni Rupa,Merefleksikan (Reflecting),Merefleksikan dan mengapresiasi karya diri sendiri dan teman sekelas menggunakan kosa kata seni rupa yang sesuai.,AUTO-119,https://kurikulum.kemendikdasmen.go.id/service/download.php?kategori=rujukan&id=119,extracted_machine
LO-SENI-RUPA-B-2.3,SD,B,Seni Rupa,Berpikir dan Bekerja Artistik ( Thinking and Working Artistically),Mengenali dan menguji coba alat dan/atau bahan yang dimiliki serta prosedur penggunaannya.,AUTO-119,https://kurikulum.kemendikdasmen.go.id/service/download.php?kategori=rujukan&id=119,extracted_machine
LO-SENI-RUPA-B-2.4,SD,B,Seni Rupa,Menciptakan ( Making/Creating ),Membuat karya seni rupa berdasarkan pengalaman dan hasil pengamatan terhadap lingkungan sekitar.,AUTO-119,https://kurikulum.kemendikdasmen.go.id/service/download.php?kategori=rujukan&id=119,extracted_machine
LO-SENI-RUPA-B-2.5,SD,B,Seni Rupa,Berdampak ( Impacting ),Menghasilkan karya seni rupa yang berdampak pada perasaan atau mewakili harapannya.,AUTO-119,https://kurikulum.kemendikdasmen.go.id/service/download.php?kategori=rujukan&id=119,extracted_machine
LO-SENI-RUPA-C-3.1,SD,C,Seni Rupa,Mengalami (Experiencing),Menjelaskan unsur rupa dan prinsip desain dalam benda-benda di sekitar/karya seni rupa.,AUTO-119,https://kurikulum.kemendikdasmen.go.id/service/download.php?kategori=rujukan&id=119,extracted_machine
LO-SENI-RUPA-C-3.2,SD,C,Seni Rupa,Merefleksikan (Reflecting),Merefleksikan dan mengapresiasi karya diri sendiri dan teman sekelas menggunakan kosa kata seni rupa yang sesuai.,AUTO-119,https://kurikulum.kemendikdasmen.go.id/service/download.php?kategori=rujukan&id=119,extracted_machine
LO-SENI-RUPA-C-3.3,SD,C,Seni Rupa,Berpikir dan Bekerja Artistik ( Thinking and Working Artistically),Mengenali dan menguji coba variasi teknik penggunaan alat dan/atau bahan.,AUTO-119,https://kurikulum.kemendikdasmen.go.id/service/download.php?kategori=rujukan&id=119,extracted_machine
LO-SENI-RUPA-C-3.4,SD,C,Seni Rupa,Menciptakan ( Making/Creating ),Membuat karya seni rupa berdasarkan pengalaman dan/atau hasil pengamatan terhadap lingkungan sekitar melalui pengembangan imajinasi.,AUTO-119,https://kurikulum.kemendikdasmen.go.id/service/download.php?kategori=rujukan&id=119,extracted_machine
LO-SENI-RUPA-C-3.5,SD,C,Seni Rupa,Berdampak ( Impacting ),Menghasilkan karya seni rupa yang mewakili minatnya.,AUTO-119,https://kurikulum.kemendikdasmen.go.id/service/download.php?kategori=rujukan&id=119,extracted_machine
LO-SENI-RUPA-D-4.1,SMP,D,Seni Rupa,Mengalami (Experiencing),Menganalisis unsur rupa dan prinsip desain dalam benda-benda di sekitar/karya seni rupa.,AUTO-119,https://kurikulum.kemendikdasmen.go.id/service/download.php?kategori=rujukan&id=119,extracted_machine
LO-SENI-RUPA-D-4.2,SMP,D,Seni Rupa,Merefleksikan (Reflecting),"Merefleksikan dan mengapresiasi karya diri sendiri dan teman sekelas; membandingkan unsur rupa, prinsip desain, dan fungsi karya seni rupa menggunakan kosa kata seni rupa yang sesuai.",AUTO-119,https://kurikulum.kemendikdasmen.go.id/service/download.php?kategori=rujukan&id=119,extracted_machine
LO-SENI-RUPA-D-4.3,SMP,D,Seni Rupa,Berpikir dan Bekerja Artistik ( Thinking and Working Artistically),Mengaplikasikan variasi teknik penggunaan alat dan bahan yang dimiliki untuk berkarya; mengeksplorasi alternatif/potensi alat dan bahan yang ada di lingkungan sekitar.,AUTO-119,https://kurikulum.kemendikdasmen.go.id/service/download.php?kategori=rujukan&id=119,extracted_machine
LO-SENI-RUPA-D-4.4,SMP,D,Seni Rupa,Menciptakan ( Making/Creating ),"Membuat karya seni rupa berdasarkan pengalaman dan/atau hasil pengamatan terhadap lingkungan sekitar, dengan mempertimbangkan fungsi, menggunakan gaya atau teknik yang telah dipelajari.",AUTO-119,https://kurikulum.kemendikdasmen.go.id/service/download.php?kategori=rujukan&id=119,extracted_machine
LO-SENI-RUPA-D-4.5,SMP,D,Seni Rupa,Berdampak ( Impacting ),Menghasilkan karya seni rupa untuk merespon pengalaman sehari-hari dan mengekspresikan perasaan atau minat.,AUTO-119,https://kurikulum.kemendikdasmen.go.id/service/download.php?kategori=rujukan&id=119,extracted_machine
LO-SENI-RUPA-E-5.1,SMA,E,Seni Rupa,Mengalami (Experiencing),Mengeksplorasi unsur rupa dan prinsip desain dalam benda-benda di sekitar/karya seni rupa.,AUTO-119,https://kurikulum.kemendikdasmen.go.id/service/download.php?kategori=rujukan&id=119,extracted_machine
LO-SENI-RUPA-E-5.2,SMA,E,Seni Rupa,Merefleksikan (Reflecting),"Merefleksikan penggunaan unsur rupa, prinsip desain, dan fungsi dalam karya diri sendiri dan teman sekelas menggunakan kosa kata seni rupa yang sesuai.",AUTO-119,https://kurikulum.kemendikdasmen.go.id/service/download.php?kategori=rujukan&id=119,extracted_machine
LO-SENI-RUPA-E-5.3,SMA,E,Seni Rupa,Berpikir dan Bekerja Artistik ( Thinking and Working Artistically),Mengeksplorasi alternatif/potensi alat dan bahan yang ada di lingkungan sekitar dan menghubungkan seni dengan kelompok atau bidang keilmuan lain dalam berkarya seni rupa.,AUTO-119,https://kurikulum.kemendikdasmen.go.id/service/download.php?kategori=rujukan&id=119,extracted_machine
LO-SENI-RUPA-E-5.4,SMA,E,Seni Rupa,Menciptakan ( Making/Creating ),"Membuat karya seni rupa berdasarkan pengalaman dan/atau hasil pengamatan terhadap lingkungan sekitar, dengan mempertimbangkan fungsi, menggunakan gaya atau teknik yang dipilih.",AUTO-119,https://kurikulum.kemendikdasmen.go.id/service/download.php?kategori=rujukan&id=119,extracted_machine
LO-SENI-RUPA-E-5.5,SMA,E,Seni Rupa,Berdampak ( Impacting ),"Menghasilkan karya seni rupa untuk mengajak orang lain, merespon pengalaman sehari-hari, dan mengekspresikan perasaan atau minat.",AUTO-119,https://kurikulum.kemendikdasmen.go.id/service/download.php?kategori=rujukan&id=119,extracted_machine
LO-SENI-RUPA-F-6.1,SMA,F,Seni Rupa,Mengalami (Experiencing),Mengeksplorasi penggunaan unsur rupa dan prinsip desain dalam benda-benda di sekitar/karya seni rupa.,AUTO-119,https://kurikulum.kemendikdasmen.go.id/service/download.php?kategori=rujukan&id=119,extracted_machine
LO-SENI-RUPA-F-6.2,SMA,F,Seni Rupa,Merefleksikan (Reflecting),"Merefleksikan penggunaan unsur rupa, prinsip desain, dan fungsi dalam karya diri sendiri dan teman sekelas menggunakan kosa kata seni rupa yang sesuai.",AUTO-119,https://kurikulum.kemendikdasmen.go.id/service/download.php?kategori=rujukan&id=119,extracted_machine
LO-SENI-RUPA-F-6.3,SMA,F,Seni Rupa,Berpikir dan Bekerja Artistik ( Thinking and Working Artistically),Menganalisis potensi alat dan bahan yang ada di lingkungan sekitar dan keterhubungan seni rupa dengan kelompok atau bidang keilmuan lain dalam berkarya.,AUTO-119,https://kurikulum.kemendikdasmen.go.id/service/download.php?kategori=rujukan&id=119,extracted_machine
LO-SENI-RUPA-F-6.4,SMA,F,Seni Rupa,Menciptakan ( Making/Creating ),"Membuat karya seni rupa berdasarkan pengalaman dan/atau hasil pengamatan terhadap lingkungan sekitar, dengan mempertimbangkan fungsi, menggunakan gaya atau teknik yang dikuasai.",AUTO-119,https://kurikulum.kemendikdasmen.go.id/service/download.php?kategori=rujukan&id=119,extracted_machine
LO-SENI-RUPA-F-6.5,SMA,F,Seni Rupa,Berdampak ( Impacting ),"Menghasilkan karya seni rupa untuk mengajak orang lain, merespon pengalaman sehari-hari, mengekspresikan perasaan, minat, dan/atau isu sosial dalam masyarakat.",AUTO-119,https://kurikulum.kemendikdasmen.go.id/service/download.php?kategori=rujukan&id=119,extracted_machine
LO-SENI-TARI-A-1.1,SD,A,Seni Tari,Mengalami ( Experiencing ),"Mengenal bentuk tari sebagai media komunikasi serta mengembangkan kesadaran diri dalam bereksplorasi unsur utama tari meliputi gerak, ruang, tenaga, waktu, gerak di tempat dan gerak berpindah.",AUTO-119,https://kurikulum.kemendikdasmen.go.id/service/download.php?kategori=rujukan&id=119,extracted_machine
LO-SENI-TARI-A-1.2,SD,A,Seni Tari,Merefleksikan ( Reflecting ),"Mengidentifikasi unsur utama tari meliputi gerak, ruang, tenaga, waktu, gerak di tempat dan gerak berpindah, serta mengemukakan pencapaian diri secara lisan, tulisan, dan kinestetik.",AUTO-119,https://kurikulum.kemendikdasmen.go.id/service/download.php?kategori=rujukan&id=119,extracted_machine
LO-SENI-TARI-A-1.3,SD,A,Seni Tari,Berpikir dan Bekerja Artistik ( Thinking and Working Artistically ),"Meragakan hasil gerak berdasarkan etika sebagai penampil dan penonton dengan keyakinan dan percaya diri saat mengekspresikan ide, perasaan kepada penonton atau lingkungan sekitar.",AUTO-119,https://kurikulum.kemendikdasmen.go.id/service/download.php?kategori=rujukan&id=119,extracted_machine
LO-SENI-TARI-A-1.4,SD,A,Seni Tari,Menciptakan ( Creating ),"Mengembangkan unsur utama tari (gerak, ruang, waktu, dan tenaga), gerak di tempat, dan gerak berpindah untuk membuat gerak sederhana yang memiliki kesatuan gerak yang indah.",AUTO-119,https://kurikulum.kemendikdasmen.go.id/service/download.php?kategori=rujukan&id=119,extracted_machine
LO-SENI-TARI-A-1.5,SD,A,Seni Tari,Berdampak ( Impacting ),Menerima proses pembelajaran sehingga tumbuh rasa ingin tahu dan dapat menunjukkan antusiasme yang berdampak pada kemampuan diri dalam menyelesaikan aktivitas pembelajaran tari.,AUTO-119,https://kurikulum.kemendikdasmen.go.id/service/download.php?kategori=rujukan&id=119,extracted_machine
LO-SENI-TARI-B-2.1,SD,B,Seni Tari,Mengalami ( Experiencing ),"Mengamati bentuk penyajian tari berdasarkan latar belakang serta mengeksplorasi unsur utama tari sesuai level gerak, dan perubahan arah hadap.",AUTO-119,https://kurikulum.kemendikdasmen.go.id/service/download.php?kategori=rujukan&id=119,extracted_machine
LO-SENI-TARI-B-2.2,SD,B,Seni Tari,Merefleksikan ( Reflecting ),"Mengidentifikasi unsur utama tari sesuai level gerak, dan perubahan arah hadap, serta menilai pencapaian diri saat melakukan aktivitas pembelajaran tari.",AUTO-119,https://kurikulum.kemendikdasmen.go.id/service/download.php?kategori=rujukan&id=119,extracted_machine
LO-SENI-TARI-B-2.3,SD,B,Seni Tari,Berpikir dan Bekerja Artistik ( Thinking and Working Artistically ),Meragakan hasil tari dengan bekerja secara kooperatif untuk mengembangkan kemampuan bekerja sama dan saling menghargai demi tercapainya tujuan bersama.,AUTO-119,https://kurikulum.kemendikdasmen.go.id/service/download.php?kategori=rujukan&id=119,extracted_machine
LO-SENI-TARI-B-2.4,SD,B,Seni Tari,Menciptakan ( Creating ),"Mengembangkan gerak dengan unsur utama tari, level, dan perubahan arah hadap.",AUTO-119,https://kurikulum.kemendikdasmen.go.id/service/download.php?kategori=rujukan&id=119,extracted_machine
LO-SENI-TARI-B-2.5,SD,B,Seni Tari,Berdampak ( Impacting ),Menerima proses pembelajaran sehingga tumbuh rasa ingin tahu dan dapat menunjukkan usaha yang berdampak pada kemampuan diri dalam menyelesaikan aktivitas pembelajaran tari.,AUTO-119,https://kurikulum.kemendikdasmen.go.id/service/download.php?kategori=rujukan&id=119,extracted_machine
LO-SENI-TARI-C-3.1,SD,C,Seni Tari,Mengalami ( Experiencing ),Mengamati berbagai bentuk tari tradisi yang dapat digunakan untuk mengekspresikan diri melalui unsur pendukung tari.,AUTO-119,https://kurikulum.kemendikdasmen.go.id/service/download.php?kategori=rujukan&id=119,extracted_machine
LO-SENI-TARI-C-3.2,SD,C,Seni Tari,Merefleksikan ( Reflecting ),Mengidentifikasi unsur pendukung tari dalam tari tradisi serta menghargai hasil pencapaian diri dengan mempertimbangkan pendapat orang lain.,AUTO-119,https://kurikulum.kemendikdasmen.go.id/service/download.php?kategori=rujukan&id=119,extracted_machine
LO-SENI-TARI-C-3.3,SD,C,Seni Tari,Berpikir dan Bekerja Artistik ( Thinking and Working Artistically ),Meragakan hasil rangkaian gerak tari menggunakan unsur pendukung tari dengan menunjukan kerja sama dan berperan aktif dalam kelompok.,AUTO-119,https://kurikulum.kemendikdasmen.go.id/service/download.php?kategori=rujukan&id=119,extracted_machine
LO-SENI-TARI-C-3.4,SD,C,Seni Tari,Menciptakan ( Creating ),Merangkai gerak tari yang berpijak pada tradisi/ kreasi dengan menerapkan desain kelompok.,AUTO-119,https://kurikulum.kemendikdasmen.go.id/service/download.php?kategori=rujukan&id=119,extracted_machine
LO-SENI-TARI-C-3.5,SD,C,Seni Tari,Berdampak ( Impacting ),Menanggapi kejadian-kejadian di lingkungan sekitar melalui tari yang disajikan kepada penonton atau masyarakat sekitar.,AUTO-119,https://kurikulum.kemendikdasmen.go.id/service/download.php?kategori=rujukan&id=119,extracted_machine
LO-SENI-TARI-D-4.1,SMP,D,Seni Tari,Mengalami ( Experiencing ),"Mengamati latar belakang, jenis, fungsi, dan nilai tari dalam konteks budaya.",AUTO-119,https://kurikulum.kemendikdasmen.go.id/service/download.php?kategori=rujukan&id=119,extracted_machine
LO-SENI-TARI-D-4.2,SMP,D,Seni Tari,Merefleksikan ( Reflecting ),"Mengelompokkan jenis, fungsi, dan nilai tari berdasarkan latar belakang budaya serta mengukur hasil pencapaian karya tari.",AUTO-119,https://kurikulum.kemendikdasmen.go.id/service/download.php?kategori=rujukan&id=119,extracted_machine
LO-SENI-TARI-D-4.3,SMP,D,Seni Tari,Berpikir dan Bekerja Artistik ( Thinking and Working Artistically ),"Merancang konsep tari kreasi yang merefleksikan jenis, fungsi, dan nilai dari tari tradisi dengan mempertimbangkan unsur utama dan pendukung tari.",AUTO-119,https://kurikulum.kemendikdasmen.go.id/service/download.php?kategori=rujukan&id=119,extracted_machine
LO-SENI-TARI-D-4.4,SMP,D,Seni Tari,Menciptakan ( Creating ),Membuat gerak tari kreasi berdasarkan jenis dan fungsi dari tari tradisi dengan menerapkan desain lantai dan level.,AUTO-119,https://kurikulum.kemendikdasmen.go.id/service/download.php?kategori=rujukan&id=119,extracted_machine
LO-SENI-TARI-D-4.5,SMP,D,Seni Tari,Berdampak ( Impacting ),Menghargai dan mengajak orang lain untuk mencintai dan bangga terhadap tari tradisi melalui proses kreatif yang dilakukan.,AUTO-119,https://kurikulum.kemendikdasmen.go.id/service/download.php?kategori=rujukan&id=119,extracted_machine
LO-SENI-TARI-E-5.1,SMA,E,Seni Tari,Mengalami ( Experiencing ),Menginterpretasi makna dan simbol pada tari tradisi/tari kreasi dalam bentuk karya seni pertunjukan.,AUTO-119,https://kurikulum.kemendikdasmen.go.id/service/download.php?kategori=rujukan&id=119,extracted_machine
LO-SENI-TARI-E-5.2,SMA,E,Seni Tari,Merefleksikan ( Reflecting ),Membandingkan makna dan simbol dengan mengapresiasi tari tradisi/tari kreasi.,AUTO-119,https://kurikulum.kemendikdasmen.go.id/service/download.php?kategori=rujukan&id=119,extracted_machine
LO-SENI-TARI-E-5.3,SMA,E,Seni Tari,Berpikir dan Bekerja Artistik ( Thinking and Working Artistically ),Merancang karya tari tradisi/tari kreasi secara individu maupun berkelompok.,AUTO-119,https://kurikulum.kemendikdasmen.go.id/service/download.php?kategori=rujukan&id=119,extracted_machine
LO-SENI-TARI-E-5.4,SMA,E,Seni Tari,Menciptakan ( Creating ),Menata gerak tari berdasarkan makna dan simbol dari tari tradisi/tari kreasi dalam bentuk karya seni pertunjukan.,AUTO-119,https://kurikulum.kemendikdasmen.go.id/service/download.php?kategori=rujukan&id=119,extracted_machine
LO-SENI-TARI-E-5.5,SMA,E,Seni Tari,Berdampak ( Impacting ),Mengaktualisasikan diri melalui pertunjukan tari.,AUTO-119,https://kurikulum.kemendikdasmen.go.id/service/download.php?kategori=rujukan&id=119,extracted_machine
LO-SENI-TARI-F-6.1,SMA,F,Seni Tari,Mengalami ( Experiencing ),"Mengelaborasi tari tradisi/tari kreasi berdasarkan makna, simbol, nilai estetis dari sudut pandang aspek seni sesuai dengan pengalaman dan wawasan.",AUTO-119,https://kurikulum.kemendikdasmen.go.id/service/download.php?kategori=rujukan&id=119,extracted_machine
LO-SENI-TARI-F-6.2,SMA,F,Seni Tari,Merefleksikan ( Reflecting ),Mengevaluasi hasil penciptaan karya tari dengan mengapresiasi nilai estetis tari tradisi/tari kreasi berdasarkan makna dan simbol.,AUTO-119,https://kurikulum.kemendikdasmen.go.id/service/download.php?kategori=rujukan&id=119,extracted_machine
LO-SENI-TARI-F-6.3,SMA,F,Seni Tari,Berpikir dan Bekerja Artistik ( Thinking and Working Artistically ),Mengembangkan penciptaan tari tradisi/kreasi secara individu ataupun kelompok dengan manajemen pertunjukan.,AUTO-119,https://kurikulum.kemendikdasmen.go.id/service/download.php?kategori=rujukan&id=119,extracted_machine
LO-SENI-TARI-F-6.4,SMA,F,Seni Tari,Menciptakan ( Creating ),"Mengkomposisi tari yang terinspirasi dari hasil membandingkan berbagai pertunjukan tari tradisi/tari kreasi berdasarkan makna, simbol, nilai estetis.",AUTO-119,https://kurikulum.kemendikdasmen.go.id/service/download.php?kategori=rujukan&id=119,extracted_machine
LO-SENI-TARI-F-6.5,SMA,F,Seni Tari,Berdampak ( Impacting ),Memiliki karakter diri sehingga dapat mempengaruhi orang lain untuk memberikan apresiasi pertunjukan tari.,AUTO-119,https://kurikulum.kemendikdasmen.go.id/service/download.php?kategori=rujukan&id=119,extracted_machine
LO-SENI-TEATER-A-1.1,SD,A,Seni Teater,Mengalami (Experiencing),"Mengamati, merespons, meniru gerak tubuh dan suara sebagai media untuk mengomunikasikan emosi.",AUTO-119,https://kurikulum.kemendikdasmen.go.id/service/download.php?kategori=rujukan&id=119,extracted_machine
LO-SENI-TEATER-A-1.2,SD,A,Seni Teater,Merefleksikan (Reflection),Mengenali pengalaman dan emosi selama proses berseni teater serta menceritakan sebuah karya dengan kosakata sehari-hari.,AUTO-119,https://kurikulum.kemendikdasmen.go.id/service/download.php?kategori=rujukan&id=119,extracted_machine
LO-SENI-TEATER-A-1.3,SD,A,Seni Teater,Berpikir dan Bekerja Artistik (Thinking and Working Artistically),Mengenal jenis-jenis properti/alat bantu yang dapat mendukung cerita/permainan peran.,AUTO-119,https://kurikulum.kemendikdasmen.go.id/service/download.php?kategori=rujukan&id=119,extracted_machine
LO-SENI-TEATER-A-1.4,SD,A,Seni Teater,Menciptakan (Creating),"Mengeksplorasi beragam peran mengenai tokoh di sekitar atau rekaan, dan memainkan sebuah lakon pertunjukan.",AUTO-119,https://kurikulum.kemendikdasmen.go.id/service/download.php?kategori=rujukan&id=119,extracted_machine
LO-SENI-TEATER-A-1.5,SD,A,Seni Teater,Berdampak (Impacting),Memainkan gerak dan lagu sesuai arahan dari pendidik.,AUTO-119,https://kurikulum.kemendikdasmen.go.id/service/download.php?kategori=rujukan&id=119,extracted_machine
LO-SENI-TEATER-B-2.1,SD,B,Seni Teater,Mengalami (Experiencing),"Mengenal teknik dasar akting (pemeranan) melalui proses meniru (mimesis), mengenal gerak tubuh, suara/vokal sesuai tokoh/peran atau perilaku objek sekitar.",AUTO-119,https://kurikulum.kemendikdasmen.go.id/service/download.php?kategori=rujukan&id=119,extracted_machine
LO-SENI-TEATER-B-2.2,SD,B,Seni Teater,Merefleksikan (Reflection),Mengenali lingkungan sekitarnya dan pengalaman dalam bermain teater.,AUTO-119,https://kurikulum.kemendikdasmen.go.id/service/download.php?kategori=rujukan&id=119,extracted_machine
LO-SENI-TEATER-B-2.3,SD,B,Seni Teater,Bekerja Secara Artistik (Thinking and Working Artistically),Menggunakan properti yang sesuai dengan tokoh yang diperankan.,AUTO-119,https://kurikulum.kemendikdasmen.go.id/service/download.php?kategori=rujukan&id=119,extracted_machine
LO-SENI-TEATER-B-2.4,SD,B,Seni Teater,Menciptakan (Creating),"Mengamati berbagai peran, mengenal tokoh di sekitar, dan memainkan sebuah lakon dalam cerita.",AUTO-119,https://kurikulum.kemendikdasmen.go.id/service/download.php?kategori=rujukan&id=119,extracted_machine
LO-SENI-TEATER-B-2.5,SD,B,Seni Teater,Berdampak (Impacting),Mengenal bentuk lakon dalam bermain teater.,AUTO-119,https://kurikulum.kemendikdasmen.go.id/service/download.php?kategori=rujukan&id=119,extracted_machine
LO-SENI-TEATER-C-3.1,SD,C,Seni Teater,Mengalami (Experiencing),"Melakukan permainan peran berkelompok, seperti improvisasi untuk melatih aksi dan reaksi dalam mengelaborasi cerita atau tokoh dan melakukan pengenalan karakter melalui pengamatan kebiasaan tokoh yang diperankan.",AUTO-119,https://kurikulum.kemendikdasmen.go.id/service/download.php?kategori=rujukan&id=119,extracted_machine
LO-SENI-TEATER-C-3.2,SD,C,Seni Teater,Merefleksikan (Reflection),"Menceritakan pendapatnya tentang sebuah cerita sederhana (penokohan, perwatakan).",AUTO-119,https://kurikulum.kemendikdasmen.go.id/service/download.php?kategori=rujukan&id=119,extracted_machine
LO-SENI-TEATER-C-3.3,SD,C,Seni Teater,Berpikir dan Bekerja Artistik (Thinking and Working Artistically),Mengidentifikasi properti sederhana berdasarkan cerita yang akan dimainkan.,AUTO-119,https://kurikulum.kemendikdasmen.go.id/service/download.php?kategori=rujukan&id=119,extracted_machine
LO-SENI-TEATER-C-3.4,SD,C,Seni Teater,Menciptakan (Creating),Mengenal dan memainkan ragam peran dari cerita sederhana berdasarkan hasil pengamatan.,AUTO-119,https://kurikulum.kemendikdasmen.go.id/service/download.php?kategori=rujukan&id=119,extracted_machine
LO-SENI-TEATER-C-3.5,SD,C,Seni Teater,Berdampak (Impacting),"Memerankan lakon secara individu maupun berkelompok berdasarkan minat, pengamatan, dan pengalaman.",AUTO-119,https://kurikulum.kemendikdasmen.go.id/service/download.php?kategori=rujukan&id=119,extracted_machine
LO-SENI-TEATER-D-4.1,SMP,D,Seni Teater,Mengalami (Experiencing),"Mengeksplorasi olah tubuh, mimik wajah, dan vokal sebagai dasar keaktoran murid; mengidentifikasi karakter melalui analisis karakteristik, dan sosiologis; membuat dan memainkan beragam karakter dengan imajinasi dan kreativitasnya dan mengenal bentuk-bentuk teater.",AUTO-119,https://kurikulum.kemendikdasmen.go.id/service/download.php?kategori=rujukan&id=119,extracted_machine
LO-SENI-TEATER-D-4.2,SMP,D,Seni Teater,Merefleksikan (Reflection),Menjelaskan pengalaman bermain peran dan dampaknya terhadap diri sendiri serta memberikan apresiasi dan umpan balik sesuai dengan pengalaman pribadi.,AUTO-119,https://kurikulum.kemendikdasmen.go.id/service/download.php?kategori=rujukan&id=119,extracted_machine
LO-SENI-TEATER-D-4.3,SMP,D,Seni Teater,Berpikir dan Bekerja Artistik (Thinking and Working Artistically),Mengeksplorasi dan merancang tata artistik panggung dengan mempertimbangkan elemen-elemen rupa yang sederhana dari bahan yang ada di lingkungan sekitar serta memanfaatkan teknologi digital.,AUTO-119,https://kurikulum.kemendikdasmen.go.id/service/download.php?kategori=rujukan&id=119,extracted_machine
LO-SENI-TEATER-D-4.4,SMP,D,Seni Teater,Menciptakan (Creating),Mengidentifikasi karakter dalam sebuah cerita dan menyusun alur cerita sederhana yang jelas dan mudah dipahami; memainkan lakon dengan satu gaya yang sederhana dan mudah dipelajari dan memainkan peran dalam sebuah pertunjukan sederhana di kelas atau satuan pendidikan.,AUTO-119,https://kurikulum.kemendikdasmen.go.id/service/download.php?kategori=rujukan&id=119,extracted_machine
LO-SENI-TEATER-D-4.5,SMP,D,Seni Teater,Berdampak (Impacting),Membuat pertunjukan teater yang relevan dengan kehidupan murid.,AUTO-119,https://kurikulum.kemendikdasmen.go.id/service/download.php?kategori=rujukan&id=119,extracted_machine
LO-SENI-TEATER-E-5.1,SMA,E,Seni Teater,Mengalami (Experiencing),"Menginterpretasi dialog atau naskah dengan ragam teater bergenre propaganda, serta tokoh dan perwatakannya berdasar analisis karakteristik dan sosiologis untuk menunjang pesan/isu cerita secara realis.",AUTO-119,https://kurikulum.kemendikdasmen.go.id/service/download.php?kategori=rujukan&id=119,extracted_machine
LO-SENI-TEATER-E-5.2,SMA,E,Seni Teater,Merefleksikan (Reflection),"Mengapresiasi dan memberikan umpan balik mengenai pesan, kualitas akting, tata artistik, teknologi, dan elaborasi genre pada suatu karya, dengan menggunakan kosakata seni teater yang tepat dan argumentasi berdasarkan teori yang dipelajari.",AUTO-119,https://kurikulum.kemendikdasmen.go.id/service/download.php?kategori=rujukan&id=119,extracted_machine
LO-SENI-TEATER-E-5.3,SMA,E,Seni Teater,Berpikir dan Bekerja Artistik (Thinking and Working Artistically),Mengeksplorasi berbagai peran dan tata artistik panggung yang sesuai dengan cerita/genre yang dipertunjukkan di panggung maupun secara digital.,AUTO-119,https://kurikulum.kemendikdasmen.go.id/service/download.php?kategori=rujukan&id=119,extracted_machine
LO-SENI-TEATER-E-5.4,SMA,E,Seni Teater,Menciptakan (Creating),"Mengeksplorasi beragam peran realis, penulisan naskah orisinal, dan penyusunan cerita/alur pertunjukan.",AUTO-119,https://kurikulum.kemendikdasmen.go.id/service/download.php?kategori=rujukan&id=119,extracted_machine
LO-SENI-TEATER-E-5.5,SMA,E,Seni Teater,Berdampak (Impacting),"Menghasilkan naskah atau pertunjukan berdasarkan minat, pengetahuan, peristiwa aktual, pengalaman, empati, kreativitas, dan respons terhadap isu sosial dalam masyarakat.",AUTO-119,https://kurikulum.kemendikdasmen.go.id/service/download.php?kategori=rujukan&id=119,extracted_machine
LO-SENI-TEATER-F-6.1,SMA,F,Seni Teater,Mengalami (Experiencing),"Menerapkan teknik keaktoran melalui bahasa tubuh, mimik wajah dan vokal untuk menunjukkan kepekaan terhadap persoalan sosial, dan eksplorasi komunikasi nonverbal; melakukan pengamatan mengenai ragam teknik/genre teater, ide penokohan dan peristiwa yang berasal dari karya profesional sebagai inspirasi dalam memproduksi dan menampilkan pertunjukan secara berkolaborasi dengan memanfaatkan platform digital.",AUTO-119,https://kurikulum.kemendikdasmen.go.id/service/download.php?kategori=rujukan&id=119,extracted_machine
LO-SENI-TEATER-F-6.2,SMA,F,Seni Teater,Merefleksikan (Reflection),"Mengapresiasi dan memberikan umpan balik mengenai pesan, kualitas akting, tata artistik, teknologi, dan elaborasi genre, pada suatu karya, dengan menggunakan kosakata seni teater yang tepat dan argumentasi berdasarkan teori yang dipelajari.",AUTO-119,https://kurikulum.kemendikdasmen.go.id/service/download.php?kategori=rujukan&id=119,extracted_machine
LO-SENI-TEATER-F-6.3,SMA,F,Seni Teater,Berpikir dan Bekerja Artistik (Thinking and Working Artistically),Merancang tata artistik berdasarkan peran dan cerita untuk produksi.,AUTO-119,https://kurikulum.kemendikdasmen.go.id/service/download.php?kategori=rujukan&id=119,extracted_machine
LO-SENI-TEATER-F-6.4,SMA,F,Seni Teater,Menciptakan (Creating),"Menciptakan peran baru, naskah orisinal, dan menyusun kembali cerita/alur pertunjukan yang memperlihatkan kejelasan alur dan dinamika cerita/emosi di panggung maupun secara digital.",AUTO-119,https://kurikulum.kemendikdasmen.go.id/service/download.php?kategori=rujukan&id=119,extracted_machine
LO-SENI-TEATER-F-6.5,SMA,F,Seni Teater,Berdampak (Impacting),"Menghasilkan naskah atau pertunjukan berdasarkan minat, pengetahuan, peristiwa aktual, pengalaman, empati, kreativitas, dan respons terhadap ragam topik yang dipilihnya, sehingga memberi dampak positif bagi dirinya dan lingkungan sekitarnya.",AUTO-119,https://kurikulum.kemendikdasmen.go.id/service/download.php?kategori=rujukan&id=119,extracted_machine
LO-PRAKARYA-BUDI-DAYA-D-1.1,SMP,D,Prakarya Budi Daya,Eksplorasi dan Observasi,"Menjelaskan aspek- aspek penting budi daya menjelaskan produk budi daya serta modifikasi bahan, alat, potensi hasil berdasarkan hasil observasi; dan teknik bila diperlukan sesuai lingkungan/kearifan lokal berdasarkan eksplorasi.",AUTO-119,https://kurikulum.kemendikdasmen.go.id/service/download.php?kategori=rujukan&id=119,extracted_machine
LO-PRAKARYA-BUDI-DAYA-D-1.2,SMP,D,Prakarya Budi Daya,Desain/Perencanaan,"Menyusun rencana kegiatan budi daya serta bila diperlukan, sesuai potensi lingkungan/kearifan modifikasi bahan, alat, dan teknik lokal. Menghasilkan produk budi daya yang aman berdasarkan potensi lingkungan/kearifan lokal dengan modifikasi bahan, alat, dan teknik bila diperlukan, serta ditampilkan dalam kemasan",AUTO-119,https://kurikulum.kemendikdasmen.go.id/service/download.php?kategori=rujukan&id=119,extracted_machine
LO-PRAKARYA-BUDI-DAYA-D-1.3,SMP,D,Prakarya Budi Daya,Produksi,sederhana.,AUTO-119,https://kurikulum.kemendikdasmen.go.id/service/download.php?kategori=rujukan&id=119,extracted_machine
LO-PRAKARYA-BUDI-DAYA-D-1.4,SMP,D,Prakarya Budi Daya,Evaluasi dan Refleksi,Mengevaluasi dan merefleksikan proses serta produk budi daya yang dihasilkan.,AUTO-119,https://kurikulum.kemendikdasmen.go.id/service/download.php?kategori=rujukan&id=119,extracted_machine
LO-PRAKARYA-BUDI-DAYA-E-2.1,SMA,E,Prakarya Budi Daya,Eksplorasi dan Observasi,"Menganalisis keragaman teknik budi daya tanaman, jamur, ternak, atau ikan yang bernilai ekonomis.",AUTO-119,https://kurikulum.kemendikdasmen.go.id/service/download.php?kategori=rujukan&id=119,extracted_machine
LO-PRAKARYA-BUDI-DAYA-E-2.2,SMA,E,Prakarya Budi Daya,Desain/Perencanaan,Menyusun rencana kegiatan budi daya dan kelayakannya berdasarkan analisis kebutuhan pasar dan/atau potensi sumber daya yang tersedia.,AUTO-119,https://kurikulum.kemendikdasmen.go.id/service/download.php?kategori=rujukan&id=119,extracted_machine
LO-PRAKARYA-BUDI-DAYA-E-2.3,SMA,E,Prakarya Budi Daya,Produksi,Melakukan kegiatan budi daya berbasis nilai ekonomi produk/ kebutuhan pasar dan/atau sumber daya yang tersedia dan pengemasan yang menarik.,AUTO-119,https://kurikulum.kemendikdasmen.go.id/service/download.php?kategori=rujukan&id=119,extracted_machine
LO-PRAKARYA-BUDI-DAYA-E-2.4,SMA,E,Prakarya Budi Daya,Evaluasi dan Refleksi,Mengevaluasi dan merefleksi proses serta produk budi daya bernilai ekonomis yang dihasilkan.,AUTO-119,https://kurikulum.kemendikdasmen.go.id/service/download.php?kategori=rujukan&id=119,extracted_machine
LO-PRAKARYA-KERAJINAN-D-1.1,SMP,D,Prakarya Kerajinan,Eksplorasi dan Observasi,"Memahami proses observasi dan eksplorasi produk kerajinan berdasarkan karakteristik bentuk, bahan, alat, teknik, prosedur pembuatan sesuai potensi lingkungan/kearifan lokal",AUTO-119,https://kurikulum.kemendikdasmen.go.id/service/download.php?kategori=rujukan&id=119,extracted_machine
LO-PRAKARYA-KERAJINAN-D-1.2,SMP,D,Prakarya Kerajinan,Desain/Perencanaan,"Merancang desain produk kerajinan menggunakan bahan, alat, teknik, dan prosedur pembuatan, dengan mempertimbangkan potensi lingkungan/kearifan lokal.",AUTO-119,https://kurikulum.kemendikdasmen.go.id/service/download.php?kategori=rujukan&id=119,extracted_machine
LO-PRAKARYA-KERAJINAN-D-1.3,SMP,D,Prakarya Kerajinan,Produksi,Membuat produk kerajinan sesuai dengan rancangan serta menampilkan melalui displai produk yang sesuai.,AUTO-119,https://kurikulum.kemendikdasmen.go.id/service/download.php?kategori=rujukan&id=119,extracted_machine
LO-PRAKARYA-KERAJINAN-D-1.4,SMP,D,Prakarya Kerajinan,Evaluasi dan Refleksi,"Pada akhir fase D, murid mampu merefleksikan proses observasi, eksplorasi, desain, dan mengevaluasi produk kerajinan.",AUTO-119,https://kurikulum.kemendikdasmen.go.id/service/download.php?kategori=rujukan&id=119,extracted_machine
LO-PRAKARYA-KERAJINAN-E-2.1,SMA,E,Prakarya Kerajinan,Observasi dan Eksplorasi,Mengeksplorasi beragam produk kerajinan nusantara berdasarkan aspek ergonomis dan nilai ekonomis dari berbagai sumber.,AUTO-119,https://kurikulum.kemendikdasmen.go.id/service/download.php?kategori=rujukan&id=119,extracted_machine
LO-PRAKARYA-KERAJINAN-E-2.2,SMA,E,Prakarya Kerajinan,Desain/ Perencanaan,"Membuat rancangan/desain produk kerajinan nusantara melalui modifikasi bahan, alat, teknik, dan prosedur pembuatan berdasarkan analisis kebutuhan pasar dan/atau potensi sumber daya yang tersedia.",AUTO-119,https://kurikulum.kemendikdasmen.go.id/service/download.php?kategori=rujukan&id=119,extracted_machine
LO-PRAKARYA-KERAJINAN-E-2.3,SMA,E,Prakarya Kerajinan,Produksi,Membuat produk kerajinan nusantara bernilai ekonomis berdasarkan desain yang dibuat dan ditampilkan dengan displai dan /atau kemasan produk.,AUTO-119,https://kurikulum.kemendikdasmen.go.id/service/download.php?kategori=rujukan&id=119,extracted_machine
LO-PRAKARYA-KERAJINAN-E-2.4,SMA,E,Prakarya Kerajinan,Refleksi dan Evaluasi,"Menggunakan hasil refleksi dari observasi, eksplorasi, desain, dan produksi untuk mengevaluasi produk kerajinan dan memberikan saran perbaikan.",AUTO-119,https://kurikulum.kemendikdasmen.go.id/service/download.php?kategori=rujukan&id=119,extracted_machine
LO-PRAKARYA-PENGOLAHAN-D-1.1,SMP,D,Prakarya Pengolahan,Observasi dan Eksplorasi,"Mengidentifikasi dan mengomunikasikan karakteristik bahan, alat, teknik pengolahan, pengemasan, dan penyajian produk olahan pangan dan atau nonpangan sesuai potensi lingkungan.",AUTO-119,https://kurikulum.kemendikdasmen.go.id/service/download.php?kategori=rujukan&id=119,extracted_machine
LO-PRAKARYA-PENGOLAHAN-D-1.2,SMP,D,Prakarya Pengolahan,Perencanaan,"Merancang modifikasi bahan, alat, atau teknik pengolahan, pengemasan atau penyajian produk olahan pangan dan atau nonpangan. Membuat, mengemas, dan menyajikan produk olahan pangan dan atau nonpangan hasil rancangan modifikasi dengan menerapkan K3",AUTO-119,https://kurikulum.kemendikdasmen.go.id/service/download.php?kategori=rujukan&id=119,extracted_machine
LO-PRAKARYA-PENGOLAHAN-D-1.3,SMP,D,Prakarya Pengolahan,Produksi,(kesehatan dan keselamatan kerja).,AUTO-119,https://kurikulum.kemendikdasmen.go.id/service/download.php?kategori=rujukan&id=119,extracted_machine
LO-PRAKARYA-PENGOLAHAN-D-1.4,SMP,D,Prakarya Pengolahan,Refleksi dan Evaluasi,Mengevaluasi dan merefleksi setiap tahapan produksi olahan pangan dan atau nonpangan hasil modifikasi.,AUTO-119,https://kurikulum.kemendikdasmen.go.id/service/download.php?kategori=rujukan&id=119,extracted_machine
LO-PRAKARYA-PENGOLAHAN-E-2.1,SMA,E,Prakarya Pengolahan,Observasi dan Eksplorasi,"Menganalisis dan menginformasikan bahan, alat, dan teknik pengolahan, pengemasan, dan penyajian produk olahan pangan nusantara dan atau nonpangan.",AUTO-119,https://kurikulum.kemendikdasmen.go.id/service/download.php?kategori=rujukan&id=119,extracted_machine
LO-PRAKARYA-PENGOLAHAN-E-2.2,SMA,E,Prakarya Pengolahan,Perencanaan,Merancang pengembangan produk olahan pangan nusantara dan atau nonpangan secara sistematis dan kreatif.,AUTO-119,https://kurikulum.kemendikdasmen.go.id/service/download.php?kategori=rujukan&id=119,extracted_machine
LO-PRAKARYA-PENGOLAHAN-E-2.3,SMA,E,Prakarya Pengolahan,Produksi,"Membuat, mengemas, dan menyajikan produk olahan pangan nusantara dan atau nonpangan hasil rancangan pengembangan secara kreatif dan inovatif.",AUTO-119,https://kurikulum.kemendikdasmen.go.id/service/download.php?kategori=rujukan&id=119,extracted_machine
LO-PRAKARYA-PENGOLAHAN-E-2.4,SMA,E,Prakarya Pengolahan,Refleksi dan Evaluasi,Mengevaluasi dan merefleksi setiap tahapan pengembangan produk olahan pangan nusantara dan atau nonpangan.,AUTO-119,https://kurikulum.kemendikdasmen.go.id/service/download.php?kategori=rujukan&id=119,extracted_machine
LO-PRAKARYA-REKAYASA-D-1.1,SMP,D,Prakarya Rekayasa,Observasi dan eksplorasi,"Menganalisis aspek-aspek yang penting diobservasi dan mengeksplorasi produk rekayasa teknologi tepat guna ergonomis berdasarkan karakteristik bahan, alat, teknik, atau dalam pengembangan produk rekayasa yang kreatif, inovatif, dan bernilai prosedur pembuatan.",AUTO-119,https://kurikulum.kemendikdasmen.go.id/service/download.php?kategori=rujukan&id=119,extracted_machine
LO-PRAKARYA-REKAYASA-D-1.2,SMP,D,Prakarya Rekayasa,Desain/perencanaan,"Merancang desain produk rekayasa teknologi tepat guna yang bernilai ergonomis melalui modifikasi bahan, alat, teknik, atau prosedur pembuatan dengan memperhatikan potensi dan dampak lingkungan yang siap dikembangkan menjadi model.",AUTO-119,https://kurikulum.kemendikdasmen.go.id/service/download.php?kategori=rujukan&id=119,extracted_machine
LO-PRAKARYA-REKAYASA-D-1.3,SMP,D,Prakarya Rekayasa,Produksi,"Membuat model/prototipe produk rekayasa teknologi tepat guna yang bernilai ergonomis sesuai dengan kebutuhan lingkungan dan/atau kearifan lokal melalui modifikasi bentuk, alat, teknik, atau prosedur pembuatan serta berdampak pada lingkungan maupun kehidupan sehari-hari.",AUTO-119,https://kurikulum.kemendikdasmen.go.id/service/download.php?kategori=rujukan&id=119,extracted_machine
LO-PRAKARYA-REKAYASA-D-1.4,SMP,D,Prakarya Rekayasa,Refleksi dan Evaluasi,"Merefleksikan proses dan hasil observasi, eksplorasi, desain, dan evaluasi produk berdasarkan fungsi dan nilai guna.",AUTO-119,https://kurikulum.kemendikdasmen.go.id/service/download.php?kategori=rujukan&id=119,extracted_machine
LO-PRAKARYA-REKAYASA-E-2.1,SMA,E,Prakarya Rekayasa,Observasi dan eksplorasi,"Menganalisis aspek-aspek yang penting diobservasi dalam pengembangan produk rekayasa teknologi terapan; mengeksplorasi karakteristik bahan, alat, teknik, prosedur pembuatan produk prototipe /dummy /model rekayasa teknologi terapan berdasarkan analisis kebutuhan, kelayakan fungsi, atau nilai ekonomis.",AUTO-119,https://kurikulum.kemendikdasmen.go.id/service/download.php?kategori=rujukan&id=119,extracted_machine
LO-PRAKARYA-REKAYASA-E-2.2,SMA,E,Prakarya Rekayasa,Desain/perencanaan,"Membuat rancangan prototipe/ dummy/ model rekayasa teknologi terapan dari hasil mengeksplorasi bahan, teknik, alat, dan prosedur pembuatan, serta memperhatikan potensi budaya, kearifan lokal dan teknologi yang siap dikembangkan.",AUTO-119,https://kurikulum.kemendikdasmen.go.id/service/download.php?kategori=rujukan&id=119,extracted_machine
LO-PRAKARYA-REKAYASA-E-2.3,SMA,E,Prakarya Rekayasa,Produksi,"Membuat produk rekayasa teknologi terapan sesuai dengan kebutuhan lingkungan melalui modifikasi bahan, alat, teknik, dan prosedur pembuatan yang berdampak pada lingkungan maupun kehidupan sehari-hari.",AUTO-119,https://kurikulum.kemendikdasmen.go.id/service/download.php?kategori=rujukan&id=119,extracted_machine
LO-PRAKARYA-REKAYASA-E-2.4,SMA,E,Prakarya Rekayasa,Refleksi dan Evaluasi,"Memberi penilaian dan saran perbaikan produk rekayasa teknologi terapan karya diri sendiri, teman sebaya, maupun dari sumber yang lain; merefleksikan proses dan hasil observasi, eksplorasi, desain, dan evaluasi produk berdasarkan kajian ilmiah terhadap fungsi dan nilai guna.",AUTO-119,https://kurikulum.kemendikdasmen.go.id/service/download.php?kategori=rujukan&id=119,extracted_machine
LO-PENDIDIKAN-JASMANI-OLAHRAGA-DAN-KESEHATAN-A-1.1,SD,A,"Pendidikan Jasmani, Olahraga, dan Kesehatan",Terampil Bergerak,dan menerapkannya dalam berbagai strategi gerak; dan mengeksplorasi konsep gerak serta Mempraktikkan keterampilan gerak fundamental situasi gerak yang berbeda; mengeksplorasi berbagai berbagai menyimpulkan efektivitasnya.,AUTO-119,https://kurikulum.kemendikdasmen.go.id/service/download.php?kategori=rujukan&id=119,extracted_machine
LO-PENDIDIKAN-JASMANI-OLAHRAGA-DAN-KESEHATAN-A-1.2,SD,A,"Pendidikan Jasmani, Olahraga, dan Kesehatan",Belajar Melalui Gerak fair jasmani; ketika,Menaati peraturan untuk menumbuhkan play di dalam berbagai aktivitas menerapkan strategi kolaborasi berpartisipasi dalam aktivitas jasmani.,AUTO-119,https://kurikulum.kemendikdasmen.go.id/service/download.php?kategori=rujukan&id=119,extracted_machine
LO-PENDIDIKAN-JASMANI-OLAHRAGA-DAN-KESEHATAN-A-1.3,SD,A,"Pendidikan Jasmani, Olahraga, dan Kesehatan",Bergaya Hidup Aktif,Berpartisipasi di dalam berbagai aktivitas jasmani dan mengidentifikasi manfaatnya.,AUTO-119,https://kurikulum.kemendikdasmen.go.id/service/download.php?kategori=rujukan&id=119,extracted_machine
LO-PENDIDIKAN-JASMANI-OLAHRAGA-DAN-KESEHATAN-A-1.4,SD,A,"Pendidikan Jasmani, Olahraga, dan Kesehatan",Memilih Hidup yang Menyehatkan,Mengenali gaya hidup aktif dan sehat; mengenali manfaat komponen makanan bergizi seimbang; serta mengenali situasi dan potensi yang berisiko terhadap kesehatan dan keselamatan serta strategi mencari bantuan kepada orang dewasa terpercaya.,AUTO-119,https://kurikulum.kemendikdasmen.go.id/service/download.php?kategori=rujukan&id=119,extracted_machine
LO-PENDIDIKAN-JASMANI-OLAHRAGA-DAN-KESEHATAN-B-2.1,SD,B,"Pendidikan Jasmani, Olahraga, dan Kesehatan",Terampil Bergerak,Menghaluskan keterampilan gerak fundamental dan menerapkannya dalam situasi gerak yang baru; menyesuaikan strategi gerak untuk mendapatkan capaian keterampilan gerak; dan memperagakan berbagai konsep gerak yang dapat diterapkan dalam rangkaian gerak.,AUTO-119,https://kurikulum.kemendikdasmen.go.id/service/download.php?kategori=rujukan&id=119,extracted_machine
LO-PENDIDIKAN-JASMANI-OLAHRAGA-DAN-KESEHATAN-B-2.2,SD,B,"Pendidikan Jasmani, Olahraga, dan Kesehatan",Belajar Melalui Gerak,Menerapkan strategi gerak sederhana dan memecahkan masalah gerak; menerapkan peraturan untuk menumbuhkan fair play di dalam berbagai aktivitas jasmani; dan berpartisipasi secara positif dalam kelompok atau tim di dalam berbagai aktivitas jasmani.,AUTO-119,https://kurikulum.kemendikdasmen.go.id/service/download.php?kategori=rujukan&id=119,extracted_machine
LO-PENDIDIKAN-JASMANI-OLAHRAGA-DAN-KESEHATAN-B-2.3,SD,B,"Pendidikan Jasmani, Olahraga, dan Kesehatan",Bergaya Hidup Aktif,Berpartisipasi dalam berbagai aktivitas jasmani dan mengenali faktor-faktor yang menyebabkan aktivitas jasmani menyenangkan.,AUTO-119,https://kurikulum.kemendikdasmen.go.id/service/download.php?kategori=rujukan&id=119,extracted_machine
LO-PENDIDIKAN-JASMANI-OLAHRAGA-DAN-KESEHATAN-B-2.4,SD,B,"Pendidikan Jasmani, Olahraga, dan Kesehatan",Memilih Hidup yang Menyehatkan,Mengenali risiko kesehatan akibat gaya hidup dan berbagai aktivitas jasmani untuk pencegahannya; mengidentifikasi pola makan sehat dan bergizi seimbang sesuai rekomendasi kesehatan untuk menunjang aktivitas sehari-hari; dan mempraktikkan penanganan cedera ringan sesuai pemahaman tentang prinsip pertolongan pertama.,AUTO-119,https://kurikulum.kemendikdasmen.go.id/service/download.php?kategori=rujukan&id=119,extracted_machine
LO-PENDIDIKAN-JASMANI-OLAHRAGA-DAN-KESEHATAN-C-3.1,SD,C,"Pendidikan Jasmani, Olahraga, dan Kesehatan",Terampil Bergerak,Menyesuaikan keterampilan gerak melintasi berbagai situasi gerak; mentransfer strategi gerak yang sudah dikuasai ke dalam berbagai situasi gerak yang berbeda; dan menginvestigasi berbagai konsep gerak yang dapat diterapkan untuk meningkatkan capaian keterampilan gerak,AUTO-119,https://kurikulum.kemendikdasmen.go.id/service/download.php?kategori=rujukan&id=119,extracted_machine
LO-PENDIDIKAN-JASMANI-OLAHRAGA-DAN-KESEHATAN-C-3.2,SD,C,"Pendidikan Jasmani, Olahraga, dan Kesehatan",Belajar Melalui Gerak,Menguji efektivitas penerapan strategi gerak dalam berbagai situasi gerak; merancang peraturan alternatif dan modifikasi permainan untuk mendukung fair play dan partisipasi inklusif; dan menjalankan berbagai peran untuk mencapai keberhasilan kelompok atau tim di dalam berbagai aktivitas jasmani.,AUTO-119,https://kurikulum.kemendikdasmen.go.id/service/download.php?kategori=rujukan&id=119,extracted_machine
LO-PENDIDIKAN-JASMANI-OLAHRAGA-DAN-KESEHATAN-C-3.3,SD,C,"Pendidikan Jasmani, Olahraga, dan Kesehatan",Bergaya Hidup Aktif,Berpartisipasi dalam aktivitas jasmani dan menjelaskan pengaruh aktivitas jasmani yang teratur terhadap kesehatan; mengidentifikasi rekomendasi aktivitas jasmani serta pencegahan perilaku sedenter.,AUTO-119,https://kurikulum.kemendikdasmen.go.id/service/download.php?kategori=rujukan&id=119,extracted_machine
LO-PENDIDIKAN-JASMANI-OLAHRAGA-DAN-KESEHATAN-C-3.4,SD,C,"Pendidikan Jasmani, Olahraga, dan Kesehatan",Memilih Hidup yang Menyehatkan,"Mengidentifikasi dan menghubungkan antara gaya hidup, risiko kesehatan, dan aktivitas pencegahannya sesuai rekomendasi otoritas kesehatan; menjelaskan pola makan sehat untuk menunjang aktivitas jasmani berdasarkan informasi kandungan gizi pada makanan; dan mempraktikkan penanganan cedera sedang sesuai pemahaman tentang prinsip pertolongan pertama.",AUTO-119,https://kurikulum.kemendikdasmen.go.id/service/download.php?kategori=rujukan&id=119,extracted_machine
LO-PENDIDIKAN-JASMANI-OLAHRAGA-DAN-KESEHATAN-D-4.1,SMP,D,"Pendidikan Jasmani, Olahraga, dan Kesehatan",Terampil Bergerak,Menerapkan keterampilan gerak serta mentransfernya ke dalam berbagai situasi gerak; memperagakan strategi gerak yang dapat dimanfaatkan untuk meningkatkan capaian keterampilan gerak.,AUTO-119,https://kurikulum.kemendikdasmen.go.id/service/download.php?kategori=rujukan&id=119,extracted_machine
LO-PENDIDIKAN-JASMANI-OLAHRAGA-DAN-KESEHATAN-D-4.2,SMP,D,"Pendidikan Jasmani, Olahraga, dan Kesehatan",Belajar Melalui Gerak,"Membuktikan strategi gerak yang paling efektif dalam situasi gerak yang berbeda; menginvestigasi modifikasi peraturan yang mendukung fair play dan partisipasi inklusif; menerapkan kepemimpinan, kolaborasi, dan pengambilan keputusan kelompok ketika berpartisipasi di dalam berbagai aktivitas jasmani.",AUTO-119,https://kurikulum.kemendikdasmen.go.id/service/download.php?kategori=rujukan&id=119,extracted_machine
LO-PENDIDIKAN-JASMANI-OLAHRAGA-DAN-KESEHATAN-D-4.3,SMP,D,"Pendidikan Jasmani, Olahraga, dan Kesehatan",Bergaya Hidup Aktif,Berpartisipasi dalam aktivitas jasmani dan menjelaskan reaksi tubuh terhadap berbagai tingkat intensitas yang berbeda; menjelaskan strategi peningkatan aktivitas jasmani dan pencegahan perilaku sedenter.,AUTO-119,https://kurikulum.kemendikdasmen.go.id/service/download.php?kategori=rujukan&id=119,extracted_machine
LO-PENDIDIKAN-JASMANI-OLAHRAGA-DAN-KESEHATAN-D-4.4,SMP,D,"Pendidikan Jasmani, Olahraga, dan Kesehatan",Memilih Hidup yang Menyehatkan,Menganalisis risiko kesehatan akibat gaya hidup dan merancang tindakan pencegahan melalui aktivitas jasmani berdasarkan rekomendasi otoritas kesehatan; merancang pola makan sehat berdasarkan analisis kandungan gizi sesuai serta menangani cedera yang berisiko terhadap kesehatan dan prinsip pertolongan kebutuhan aktivitas jasmani; mempraktikkan prosedur untuk keselamatan berdasarkan pertama.,AUTO-119,https://kurikulum.kemendikdasmen.go.id/service/download.php?kategori=rujukan&id=119,extracted_machine
LO-PENDIDIKAN-JASMANI-OLAHRAGA-DAN-KESEHATAN-E-5.1,SMA,E,"Pendidikan Jasmani, Olahraga, dan Kesehatan",Terampil Bergerak,Menerapkan keterampilan gerak spesifik di dalam berbagai situasi gerak yang menantang; mengembangkan strategi gerak untuk mendapatkan keberhasilan capaian keterampilan gerak melintasi berbagai situasi gerak yang menantang.,AUTO-119,https://kurikulum.kemendikdasmen.go.id/service/download.php?kategori=rujukan&id=119,extracted_machine
LO-PENDIDIKAN-JASMANI-OLAHRAGA-DAN-KESEHATAN-E-5.2,SMA,E,"Pendidikan Jasmani, Olahraga, dan Kesehatan",Belajar Melalui Gerak,Merefleksikan transfer strategi gerak yang telah dikuasai dalam situasi gerak yang berbeda; memperagakan fair play dan mengevaluasi pengaruh perilaku etis terhadap capaian aktivitas jasmani bagi individu dan kelompok; serta menerapkan strategi pengambilan keputusan dalam kerja tim yang mempertunjukkan keterampilan kepemimpinan dan kolaborasi.,AUTO-119,https://kurikulum.kemendikdasmen.go.id/service/download.php?kategori=rujukan&id=119,extracted_machine
LO-PENDIDIKAN-JASMANI-OLAHRAGA-DAN-KESEHATAN-E-5.3,SMA,E,"Pendidikan Jasmani, Olahraga, dan Kesehatan",Bergaya Hidup Aktif,Berpartisipasi dalam aktivitas kebugaran dan menginvestigasi dampak partisipasi yang teratur terhadap kesehatan; merancang strategi peningkatan aktivitas kebugaran untuk kesehatan.,AUTO-119,https://kurikulum.kemendikdasmen.go.id/service/download.php?kategori=rujukan&id=119,extracted_machine
LO-PENDIDIKAN-JASMANI-OLAHRAGA-DAN-KESEHATAN-E-5.4,SMA,E,"Pendidikan Jasmani, Olahraga, dan Kesehatan",Memilih Hidup yang Menyehatkan,Mengevaluasi risiko kesehatan akibat gaya hidup dan tindakan pencegahan melalui aktivitas jasmani serta mempromosikannya menggunakan berbagai media; mengevaluasi pola makan sehat berdasarkan analisis kandungan gizi sesuai kebutuhan aktivitas jasmani. murid mempraktikkan pertolongan pertama.,AUTO-119,https://kurikulum.kemendikdasmen.go.id/service/download.php?kategori=rujukan&id=119,extracted_machine
LO-PENDIDIKAN-JASMANI-OLAHRAGA-DAN-KESEHATAN-F-6.1,SMA,F,"Pendidikan Jasmani, Olahraga, dan Kesehatan",Terampil Bergerak,Mengevaluasi keterampilan gerak spesifik di dalam berbagai situasi gerak yang menantang untuk meningkatkan kinerja gerak; mengevaluasi strategi gerak untuk mendapatkan keberhasilan capaian keterampilan gerak melintasi berbagai situasi gerak yang menantang,AUTO-119,https://kurikulum.kemendikdasmen.go.id/service/download.php?kategori=rujukan&id=119,extracted_machine
LO-PENDIDIKAN-JASMANI-OLAHRAGA-DAN-KESEHATAN-F-6.2,SMA,F,"Pendidikan Jasmani, Olahraga, dan Kesehatan",Belajar Melalui Gerak,Mengevaluasi strategi gerak yang telah dikuasai dalam situasi gerak baru yang menantang; mengevaluasi fair play dan merefleksikan pengaruh perilaku etis terhadap capaian aktivitas jasmani bagi individu dan kelompok; dan mengevaluasi strategi pengambilan keputusan dalam kerja tim yang mempertunjukkan keterampilan kepemimpinan dan kolaborasi.,AUTO-119,https://kurikulum.kemendikdasmen.go.id/service/download.php?kategori=rujukan&id=119,extracted_machine
LO-PENDIDIKAN-JASMANI-OLAHRAGA-DAN-KESEHATAN-F-6.3,SMA,F,"Pendidikan Jasmani, Olahraga, dan Kesehatan",Bergaya Hidup Aktif,Berpartisipasi dalam aktivitas kebugaran dan mengevaluasi dampak partisipasi yang teratur terhadap kesehatan; mengevaluasi efektivitas strategi peningkatan aktivitas kebugaran untuk kesehatan.,AUTO-119,https://kurikulum.kemendikdasmen.go.id/service/download.php?kategori=rujukan&id=119,extracted_machine
LO-PENDIDIKAN-JASMANI-OLAHRAGA-DAN-KESEHATAN-F-6.4,SMA,F,"Pendidikan Jasmani, Olahraga, dan Kesehatan",Memilih Hidup yang Menyehatkan,Mengadvokasi gaya hidup aktif dan sehat melalui aktivitas jasmani menggunakan berbagai media; mengadvokasi pola makan sehat dan bergizi seimbang kepada orang lain sesuai kebutuhan aktivitas jasmaninya; dan mempraktikkan tindakan penyelamatan hidup sesuai prosedur operasional standar (POS).,AUTO-119,https://kurikulum.kemendikdasmen.go.id/service/download.php?kategori=rujukan&id=119,extracted_machine
LO-KODING-DAN-KECERDASAN-ARTIFISIAL-C-1.1,SD,C,Koding dan Kecerdasan Artifisial,Berpikir Komputasional,"Memahami permasalahan sederhana dalam kehidupan sehari-hari, menerapkan pemecahan masalah secara sistematis, serta menuliskan instruksi logis dan terstruktur menggunakan sekumpulan kosakata atau simbol.",AUTO-119,https://kurikulum.kemendikdasmen.go.id/service/download.php?kategori=rujukan&id=119,extracted_machine
LO-KODING-DAN-KECERDASAN-ARTIFISIAL-C-1.2,SD,C,Koding dan Kecerdasan Artifisial,Literasi Digital,"Memahami konsep dasar, manfaat, dan dampak teknologi digital, memahami sistem komputer tingkat pradasar, menerapkan pengamanan informasi pribadi dalam komunikasi daring, memanfaatkan internet, dan memproduksi serta mendiseminasi konten digital dalam bentuk teks dan gambar.",AUTO-119,https://kurikulum.kemendikdasmen.go.id/service/download.php?kategori=rujukan&id=119,extracted_machine
LO-KODING-DAN-KECERDASAN-ARTIFISIAL-C-1.3,SD,C,Koding dan Kecerdasan Artifisial,Literasi dan Etika Kecerdasan Artifisial,"Memahami konsep KA sederhana, manfaat dan dampak KA pada kehidupan sehari-hari, prinsip bahwa KA dikembangkan untuk meningkatkan kesejahteraan manusia dan tidak boleh merugikan manusia, mengetahui perbedaan manusia dan komputer dalam melakukan penginderaan, dan mengetahui perbedaan antara mesin cerdas dan mesin non-cerdas. Memahami etika dasar penggunaan KA seperti empati dan tidak menyakiti orang lain.",AUTO-119,https://kurikulum.kemendikdasmen.go.id/service/download.php?kategori=rujukan&id=119,extracted_machine
LO-KODING-DAN-KECERDASAN-ARTIFISIAL-C-1.4,SD,C,Koding dan Kecerdasan Artifisial,Pemanfaatan dan Pengembangan Kecerdasan Artifisial,"Menyimulasikan secara sederhana kerja KA saat mengenali pola, mengklasifikasi benda konkret berdasarkan sifatnya, dan mengetahui bagaimana prediksi sistem KA dipengaruhi input benda konkret.",AUTO-119,https://kurikulum.kemendikdasmen.go.id/service/download.php?kategori=rujukan&id=119,extracted_machine
LO-KODING-DAN-KECERDASAN-ARTIFISIAL-D-2.1,SMP,D,Koding dan Kecerdasan Artifisial,Berpikir Komputasional,"Menerapkan pengelolaan data, pemecahan masalah sederhana dalam kehidupan masyarakat secara sistematis, dan menuliskan instruksi.",AUTO-119,https://kurikulum.kemendikdasmen.go.id/service/download.php?kategori=rujukan&id=119,extracted_machine
LO-KODING-DAN-KECERDASAN-ARTIFISIAL-D-2.2,SMP,D,Koding dan Kecerdasan Artifisial,Literasi Digital,"Memproduksi dan mendiseminasi konten digital berupa audio, video, slide, dan infografis.",AUTO-119,https://kurikulum.kemendikdasmen.go.id/service/download.php?kategori=rujukan&id=119,extracted_machine
LO-KODING-DAN-KECERDASAN-ARTIFISIAL-D-2.3,SMP,D,Koding dan Kecerdasan Artifisial,Literasi dan Etika Kecerdasan Artifisial,"Memahami perbedaan cara manusia dan KA menggabungkan informasi dari beberapa perangkat penginderaan atau sensor, memahami bagaimana komputer memaknai informasi dari perangkat penginderaan atau sensor, memahami kualitas data, serta manfaat dan dampak KA pada kehidupan masyarakat. Memahami etika penggunaan KA dalam kehidupan sehari-hari seperti menjaga data pribadi dalam menggunakan KA, KA adalah sebagai alat bantu sehingga manusia tidak boleh tergantung dan percaya sepenuhnya pada KA karena KA masih sangat mungkin menghasilkan output yang salah, bias, atau melakukan halusinasi, serta menganalisis konten deep fake dalam bentuk gambar, audio, atau video.",AUTO-119,https://kurikulum.kemendikdasmen.go.id/service/download.php?kategori=rujukan&id=119,extracted_machine
LO-KODING-DAN-KECERDASAN-ARTIFISIAL-D-2.4,SMP,D,Koding dan Kecerdasan Artifisial,Pemanfaatan dan Pengembangan Kecerdasan Artifisial,Menggunakan perangkat KA sederhana dengan kritis dan mampu menuliskan input bermakna ke dalam sistem KA.,AUTO-119,https://kurikulum.kemendikdasmen.go.id/service/download.php?kategori=rujukan&id=119,extracted_machine
LO-KODING-DAN-KECERDASAN-ARTIFISIAL-E-3.1,SMA,E,Koding dan Kecerdasan Artifisial,Berpikir Komputasional,Menerapkan berpikir komputasional untuk memecahkan permasalahan sehari-hari yang kompleks.,AUTO-119,https://kurikulum.kemendikdasmen.go.id/service/download.php?kategori=rujukan&id=119,extracted_machine
LO-KODING-DAN-KECERDASAN-ARTIFISIAL-E-3.2,SMA,E,Koding dan Kecerdasan Artifisial,Literasi Digital,Menerapkan produksi dan diseminasi konten digital dalam bentuk sajian multimedia.,AUTO-119,https://kurikulum.kemendikdasmen.go.id/service/download.php?kategori=rujukan&id=119,extracted_machine
LO-KODING-DAN-KECERDASAN-ARTIFISIAL-E-3.3,SMA,E,Koding dan Kecerdasan Artifisial,Algoritma Pemrograman,Membandingkan beberapa algoritma dan menerapkan algoritma pemrograman untuk menghasilkan aplikasi.,AUTO-119,https://kurikulum.kemendikdasmen.go.id/service/download.php?kategori=rujukan&id=119,extracted_machine
LO-KODING-DAN-KECERDASAN-ARTIFISIAL-E-3.4,SMA,E,Koding dan Kecerdasan Artifisial,Analisis Data,Memahami konsep dasar basis data dan menerapkan pengolahan data pada basis data.,AUTO-119,https://kurikulum.kemendikdasmen.go.id/service/download.php?kategori=rujukan&id=119,extracted_machine
LO-KODING-DAN-KECERDASAN-ARTIFISIAL-E-3.5,SMA,E,Koding dan Kecerdasan Artifisial,Literasi dan Etika Kecerdasan Artifisial,"Memahami bagaimana KA mengenali pola citra dan suara, dan memahami profesi di bidang KA; memahami bahwa manusia harus memikul tanggung jawab etika dan hukum atas penggunaan KA sehingga pada kondisi tertentu pengambilan keputusan tidak sepenuhnya diserahkan pada KA.",AUTO-119,https://kurikulum.kemendikdasmen.go.id/service/download.php?kategori=rujukan&id=119,extracted_machine
LO-KODING-DAN-KECERDASAN-ARTIFISIAL-E-3.6,SMA,E,Koding dan Kecerdasan Artifisial,Pemanfaatan dan Pengembangan Kecerdasan Artifisial,"Menerapkan prompt engineering pada KA generatif, mengevaluasi konten berbasis KA, dan memahami AI system design melalui proses design thinking.",AUTO-119,https://kurikulum.kemendikdasmen.go.id/service/download.php?kategori=rujukan&id=119,extracted_machine
LO-KODING-DAN-KECERDASAN-ARTIFISIAL-F-4.1,SMA,F,Koding dan Kecerdasan Artifisial,Berpikir Komputasional,Menerapkan berpikir komputasional untuk memecahkan permasalahan kompleks di kehidupan masyarakat dan melakukan prediksi.,AUTO-119,https://kurikulum.kemendikdasmen.go.id/service/download.php?kategori=rujukan&id=119,extracted_machine
LO-KODING-DAN-KECERDASAN-ARTIFISIAL-F-4.2,SMA,F,Koding dan Kecerdasan Artifisial,Literasi Digital,Menerapkan produksi dan diseminasi konten digital tingkat lanjut untuk mendukung pengembangan aplikasi dan KA.,AUTO-119,https://kurikulum.kemendikdasmen.go.id/service/download.php?kategori=rujukan&id=119,extracted_machine
LO-KODING-DAN-KECERDASAN-ARTIFISIAL-F-4.3,SMA,F,Koding dan Kecerdasan Artifisial,Algoritma Pemrograman,"Memahami algoritma dan menerapkan pemrograman berorientasi objek, menerapkan engineering process , dan mengembangkan aplikasi untuk perangkat IoT atau aplikasi kompleks lainnya",AUTO-119,https://kurikulum.kemendikdasmen.go.id/service/download.php?kategori=rujukan&id=119,extracted_machine
LO-KODING-DAN-KECERDASAN-ARTIFISIAL-F-4.4,SMA,F,Koding dan Kecerdasan Artifisial,Analisis Data,"Memahami data encoding, menerapkan basis data dalam pengembangan aplikasi, dan memahami mahadata.",AUTO-119,https://kurikulum.kemendikdasmen.go.id/service/download.php?kategori=rujukan&id=119,extracted_machine
LO-KODING-DAN-KECERDASAN-ARTIFISIAL-F-4.5,SMA,F,Koding dan Kecerdasan Artifisial,Literasi dan Etika Kecerdasan Artifisial,"Memahami dampak KA terhadap ketenagakerjaan dan bidang lainnya. memahami bahwa pengembang KA harus bertanggung jawab dan mematuhi prinsip human-centered dan etika yang ada. Salinan sesuai dengan aslinya, Kepala Bagian Keuangan dan Umum, Kecerdasan Machine Language KA dengan menggunakan model KA yang sudah ada, dan menyelesaikan permasalahan sederhana dalam kehidupan sehari-hari dengan menggunakan KA. 4.6. Pemanfaatan dan Pengembangan Artifisial Memahami dasar-dasar algoritma Learning, dasar-dasar Natural Processing, mengembangkan model sederhana, mengembangkan aplikasi KEPALA BADAN TTD. TONI TOHARUDIN NIP 197004011995121001 SALINAN LAMPIRAN III KEPUTUSAN KEPALA BADAN STANDAR, KURIKULUM, DAN ASESMEN PENDIDIKAN KEMENTERIAN PENDIDIKAN DASAR DAN MENENGAH NOMOR 046/H/KR/2025 TENTANG CAPAIAN PEMBELAJARAN PADA PENDIDIKAN ANAK USIA DINI, JENJANG PENDIDIKAN DASAR, DAN JENJANG PENDIDIKAN MENENGAH",AUTO-119,https://kurikulum.kemendikdasmen.go.id/service/download.php?kategori=rujukan&id=119,extracted_machine
LO-SEJARAH-SMK-MAK-F-2.1,SMA,F,Sejarah Smk/mak,Pemahaman Konsep,"Memahami kehidupan bangsa Indonesia pada masa pendudukan Jepang, proklamasi kemerdekaan Indonesia, upaya mempertahankan kemerdekaan, masa pemerintahan Sukarno, masa pemerintahan Suharto, dan masa reformasi dengan menggunakan konsep-konsep dasar ilmu sejarah. Murid memiliki kesadaran sejarah sebagai wujud literasi dan empati terhadap perjalanan bangsa. Selain itu, murid juga memiliki kemampuan mengaitkan nilai-nilai sejarah yang relevan dengan kompetensi kejuruan dalam menghadapi tantangan dan peluang di dunia kerja serta dunia industri yang terus berkembang",AUTO-119,https://kurikulum.kemendikdasmen.go.id/service/download.php?kategori=rujukan&id=119,extracted_machine
LO-SEJARAH-SMK-MAK-F-2.2,SMA,F,Sejarah Smk/mak,Keterampilan Proses,"Mengaplikasikan literasi sejarah, membangun kesadaran sejarah, dan merumuskan penelitian sejarah secara sederhana melalui proses mengamati fenomena sejarah, menanya, mengumpulkan informasi, menganalisis informasi, mengomunikasikan, dan mengaitkannya dengan muatan vokasional sesuai dengan kompetensi kejuruannya. Secara spesifik keterampilan proses belajar sejarah mencakup keterampilan berpikir diakronis (kronologis), berpikir sinkronis, analisis dan interpretasi sejarah, penulisan sejarah secara sederhana, analisis isu kesejarahan serta menemukan kebermaknaan peristiwa sejarah pendudukan Jepang, proklamasi kemerdekaan Indonesia, mempertahankan kemerdekaan Indonesia, orde lama, orde baru, dan reformasi. Keterampilan proses pembelajaran sejarah dapat dilakukan dengan cara: Mengamati, melalui pencermatan fenomena sejarah terkait dengan berbagai peristiwa yang terjadi dalam kehidupan manusia sesuai dengan materi yang dipelajari. Menanya, melalui pengembangan pertanyaan/permasalahan tentang hal yang ingin diketahui dan masalah yang sedang diselidiki dengan rumus 5W 1H (apa, siapa, kapan, di mana, mengapa, dan bagaimana). Mengumpulkan informasi (heuristik), melalui pencarian dan pengelompokan sumber informasi sejarah (sumber primer dan sekunder) melalui studi dokumen/arsip, studi pustaka, wawancara, dan studi lapangan terhadap objek-objek peninggalan sejarah. Menganalisis informasi (kritik sumber), melalui penyeleksian sumber, verifikasi, triangulasi, serta interpretasi data dan fakta sejarah. Menarik kesimpulan, melalui penarasian temuan hasil investigasi terhadap permasalahan terkait materi pelajaran Sejarah. Mengomunikasikan, melalui penyajian informasi sejarah secara lisan, tulisan, dan/atau media lain dalam bentuk digital atau nondigital dari penelitian sejarah yang dikajinya secara sederhana. Merefleksikan dan merencanakan projek lanjutan secara kolaboratif, melalui evaluasi pengalaman belajar dan perencanaan projek lanjutan lintas mata pelajaran secara kolaboratif",AUTO-119,https://kurikulum.kemendikdasmen.go.id/service/download.php?kategori=rujukan&id=119,extracted_machine
LO-KODING-DAN-KECERDASAN-ARTIFISIAL-E-1.1,SMA,E,Koding dan Kecerdasan Artifisial,Berpikir Komputasional,Menerapkan berpikir komputasional untuk memecahkan permasalahan pada objek sesuai bidang keahlian.,AUTO-119,https://kurikulum.kemendikdasmen.go.id/service/download.php?kategori=rujukan&id=119,extracted_machine
LO-KODING-DAN-KECERDASAN-ARTIFISIAL-E-1.2,SMA,E,Koding dan Kecerdasan Artifisial,Literasi Digital,Menerapkan produksi dan diseminasi konten digital dalam bentuk sajian multimedia sesuai dengan bidang keahlian.,AUTO-119,https://kurikulum.kemendikdasmen.go.id/service/download.php?kategori=rujukan&id=119,extracted_machine
LO-KODING-DAN-KECERDASAN-ARTIFISIAL-E-1.3,SMA,E,Koding dan Kecerdasan Artifisial,Algoritma Pemrograman,Membandingkan beberapa algoritma dan menerapkan algoritma pemrograman untuk menghasilkan aplikasi.,AUTO-119,https://kurikulum.kemendikdasmen.go.id/service/download.php?kategori=rujukan&id=119,extracted_machine
LO-KODING-DAN-KECERDASAN-ARTIFISIAL-E-1.4,SMA,E,Koding dan Kecerdasan Artifisial,Analisis Data,Memahami konsep dasar basis data dan menerapkan pengolahan data pada basis data.,AUTO-119,https://kurikulum.kemendikdasmen.go.id/service/download.php?kategori=rujukan&id=119,extracted_machine
LO-KODING-DAN-KECERDASAN-ARTIFISIAL-E-1.5,SMA,E,Koding dan Kecerdasan Artifisial,Literasi dan Etika Kecerdasan Artifisial,"Memahami prinsip kerja teknologi kecerdasan artifisial secara tepat guna dan bertanggung jawab pada bidang keahlian dengan memperhatikan aspek etika, keamanan data dan dampak sosial penggunaannya.",AUTO-119,https://kurikulum.kemendikdasmen.go.id/service/download.php?kategori=rujukan&id=119,extracted_machine
LO-KODING-DAN-KECERDASAN-ARTIFISIAL-E-1.6,SMA,E,Koding dan Kecerdasan Artifisial,Pemanfaatan dan Pengembangan Kecerdasan Artifisial,"Menerapkan prompt engineering pada KA generatif sebagai evaluasi dari pemahaman rencana proyek, desain dan pengembangan produk berupa barang/jasa.",AUTO-119,https://kurikulum.kemendikdasmen.go.id/service/download.php?kategori=rujukan&id=119,extracted_machine
LO-KODING-DAN-KECERDASAN-ARTIFISIAL-F-2.1,SMA,F,Koding dan Kecerdasan Artifisial,Berpikir Komputasional,Menerapkan berpikir komputasional untuk memecahkan permasalahan kompleks di dunia kerja dan masyarakat serta melakukan prediksi sesuai dengan bidang keahlian.,AUTO-119,https://kurikulum.kemendikdasmen.go.id/service/download.php?kategori=rujukan&id=119,extracted_machine
LO-KODING-DAN-KECERDASAN-ARTIFISIAL-F-2.2,SMA,F,Koding dan Kecerdasan Artifisial,Literasi Digital,Menerapkan produksi dan diseminasi konten digital tingkat lanjut untuk mendukung pengembangan aplikasi dan KA sesuai dengan bidang keahlian.,AUTO-119,https://kurikulum.kemendikdasmen.go.id/service/download.php?kategori=rujukan&id=119,extracted_machine
LO-KODING-DAN-KECERDASAN-ARTIFISIAL-F-2.3,SMA,F,Koding dan Kecerdasan Artifisial,Algoritma Pemrograman,Memahami algoritma dan menerapkan pemrograman berorientasi objek pada tools koding tingkat lanjut yang berkaitan dengan pemanfaatan KA.,AUTO-119,https://kurikulum.kemendikdasmen.go.id/service/download.php?kategori=rujukan&id=119,extracted_machine
LO-KODING-DAN-KECERDASAN-ARTIFISIAL-F-2.4,SMA,F,Koding dan Kecerdasan Artifisial,Analisis Data,"Memahami data encoding , menerapkan basis data untuk menyelesaikan permasalahan di dunia kerja dan masyarakat.",AUTO-119,https://kurikulum.kemendikdasmen.go.id/service/download.php?kategori=rujukan&id=119,extracted_machine
LO-KODING-DAN-KECERDASAN-ARTIFISIAL-F-2.5,SMA,F,Koding dan Kecerdasan Artifisial,Literasi dan Etika Kecerdasan Artifisial,"Memahami prinsip kerja teknologi kecerdasan artifisial secara tepat guna dan bertanggungjawab di dunia kerja dan masyarakat dengan memperhatikan aspek etika, keamanan data dan dampak sosial penggunaannya.",AUTO-119,https://kurikulum.kemendikdasmen.go.id/service/download.php?kategori=rujukan&id=119,extracted_machine
LO-KODING-DAN-KECERDASAN-ARTIFISIAL-F-2.6,SMA,F,Koding dan Kecerdasan Artifisial,Pemanfaatan dan Pengembangan Kecerdasan Artifisial,Mengaktualisasikan produk KA sesuai bidang keahlian untuk memecahkan permasalahan di dunia kerja dan masyarakat.,AUTO-119,https://kurikulum.kemendikdasmen.go.id/service/download.php?kategori=rujukan&id=119,extracted_machine
LO-MUATAN-PEMBERDAYAAN-A-1.1,SD,A,Muatan Pemberdayaan,"Kesadaran Diri Mulai menampilkan identitas diri, perasaan, dan",minat diri.,AUTO-119,https://kurikulum.kemendikdasmen.go.id/service/download.php?kategori=rujukan&id=119,extracted_machine
LO-MUATAN-PEMBERDAYAAN-A-1.2,SD,A,Muatan Pemberdayaan,Harga Diri,"Mulai menampilkan rasa aman dan terhadap lingkungan sekitar. percaya Mulai menampilkan keyakinan diri dan tanggung jawab dalam mencapai tujuan yang diinginkan,",AUTO-119,https://kurikulum.kemendikdasmen.go.id/service/download.php?kategori=rujukan&id=119,extracted_machine
LO-MUATAN-PEMBERDAYAAN-A-1.3,SD,A,Muatan Pemberdayaan,Kepercayaan Diri,dan permasalahan dasar bagi dirinya.,AUTO-119,https://kurikulum.kemendikdasmen.go.id/service/download.php?kategori=rujukan&id=119,extracted_machine
LO-MUATAN-PEMBERDAYAAN-A-1.4,SD,A,Muatan Pemberdayaan,Partisipasi Aktif sederhana sebagai bagian dari,Menampilkan peran dan perilaku individu secara lingkungan keluarga.,AUTO-119,https://kurikulum.kemendikdasmen.go.id/service/download.php?kategori=rujukan&id=119,extracted_machine
LO-MUATAN-PEMBERDAYAAN-A-1.5,SD,A,Muatan Pemberdayaan,Akses Terhadap Pengambilan Keputusan,Menampilkan cara untuk melakukan pemanfaatan perubahan lingkungan keluarga.,AUTO-119,https://kurikulum.kemendikdasmen.go.id/service/download.php?kategori=rujukan&id=119,extracted_machine
LO-MUATAN-PEMBERDAYAAN-B-2.1,SD,B,Muatan Pemberdayaan,Kesadaran Diri,"Menampilkan identitas diri, perasaan, dan minat dirinya secara jelas pada konteks lingkungan keluarga.",AUTO-119,https://kurikulum.kemendikdasmen.go.id/service/download.php?kategori=rujukan&id=119,extracted_machine
LO-MUATAN-PEMBERDAYAAN-B-2.2,SD,B,Muatan Pemberdayaan,Harga Diri,"Menampilkan rasa aman, percaya terhadap lingkungan sekitar, dan peran diri pada konteks lingkungan keluarga.",AUTO-119,https://kurikulum.kemendikdasmen.go.id/service/download.php?kategori=rujukan&id=119,extracted_machine
LO-MUATAN-PEMBERDAYAAN-B-2.3,SD,B,Muatan Pemberdayaan,Kepercayaan Diri,"Menampilkan keyakinan diri, rasa optimis, dan tanggung jawab dalam mencapai tujuan yang ditetapkan dan diinginkan, serta permasalahan dasar bagi dirinya pada konteks lingkungan keluarga.",AUTO-119,https://kurikulum.kemendikdasmen.go.id/service/download.php?kategori=rujukan&id=119,extracted_machine
LO-MUATAN-PEMBERDAYAAN-B-2.4,SD,B,Muatan Pemberdayaan,Partisipasi Aktif,Menampilkan peran dan perilaku secara kompleks sebagai bagian dari lingkungan keluarga.,AUTO-119,https://kurikulum.kemendikdasmen.go.id/service/download.php?kategori=rujukan&id=119,extracted_machine
LO-MUATAN-PEMBERDAYAAN-B-2.5,SD,B,Muatan Pemberdayaan,Akses Terhadap Pengambilan Keputusan,Menampilkan cara pemanfaatan ruang publik untuk melakukan perubahan dan menunjukkan sikap proaktif dalam melakukan pengawasan sosial pada lingkungan keluarga.,AUTO-119,https://kurikulum.kemendikdasmen.go.id/service/download.php?kategori=rujukan&id=119,extracted_machine
LO-MUATAN-PEMBERDAYAAN-C-3.1,SD,C,Muatan Pemberdayaan,Kesadaran Diri,"Menampilkan identitas diri, perasaan, minat dan pendapat secara jelas dan rasional, serta cara pengendalian diri pada konteks lingkungan keluarga.",AUTO-119,https://kurikulum.kemendikdasmen.go.id/service/download.php?kategori=rujukan&id=119,extracted_machine
LO-MUATAN-PEMBERDAYAAN-C-3.2,SD,C,Muatan Pemberdayaan,Harga Diri,"Menampilkan rasa aman, percaya terhadap lingkungan sekitar, peran, sikap dan perilaku diri pada lingkungan keluarga.",AUTO-119,https://kurikulum.kemendikdasmen.go.id/service/download.php?kategori=rujukan&id=119,extracted_machine
LO-MUATAN-PEMBERDAYAAN-C-3.3,SD,C,Muatan Pemberdayaan,Kepercayaan Diri,"Menampilkan keyakinan diri, rasa optimis, tanggung jawab, dan bersikap secara objektif dalam mencapai tujuan yang ditetapkan dan diinginkan, serta permasalahan dasar bagi dirinya pada konteks lingkungan keluarga.",AUTO-119,https://kurikulum.kemendikdasmen.go.id/service/download.php?kategori=rujukan&id=119,extracted_machine
LO-MUATAN-PEMBERDAYAAN-C-3.4,SD,C,Muatan Pemberdayaan,Partisipasi Aktif,Menampilkan peran dan perilaku secara sederhana sebagai bagian dari lingkungan satuan pendidikan.,AUTO-119,https://kurikulum.kemendikdasmen.go.id/service/download.php?kategori=rujukan&id=119,extracted_machine
LO-MUATAN-PEMBERDAYAAN-C-3.5,SD,C,Muatan Pemberdayaan,Akses Terhadap Pengambilan Keputusan,"Menampilkan pemanfaatan ruang publik untuk melakukan perubahan, menunjukkan sikap proaktif dalam pengawasan sosial, serta bertindak sebagai inisiator atau pelopor di lingkungan keluarga dan satuan pendidikan.",AUTO-119,https://kurikulum.kemendikdasmen.go.id/service/download.php?kategori=rujukan&id=119,extracted_machine
LO-MUATAN-PEMBERDAYAAN-D-4.1,SMP,D,Muatan Pemberdayaan,Kesadaran Diri,"Membangun identitas diri, perasaan, pendapat, minat dan potensi diri secara jelas, rasional dan argumentatif serta cara pengendalian diri pada konteks lingkungan keluarga dan satuan pendidikan.",AUTO-119,https://kurikulum.kemendikdasmen.go.id/service/download.php?kategori=rujukan&id=119,extracted_machine
LO-MUATAN-PEMBERDAYAAN-D-4.2,SMP,D,Muatan Pemberdayaan,Harga Diri,"Membangun rasa aman, percaya terhadap lingkungan sekitar, peran, sikap dan perilaku diri, kompetensi diri dalam penyelesaian permasalahan/tantangan yang terjadi pada konteks lingkungan keluarga dan satuan pendidikan.",AUTO-119,https://kurikulum.kemendikdasmen.go.id/service/download.php?kategori=rujukan&id=119,extracted_machine
LO-MUATAN-PEMBERDAYAAN-D-4.3,SMP,D,Muatan Pemberdayaan,Kepercayaan Diri,"Membangun keyakinan diri, rasa optimis, tanggung jawab, bersikap objektif dan rasional dalam mencapai tujuan yang ditetapkan dan diinginkan, serta permasalahan bagi dirinya pada konteks lingkungan keluarga dan satuan pendidikan.",AUTO-119,https://kurikulum.kemendikdasmen.go.id/service/download.php?kategori=rujukan&id=119,extracted_machine
LO-MUATAN-PEMBERDAYAAN-D-4.4,SMP,D,Muatan Pemberdayaan,Partisipasi Aktif,Membangun peran dan perilaku secara kompleks sebagai bagian dari lingkungan satuan pendidikan.,AUTO-119,https://kurikulum.kemendikdasmen.go.id/service/download.php?kategori=rujukan&id=119,extracted_machine
LO-MUATAN-PEMBERDAYAAN-D-4.5,SMP,D,Muatan Pemberdayaan,Akses Terhadap Pengambilan Keputusan,"Membangun pemanfaatan ruang publik untuk melakukan perubahan, mengaplikasikan sikap proaktif dalam pengawasan sosial, serta bertindak sebagai inisiator atau pelopor pada lingkungan keluarga, satuan pendidikan, dan masyarakat.",AUTO-119,https://kurikulum.kemendikdasmen.go.id/service/download.php?kategori=rujukan&id=119,extracted_machine
LO-MUATAN-PEMBERDAYAAN-E-5.1,SMA,E,Muatan Pemberdayaan,Kesadaran Diri,"Merefleksikan identitas diri, perasaan, pendapat, minat dan potensi diri secara jelas, rasional, dan argumentatif berdasarkan referensi, serta cara pengendalian dan pengembangan diri pada konteks lingkungan keluarga dan satuan pendidikan.",AUTO-119,https://kurikulum.kemendikdasmen.go.id/service/download.php?kategori=rujukan&id=119,extracted_machine
LO-MUATAN-PEMBERDAYAAN-E-5.2,SMA,E,Muatan Pemberdayaan,Harga Diri,"Merefleksikan pengendalian dan pengembangan diri dari rasa aman, peran, sikap dan perilaku diri, dan kompetensi diri dalam penyelesaian permasalahan yang terjadi pada keluarga dan satuan pendidikan.",AUTO-119,https://kurikulum.kemendikdasmen.go.id/service/download.php?kategori=rujukan&id=119,extracted_machine
LO-MUATAN-PEMBERDAYAAN-E-5.3,SMA,E,Muatan Pemberdayaan,Kepercayaan Diri,"Merefleksikan keyakinan diri, rasa optimis, komitmen tanggung jawab, bersikap objektif dan berpikir rasional dalam mencapai tujuan yang ditetapkan dan diinginkan, serta permasalahan bagi dirinya pada konteks lingkungan keluarga dan satuan pendidikan.",AUTO-119,https://kurikulum.kemendikdasmen.go.id/service/download.php?kategori=rujukan&id=119,extracted_machine
LO-MUATAN-PEMBERDAYAAN-E-5.4,SMA,E,Muatan Pemberdayaan,Partisipasi Aktif,Merefleksikan peran dan perilaku secara sederhana sebagai bagian dari lingkungan masyarakat.,AUTO-119,https://kurikulum.kemendikdasmen.go.id/service/download.php?kategori=rujukan&id=119,extracted_machine
LO-MUATAN-PEMBERDAYAAN-E-5.5,SMA,E,Muatan Pemberdayaan,Akses Terhadap Pengambilan Keputusan,"Merefleksikan sikap dalam memanfaatkan ruang publik untuk melakukan perubahan dan proaktif melakukan pengawasan sosial, menjadi inisiator atau kepeloporan, melakukan kemitraan atau kerjasama pada lingkungan keluarga, satuan pendidikan, dan masyarakat.",AUTO-119,https://kurikulum.kemendikdasmen.go.id/service/download.php?kategori=rujukan&id=119,extracted_machine
LO-MUATAN-PEMBERDAYAAN-F-6.1,SMA,F,Muatan Pemberdayaan,Kesadaran Diri,"Merefleksikan identitas diri, perasaan, pendapat, minat dan potensi diri secara jelas, rasional, dan argumentatif berdasarkan referensi serta cara pengendalian dan pengembangan diri pada konteks lingkungan keluarga, satuan pendidikan dan masyarakat.",AUTO-119,https://kurikulum.kemendikdasmen.go.id/service/download.php?kategori=rujukan&id=119,extracted_machine
LO-MUATAN-PEMBERDAYAAN-F-6.2,SMA,F,Muatan Pemberdayaan,Harga Diri,"Merefleksikan pengendalian dan pengembangan diri, peran, sikap dan perilaku diri, dan kompetensi diri dalam penyelesaian permasalahan/tantangan yang terjadi pada konteks lingkungan keluarga, satuan pendidikan, dan masyarakat.",AUTO-119,https://kurikulum.kemendikdasmen.go.id/service/download.php?kategori=rujukan&id=119,extracted_machine
LO-MUATAN-PEMBERDAYAAN-F-6.3,SMA,F,Muatan Pemberdayaan,Kepercayaan Diri,"Merefleksikan keyakinan diri, optimis, komitmen, tanggung jawab, bersikap objektif dan berpikir rasional dalam mencapai tujuan yang ditetapkan dan diinginkan, serta permasalahan bagi dirinya pada konteks lingkungan keluarga, satuan pendidikan dan masyarakat.",AUTO-119,https://kurikulum.kemendikdasmen.go.id/service/download.php?kategori=rujukan&id=119,extracted_machine
LO-MUATAN-PEMBERDAYAAN-F-6.4,SMA,F,Muatan Pemberdayaan,Partisipasi Aktif,Merefleksikan peran dan perilaku secara kompleks sebagai bagian dari lingkungan masyarakat.,AUTO-119,https://kurikulum.kemendikdasmen.go.id/service/download.php?kategori=rujukan&id=119,extracted_machine
LO-MUATAN-PEMBERDAYAAN-F-6.5,SMA,F,Muatan Pemberdayaan,Akses Terhadap Pengambilan Keputusan,"Merefleksikan sikap dalam memanfaatkan ruang publik untuk melakukan perubahan dan proaktif melakukan pengawasan sosial, menjadi inisiator atau kepeloporan, melakukan kemitraan atau kerjasama, mengembangkan dan menjaga budaya kearifan lokal dalam rangka perlindungan dan pelestarian lingkungan alam, sosial, budaya, politik, serta ekonomi pada lingkungan keluarga, satuan pendidikan, dan masyarakat.",AUTO-119,https://kurikulum.kemendikdasmen.go.id/service/download.php?kategori=rujukan&id=119,extracted_machine
LO-MUATAN-KETERAMPILAN-ROBOTIKA-A-1.1,SD,A,Muatan Keterampilan Robotika,Berpikir Komputasional,Merefleksikan pola berpikir sistematis logis dengan membuat gambar berurutan dari berbagai kegiatan sehari-hari.,AUTO-119,https://kurikulum.kemendikdasmen.go.id/service/download.php?kategori=rujukan&id=119,extracted_machine
LO-MUATAN-KETERAMPILAN-ROBOTIKA-A-1.2,SD,A,Muatan Keterampilan Robotika,Algoritma dan Pemrograman,Menyusun pemrograman sederhana pada gawai.,AUTO-119,https://kurikulum.kemendikdasmen.go.id/service/download.php?kategori=rujukan&id=119,extracted_machine
LO-MUATAN-KETERAMPILAN-ROBOTIKA-A-1.3,SD,A,Muatan Keterampilan Robotika,Eksplorasi Mekanika,Mengevaluasi gerak mekanisme sederhana serta fungsinya.,AUTO-119,https://kurikulum.kemendikdasmen.go.id/service/download.php?kategori=rujukan&id=119,extracted_machine
LO-MUATAN-KETERAMPILAN-ROBOTIKA-A-1.4,SD,A,Muatan Keterampilan Robotika,Eksplorasi Elektronika,Mengevaluasi komponen elektronika sederhana dan cara kerjanya.,AUTO-119,https://kurikulum.kemendikdasmen.go.id/service/download.php?kategori=rujukan&id=119,extracted_machine
LO-MUATAN-KETERAMPILAN-ROBOTIKA-A-1.5,SD,A,Muatan Keterampilan Robotika,Robotika Terapan,"Menemukan bentuk-bentuk robot sederhana di dalam kehidupan sehari-hari, serta menampilkan cara kerjanya.",AUTO-119,https://kurikulum.kemendikdasmen.go.id/service/download.php?kategori=rujukan&id=119,extracted_machine
LO-MUATAN-KETERAMPILAN-ROBOTIKA-B-2.1,SD,B,Muatan Keterampilan Robotika,Berpikir Komputasional,Merefleksikan pola berpikir sistematis logis dengan membuat sebuah pola kerja robot dalam bentuk diagram blok.,AUTO-119,https://kurikulum.kemendikdasmen.go.id/service/download.php?kategori=rujukan&id=119,extracted_machine
LO-MUATAN-KETERAMPILAN-ROBOTIKA-B-2.2,SD,B,Muatan Keterampilan Robotika,Algoritma dan Pemrograman,Merancang program robotika sederhana menggunakan gawai dan membuat perbaikan kesalahan pemrograman.,AUTO-119,https://kurikulum.kemendikdasmen.go.id/service/download.php?kategori=rujukan&id=119,extracted_machine
LO-MUATAN-KETERAMPILAN-ROBOTIKA-B-2.3,SD,B,Muatan Keterampilan Robotika,Eksplorasi Mekanika,Mengevaluasi pesawat sederhana serta fungsinya.,AUTO-119,https://kurikulum.kemendikdasmen.go.id/service/download.php?kategori=rujukan&id=119,extracted_machine
LO-MUATAN-KETERAMPILAN-ROBOTIKA-B-2.4,SD,B,Muatan Keterampilan Robotika,Eksplorasi Elektronika,Mengevaluasi komponen elektronika sensor serta cara kerjanya.,AUTO-119,https://kurikulum.kemendikdasmen.go.id/service/download.php?kategori=rujukan&id=119,extracted_machine
LO-MUATAN-KETERAMPILAN-ROBOTIKA-B-2.5,SD,B,Muatan Keterampilan Robotika,Robotika Terapan,"Menemukan bentuk robot dalam kehidupan sehari-hari yang menggunakan sensor dan mampu merancang projek robotika yang memanfaatkan satu sensor menggunakan gawai dengan konstruksi yang rapi secara mekanik maupun elektronik, serta menampilkan hasil karyanya.",AUTO-119,https://kurikulum.kemendikdasmen.go.id/service/download.php?kategori=rujukan&id=119,extracted_machine
LO-MUATAN-KETERAMPILAN-ROBOTIKA-C-3.1,SD,C,Muatan Keterampilan Robotika,Berpikir Komputasional,Merefleksikan pola berpikir sistematis logis dengan membuat sebuah pola cara kerja robot ke dalam bentuk bagan alur ( flowchart ).,AUTO-119,https://kurikulum.kemendikdasmen.go.id/service/download.php?kategori=rujukan&id=119,extracted_machine
LO-MUATAN-KETERAMPILAN-ROBOTIKA-C-3.2,SD,C,Muatan Keterampilan Robotika,Algoritma dan Pemrograman,Merancang program robotika untuk menjalankan beberapa sensor pada gawai dan membuat perbaikan kesalahan pemrograman.,AUTO-119,https://kurikulum.kemendikdasmen.go.id/service/download.php?kategori=rujukan&id=119,extracted_machine
LO-MUATAN-KETERAMPILAN-ROBOTIKA-C-3.3,SD,C,Muatan Keterampilan Robotika,Eksplorasi Mekanika,Mengevaluasi pesawat kompleks (gabungan beberapa pesawat sederhana) dan fungsinya.,AUTO-119,https://kurikulum.kemendikdasmen.go.id/service/download.php?kategori=rujukan&id=119,extracted_machine
LO-MUATAN-KETERAMPILAN-ROBOTIKA-C-3.4,SD,C,Muatan Keterampilan Robotika,Eksplorasi Elektronika,Mengevaluasi komponen elektronika semikonduktor dan cara kerjanya.,AUTO-119,https://kurikulum.kemendikdasmen.go.id/service/download.php?kategori=rujukan&id=119,extracted_machine
LO-MUATAN-KETERAMPILAN-ROBOTIKA-C-3.5,SD,C,Muatan Keterampilan Robotika,Robotika Terapan,"Menemukan bentuk robot multisensor dalam kehidupan sehari-hari dan merancang projek robot dengan melakukan kombinasi sensor untuk menghidupkan diode pemancar cahaya ( LED ), speaker mini, pendengung ( buzzer ) menggunakan gawai dengan konstruksi yang rapi secara mekanik maupun elektronik, serta menampilkan hasil karyanya.",AUTO-119,https://kurikulum.kemendikdasmen.go.id/service/download.php?kategori=rujukan&id=119,extracted_machine
LO-MUATAN-KETERAMPILAN-ROBOTIKA-D-4.1,SMP,D,Muatan Keterampilan Robotika,Berpikir Komputasional,Merefleksikan pola berpikir sistematis logis dengan membuat pola cara kerja robot dalam membaca sensor dan menggerakkan aktuator menggunakan mikrokontroler.,AUTO-119,https://kurikulum.kemendikdasmen.go.id/service/download.php?kategori=rujukan&id=119,extracted_machine
LO-MUATAN-KETERAMPILAN-ROBOTIKA-D-4.2,SMP,D,Muatan Keterampilan Robotika,Algoritma dan Pemrograman,"Merancang program robotika dengan pengulangan, variabel tertentu, serta membuat perbaikan kesalahan pemrograman pada mikrokontroler.",AUTO-119,https://kurikulum.kemendikdasmen.go.id/service/download.php?kategori=rujukan&id=119,extracted_machine
LO-MUATAN-KETERAMPILAN-ROBOTIKA-D-4.3,SMP,D,Muatan Keterampilan Robotika,Eksplorasi Mekanika,Mengevaluasi motor arus searah (DC) serta cara penggunaannya.,AUTO-119,https://kurikulum.kemendikdasmen.go.id/service/download.php?kategori=rujukan&id=119,extracted_machine
LO-MUATAN-KETERAMPILAN-ROBOTIKA-D-4.4,SMP,D,Muatan Keterampilan Robotika,Eksplorasi Elektronika,Mengevaluasi komponen mikrokontroler dan prinsip kerjanya.,AUTO-119,https://kurikulum.kemendikdasmen.go.id/service/download.php?kategori=rujukan&id=119,extracted_machine
LO-MUATAN-KETERAMPILAN-ROBOTIKA-D-4.5,SMP,D,Muatan Keterampilan Robotika,Robotika Terapan,"Mengevaluasi komponen dasar robot berupa aktuator dan sensor, cara kerja mikrokontroler sederhana saat terhubung dengan gawai. Membuat projek robot yang dipasang dan dijalankan dalam papan mikrokontroler dengan konstruksi yang rapi secara mekanik maupun elektronik, serta menampilkan hasil karyanya.",AUTO-119,https://kurikulum.kemendikdasmen.go.id/service/download.php?kategori=rujukan&id=119,extracted_machine
LO-MUATAN-KETERAMPILAN-ROBOTIKA-E-5.1,SMA,E,Muatan Keterampilan Robotika,Berpikir Komputasional,Merefleksikan pola berpikir sistematis logis dengan membuat pola cara kerja robot ke dalam bentuk diagram elektrik sederhana.,AUTO-119,https://kurikulum.kemendikdasmen.go.id/service/download.php?kategori=rujukan&id=119,extracted_machine
LO-MUATAN-KETERAMPILAN-ROBOTIKA-E-5.2,SMA,E,Muatan Keterampilan Robotika,Algoritma dan Pemrograman,Merancang program robotika untuk menjalankan aktuator dan sensor pada papan mikrokontroler serta membuat perbaikan kesalahan pemrograman.,AUTO-119,https://kurikulum.kemendikdasmen.go.id/service/download.php?kategori=rujukan&id=119,extracted_machine
LO-MUATAN-KETERAMPILAN-ROBOTIKA-E-5.3,SMA,E,Muatan Keterampilan Robotika,Eksplorasi Mekanika,Mengevaluasi cara kerja motor servo dan penggunaannya.,AUTO-119,https://kurikulum.kemendikdasmen.go.id/service/download.php?kategori=rujukan&id=119,extracted_machine
LO-MUATAN-KETERAMPILAN-ROBOTIKA-E-5.4,SMA,E,Muatan Keterampilan Robotika,Eksplorasi Elektronika,Mengevaluasi integrasi komponen elektronika yang dihubungkan dengan mikrokontroler.,AUTO-119,https://kurikulum.kemendikdasmen.go.id/service/download.php?kategori=rujukan&id=119,extracted_machine
LO-MUATAN-KETERAMPILAN-ROBOTIKA-E-5.5,SMA,E,Muatan Keterampilan Robotika,Robotika Terapan,"Membuat program robotika yang terhubung dengan sensor dan aktuator untuk menghasilkan robot pengikut garis atau penghindar rintangan dengan konstruksi yang rapi, serta menampilkan hasil karyanya.",AUTO-119,https://kurikulum.kemendikdasmen.go.id/service/download.php?kategori=rujukan&id=119,extracted_machine
LO-MUATAN-KETERAMPILAN-ROBOTIKA-F-6.1,SMA,F,Muatan Keterampilan Robotika,Berpikir Komputasional,Merefleksikan pola berpikir sistematis logis dengan membuat pola cara kerja robot ke dalam bentuk diagram elektrik sederhana dan sistem kendali robot.,AUTO-119,https://kurikulum.kemendikdasmen.go.id/service/download.php?kategori=rujukan&id=119,extracted_machine
LO-MUATAN-KETERAMPILAN-ROBOTIKA-F-6.2,SMA,F,Muatan Keterampilan Robotika,Algoritma dan Pemrograman,"Merancang program robotika atau sistem otomatisasi sebagai pengendali robot, serta mampu membuat perbaikan kesalahan dalam sistem kendali robot.",AUTO-119,https://kurikulum.kemendikdasmen.go.id/service/download.php?kategori=rujukan&id=119,extracted_machine
LO-MUATAN-KETERAMPILAN-ROBOTIKA-F-6.3,SMA,F,Muatan Keterampilan Robotika,Eksplorasi Mekanika,Mengevaluasi cara kerja aktuator pneumatik dan hidrolik serta penggunaannya.,AUTO-119,https://kurikulum.kemendikdasmen.go.id/service/download.php?kategori=rujukan&id=119,extracted_machine
LO-MUATAN-KETERAMPILAN-ROBOTIKA-F-6.4,SMA,F,Muatan Keterampilan Robotika,Eksplorasi Elektronika,Mengevaluasi rangkaian elektronika sederhana serta cara kerjanya.,AUTO-119,https://kurikulum.kemendikdasmen.go.id/service/download.php?kategori=rujukan&id=119,extracted_machine
LO-MUATAN-KETERAMPILAN-ROBOTIKA-F-6.5,SMA,F,Muatan Keterampilan Robotika,Robotika Terapan,"Menemukan robot dengan pengendali dalam kehidupan sehari-hari. Membuat sistem dan desain kendali robot. Merencanakan projek kendali robot secara rapi yang mampu menjalankan perintah pada mikrokontroler, kemudian menampilkan hasil karyanya.",AUTO-119,https://kurikulum.kemendikdasmen.go.id/service/download.php?kategori=rujukan&id=119,extracted_machine
LO-MUATAN-KETERAMPILAN-PENGELOLAAN-SAMPAH-A-1.1,SD,A,Muatan Keterampilan Pengelolaan Sampah,Observasi dan eksplorasi,Menemukan sampah organik dan anorganik yang ada di lingkungan rumah. Mengawali pembiasaan diri dalam mengurangi sampah plastik.,AUTO-119,https://kurikulum.kemendikdasmen.go.id/service/download.php?kategori=rujukan&id=119,extracted_machine
LO-MUATAN-KETERAMPILAN-PENGELOLAAN-SAMPAH-A-1.2,SD,A,Muatan Keterampilan Pengelolaan Sampah,Perencanaan,Menemukan pengelolaan sampah organik maupun anorganik secara sederhana yang ada di lingkungan rumah.,AUTO-119,https://kurikulum.kemendikdasmen.go.id/service/download.php?kategori=rujukan&id=119,extracted_machine
LO-MUATAN-KETERAMPILAN-PENGELOLAAN-SAMPAH-A-1.3,SD,A,Muatan Keterampilan Pengelolaan Sampah,Pengolahan,Mengawali pemilahan atau pengelompokkan sampah organik dan anorganik di lingkungan keluarga.,AUTO-119,https://kurikulum.kemendikdasmen.go.id/service/download.php?kategori=rujukan&id=119,extracted_machine
LO-MUATAN-KETERAMPILAN-PENGELOLAAN-SAMPAH-A-1.4,SD,A,Muatan Keterampilan Pengelolaan Sampah,Pemasaran,"Merancang pemasaran sederhana dari produk pemilahan sampah yang ada di lingkungan keluarga, baik sampah organik maupun anorganik sehingga mempunyai nilai jual.",AUTO-119,https://kurikulum.kemendikdasmen.go.id/service/download.php?kategori=rujukan&id=119,extracted_machine
LO-MUATAN-KETERAMPILAN-PENGELOLAAN-SAMPAH-A-1.5,SD,A,Muatan Keterampilan Pengelolaan Sampah,Refleksi,Menemukan pentingnya lingkungan yang bersih dan sehat. Merefleksikan perlunya mengurangi timbulan sampah.,AUTO-119,https://kurikulum.kemendikdasmen.go.id/service/download.php?kategori=rujukan&id=119,extracted_machine
LO-MUATAN-KETERAMPILAN-PENGELOLAAN-SAMPAH-B-2.1,SD,B,Muatan Keterampilan Pengelolaan Sampah,Observasi dan eksplorasi,Menemukan jenis sampah organik maupun anorganik di lingkungan satuan pendidikan. Mengawali pembiasaan diri mengurangi sampah plastik.,AUTO-119,https://kurikulum.kemendikdasmen.go.id/service/download.php?kategori=rujukan&id=119,extracted_machine
LO-MUATAN-KETERAMPILAN-PENGELOLAAN-SAMPAH-B-2.2,SD,B,Muatan Keterampilan Pengelolaan Sampah,Perencanaan,Membuat prinsip sederhana tentang pengelolaan sampah yang ada di lingkungan satuan pendidikan.,AUTO-119,https://kurikulum.kemendikdasmen.go.id/service/download.php?kategori=rujukan&id=119,extracted_machine
LO-MUATAN-KETERAMPILAN-PENGELOLAAN-SAMPAH-B-2.3,SD,B,Muatan Keterampilan Pengelolaan Sampah,Pengolahan,Mengawali pemilahan sampah di lingkungan satuan pendidikan. Murid mampu menemukan pengolahan sampah sederhana di lingkungan satuan pendidikan.,AUTO-119,https://kurikulum.kemendikdasmen.go.id/service/download.php?kategori=rujukan&id=119,extracted_machine
LO-MUATAN-KETERAMPILAN-PENGELOLAAN-SAMPAH-B-2.4,SD,B,Muatan Keterampilan Pengelolaan Sampah,Pemasaran,Merancang pemasaran dari pemilahan dan pengelompokan sampah di lingkungan satuan pendidikan yang layak jual.,AUTO-119,https://kurikulum.kemendikdasmen.go.id/service/download.php?kategori=rujukan&id=119,extracted_machine
LO-MUATAN-KETERAMPILAN-PENGELOLAAN-SAMPAH-B-2.5,SD,B,Muatan Keterampilan Pengelolaan Sampah,Refleksi,Merefleksikan pentingnya hidup bersih dan sehat serta menerapkan dirinya sebagai contoh bagi keluarganya. Merefleksikan tujuan pemilahan dan pengelompokan sampah yang berdasar jenis dan kebermanfaatannya.,AUTO-119,https://kurikulum.kemendikdasmen.go.id/service/download.php?kategori=rujukan&id=119,extracted_machine
LO-MUATAN-KETERAMPILAN-PENGELOLAAN-SAMPAH-C-3.1,SD,C,Muatan Keterampilan Pengelolaan Sampah,Observasi dan eksplorasi,Menemukan pengelolaan sampah yang ada di lingkungan sekitar. Mengawali pembiasaan diri mengurangi sampah plastik dengan prinsip guna ulang. Merancang pemilahan dan pengelompokkan sampah.,AUTO-119,https://kurikulum.kemendikdasmen.go.id/service/download.php?kategori=rujukan&id=119,extracted_machine
LO-MUATAN-KETERAMPILAN-PENGELOLAAN-SAMPAH-C-3.2,SD,C,Muatan Keterampilan Pengelolaan Sampah,Perencanaan,Membuat perencanaan dalam melakukan pengelolaan sampah plastik yang ada di lingkungan sekitar. Menghasilkan perencanaan kegiatan pengurangan sampah untuk menjaga lingkungan bersih dan sehat.,AUTO-119,https://kurikulum.kemendikdasmen.go.id/service/download.php?kategori=rujukan&id=119,extracted_machine
LO-MUATAN-KETERAMPILAN-PENGELOLAAN-SAMPAH-C-3.3,SD,C,Muatan Keterampilan Pengelolaan Sampah,Pengolahan,Menemukan pengolahan sampah dari hasil pemilahan yang ada di lingkungan sekitar. Menghasilkan pembuatan produk kreasi atau keterampilan sederhana dari daur ulang sampah.,AUTO-119,https://kurikulum.kemendikdasmen.go.id/service/download.php?kategori=rujukan&id=119,extracted_machine
LO-MUATAN-KETERAMPILAN-PENGELOLAAN-SAMPAH-C-3.4,SD,C,Muatan Keterampilan Pengelolaan Sampah,Pemasaran,Merancang pemilahan jenis sampah plastik di lingkungan sekitar untuk bisa dimanfaatkan kembali melalui keterampilan sederhana.,AUTO-119,https://kurikulum.kemendikdasmen.go.id/service/download.php?kategori=rujukan&id=119,extracted_machine
LO-MUATAN-KETERAMPILAN-PENGELOLAAN-SAMPAH-C-3.5,SD,C,Muatan Keterampilan Pengelolaan Sampah,Refleksi,"Mengawali konsep lingkungan sekitar yang bersih, sehat dan tertib dari sampah. Mengawali konsep pengelolaan sampah di lingkungannya.",AUTO-119,https://kurikulum.kemendikdasmen.go.id/service/download.php?kategori=rujukan&id=119,extracted_machine
LO-MUATAN-KETERAMPILAN-PENGELOLAAN-SAMPAH-D-4.1,SMP,D,Muatan Keterampilan Pengelolaan Sampah,Observasi dan eksplorasi,Menemukan jenis sampah yang dihasilkan lingkungan sekitar. Menghasilkan keterampilan sederhana berbahan sampah. Merefleksikan pembiasaan diri mengurangi sampah plastik di lingkungan sekitar sebagai tempat yang bersih dan sehat.,AUTO-119,https://kurikulum.kemendikdasmen.go.id/service/download.php?kategori=rujukan&id=119,extracted_machine
LO-MUATAN-KETERAMPILAN-PENGELOLAAN-SAMPAH-D-4.2,SMP,D,Muatan Keterampilan Pengelolaan Sampah,Perencanaan,Murid mampu membuat perencanaan pengelolaan sampah yang dihasilkan lingkungan sekitar. Membuat perencanaan daur ulang sampah plastik. Membuat perencanaan daur ulang sampah plastik di lingkungan sekitar menjadi keterampilan bernilai guna.,AUTO-119,https://kurikulum.kemendikdasmen.go.id/service/download.php?kategori=rujukan&id=119,extracted_machine
LO-MUATAN-KETERAMPILAN-PENGELOLAAN-SAMPAH-D-4.3,SMP,D,Muatan Keterampilan Pengelolaan Sampah,Pengolahan,Menyusun konsep pembiasaan mengurangi sampah plastik. Menghasilkan pemanfaatan sampah plastik agar bernilai guna.,AUTO-119,https://kurikulum.kemendikdasmen.go.id/service/download.php?kategori=rujukan&id=119,extracted_machine
LO-MUATAN-KETERAMPILAN-PENGELOLAAN-SAMPAH-D-4.4,SMP,D,Muatan Keterampilan Pengelolaan Sampah,Pemasaran,Memprediksi sampah yang bernilai jual melalui konsep didaur ulang. Menemukan pengelolaan sampah menjadi barang layak jual sebagai salah satu sumber pendapatan.,AUTO-119,https://kurikulum.kemendikdasmen.go.id/service/download.php?kategori=rujukan&id=119,extracted_machine
LO-MUATAN-KETERAMPILAN-PENGELOLAAN-SAMPAH-D-4.5,SMP,D,Muatan Keterampilan Pengelolaan Sampah,Refleksi,Mengawali pembiasaan diri untuk menggunakan barang bukan sekali pakai.,AUTO-119,https://kurikulum.kemendikdasmen.go.id/service/download.php?kategori=rujukan&id=119,extracted_machine
LO-MUATAN-KETERAMPILAN-PENGELOLAAN-SAMPAH-E-5.1,SMA,E,Muatan Keterampilan Pengelolaan Sampah,Observasi dan eksplorasi,"Menemukan jenis sampah yang dihasilkan industri kecil. Murid mampu menghasilkan pemanfaatan sampah industri kecil dengan konsep daur ulang. Merefleksikan prinsip pengelolaan sampah 3M (mengurangi, memakai kembali, mendaur ulang) untuk mewujudkan lingkungan yang bersih dan sehat.",AUTO-119,https://kurikulum.kemendikdasmen.go.id/service/download.php?kategori=rujukan&id=119,extracted_machine
LO-MUATAN-KETERAMPILAN-PENGELOLAAN-SAMPAH-E-5.2,SMA,E,Muatan Keterampilan Pengelolaan Sampah,Perencanaan,Menyusun perencanaan pengelolaan sampah industri kecil. Membuat metode pembuatan barang layak jual dari bahan bekas.,AUTO-119,https://kurikulum.kemendikdasmen.go.id/service/download.php?kategori=rujukan&id=119,extracted_machine
LO-MUATAN-KETERAMPILAN-PENGELOLAAN-SAMPAH-E-5.3,SMA,E,Muatan Keterampilan Pengelolaan Sampah,Pengolahan,Membuat konsep pengolahan produk hasil pemilahan sampah industri kecil dengan teknologi sederhana menjadi barang yang bernilai ekonomis.,AUTO-119,https://kurikulum.kemendikdasmen.go.id/service/download.php?kategori=rujukan&id=119,extracted_machine
LO-MUATAN-KETERAMPILAN-PENGELOLAAN-SAMPAH-E-5.4,SMA,E,Muatan Keterampilan Pengelolaan Sampah,Pemasaran,Merancang pemasaran daring/luring produk hasil keterampilan dari bahan sampah industri kecil.,AUTO-119,https://kurikulum.kemendikdasmen.go.id/service/download.php?kategori=rujukan&id=119,extracted_machine
LO-MUATAN-KETERAMPILAN-PENGELOLAAN-SAMPAH-E-5.5,SMA,E,Muatan Keterampilan Pengelolaan Sampah,Refleksi,Menghasilkan inovasi daur ulang sampah industri kecil menjadi barang yang bernilai jual.,AUTO-119,https://kurikulum.kemendikdasmen.go.id/service/download.php?kategori=rujukan&id=119,extracted_machine
LO-MUATAN-KETERAMPILAN-PENGELOLAAN-SAMPAH-F-6.1,SMA,F,Muatan Keterampilan Pengelolaan Sampah,Observasi dan eksplorasi,"Menemukan jenis sampah yang dihasilkan industri menengah. Menampilkan pemanfaatan sampah industri menengah menjadi produk layak jual. Merefleksikan lingkungan yang bersih dan sehat tanpa sampah dengan prinsip 3M (mengurangi, memakai kembali, mendaur ulang).",AUTO-119,https://kurikulum.kemendikdasmen.go.id/service/download.php?kategori=rujukan&id=119,extracted_machine
LO-MUATAN-KETERAMPILAN-PENGELOLAAN-SAMPAH-F-6.2,SMA,F,Muatan Keterampilan Pengelolaan Sampah,Perencanaan,Menyusun perencanaan pengelolaan sampah industri menengah. Menghasilkan rancangan produk daur ulang sampah industri menengah menjadi barang bernilai ekonomis untuk dijual.,AUTO-119,https://kurikulum.kemendikdasmen.go.id/service/download.php?kategori=rujukan&id=119,extracted_machine
LO-MUATAN-KETERAMPILAN-PENGELOLAAN-SAMPAH-F-6.3,SMA,F,Muatan Keterampilan Pengelolaan Sampah,Pengolahan,Murid mampu merancang pengelolaan sampah yang dihasilkan dari industri menengah dengan menggunakan teknologi tepat guna.,AUTO-119,https://kurikulum.kemendikdasmen.go.id/service/download.php?kategori=rujukan&id=119,extracted_machine
LO-MUATAN-KETERAMPILAN-PENGELOLAAN-SAMPAH-F-6.4,SMA,F,Muatan Keterampilan Pengelolaan Sampah,Pemasaran,Merancang pemasaran daring/luring produk hasil keterampilan dari bahan sampah industri menengah.,AUTO-119,https://kurikulum.kemendikdasmen.go.id/service/download.php?kategori=rujukan&id=119,extracted_machine
LO-MUATAN-KETERAMPILAN-PENGELOLAAN-SAMPAH-F-6.5,SMA,F,Muatan Keterampilan Pengelolaan Sampah,Refleksi,Merefleksikan dirinya menjadi panutan/contoh dalam memberikan saran perbaikan dan pengembangan produk hasil olahan sampah dari industri menengah.,AUTO-119,https://kurikulum.kemendikdasmen.go.id/service/download.php?kategori=rujukan&id=119,extracted_machine
LO-MUATAN-KETERAMPILAN-PERTANIAN-TERPADU-A-1.1,SD,A,Muatan Keterampilan Pertanian Terpadu,Observasi dan Eksplorasi,Menemukan jenis-jenis tanaman dan hewan yang dibudi dayakan (ikan atau hewan ternak) memperhatikan serta di daerah setempat dengan Keselamatan dan Kesehatan Kerja lingkungan hidup (K3LH).,AUTO-119,https://kurikulum.kemendikdasmen.go.id/service/download.php?kategori=rujukan&id=119,extracted_machine
LO-MUATAN-KETERAMPILAN-PERTANIAN-TERPADU-A-1.2,SD,A,Muatan Keterampilan Pertanian Terpadu,Desain/Perencanaan,"Menyusun perencanaan pemeliharaan budi daya sistem pertanian terpadu sederhana meliputi penyiraman, pemberian pakan dan pembersihan lahan/kandang/kolam dengan memperhatikan Keselamatan dan Kesehatan Kerja serta lingkungan hidup (K3LH).",AUTO-119,https://kurikulum.kemendikdasmen.go.id/service/download.php?kategori=rujukan&id=119,extracted_machine
LO-MUATAN-KETERAMPILAN-PERTANIAN-TERPADU-A-1.3,SD,A,Muatan Keterampilan Pertanian Terpadu,Produksi,"Membuktikan dengan prinsip dasar penyiraman, pemberian pakan dan pembersihan lahan/kandang/kolam dengan bimbingan pendidik serta memperhatikan Keselamatan dan Kesehatan Kerja serta lingkungan hidup (K3LH).",AUTO-119,https://kurikulum.kemendikdasmen.go.id/service/download.php?kategori=rujukan&id=119,extracted_machine
LO-MUATAN-KETERAMPILAN-PERTANIAN-TERPADU-A-1.4,SD,A,Muatan Keterampilan Pertanian Terpadu,Promosi dan Pemasaran,Menghasilkan promosi kegiatan pemeliharaan budi daya pertanian terpadu secara lisan dan Keselamatan dan Kesehatan Kerja serta lingkungan hidup tertulis dengan memperhatikan (K3LH).,AUTO-119,https://kurikulum.kemendikdasmen.go.id/service/download.php?kategori=rujukan&id=119,extracted_machine
LO-MUATAN-KETERAMPILAN-PERTANIAN-TERPADU-B-2.1,SD,B,Muatan Keterampilan Pertanian Terpadu,Observasi dan Eksplorasi,Menemukan jenis-jenis tanaman dan hewan yang dibudi dayakan (ikan atau hewan ternak) yang berpotensi dalam budi daya sistem pertanian terpadu dengan memperhatikan Keselamatan dan Kesehatan Kerja serta lingkungan hidup (K3LH).,AUTO-119,https://kurikulum.kemendikdasmen.go.id/service/download.php?kategori=rujukan&id=119,extracted_machine
LO-MUATAN-KETERAMPILAN-PERTANIAN-TERPADU-B-2.2,SD,B,Muatan Keterampilan Pertanian Terpadu,Desain/Perencanaan,"Menyusun rancangan kegiatan budi daya sistem pertanian terpadu meliputi persiapan alat, bahan, penyiraman, pemberian pakan, dan pembersihan lahan/kandang/kolam sesuai dengan teknik budi daya dengan memperhatikan Keselamatan dan Kesehatan Kerja serta lingkungan hidup (K3LH).",AUTO-119,https://kurikulum.kemendikdasmen.go.id/service/download.php?kategori=rujukan&id=119,extracted_machine
LO-MUATAN-KETERAMPILAN-PERTANIAN-TERPADU-B-2.3,SD,B,Muatan Keterampilan Pertanian Terpadu,Produksi,"Membuktikan dengan prinsip dasar persiapan, penanaman, pemeliharaan, dan panen budi daya sistem pertanian terpadu dengan bimbingan pendidik serta memperhatikan Keselamatan dan Kesehatan Kerja serta lingkungan hidup (K3LH).",AUTO-119,https://kurikulum.kemendikdasmen.go.id/service/download.php?kategori=rujukan&id=119,extracted_machine
LO-MUATAN-KETERAMPILAN-PERTANIAN-TERPADU-B-2.4,SD,B,Muatan Keterampilan Pertanian Terpadu,Promosi dan Pemasaran,Menghasilkan promosi untuk memasarkan hasil budi daya dari sistem pertanian terpadu dengan menggunakan berbagai media dan teknologi dengan memperhatikan Keselamatan dan Kesehatan Kerja serta lingkungan hidup (K3LH).,AUTO-119,https://kurikulum.kemendikdasmen.go.id/service/download.php?kategori=rujukan&id=119,extracted_machine
LO-MUATAN-KETERAMPILAN-PERTANIAN-TERPADU-C-3.1,SD,C,Muatan Keterampilan Pertanian Terpadu,Observasi dan Eksplorasi,"Menemukan jenis-jenis dan metode perbanyakan, baik tanaman maupun hewan (ikan atau hewan ternak) yang berpotensi dalam sesuai dengan Kesehatan budi daya sistem pertanian terpadu dengan kebutuhan pribadi/keluarga memperhatikan Keselamatan dan Kerja serta lingkungan hidup (K3LH).",AUTO-119,https://kurikulum.kemendikdasmen.go.id/service/download.php?kategori=rujukan&id=119,extracted_machine
LO-MUATAN-KETERAMPILAN-PERTANIAN-TERPADU-C-3.2,SD,C,Muatan Keterampilan Pertanian Terpadu,Desain/Perencanaan,"Menyusun rancangan kegiatan budi daya sistem pertanian terpadu melalui perbanyakan/ pengembangbiakan secara sederhana meliputi persiapan alat, bahan, seleksi indukan dan bibit, serta pengelolaan lahan budi daya sesuai dengan jenis komunitasnya dengan memperhatikan Keselamatan dan Kesehatan Kerja serta lingkungan hidup (K3LH).",AUTO-119,https://kurikulum.kemendikdasmen.go.id/service/download.php?kategori=rujukan&id=119,extracted_machine
LO-MUATAN-KETERAMPILAN-PERTANIAN-TERPADU-C-3.3,SD,C,Muatan Keterampilan Pertanian Terpadu,Produksi,"Membuktikan dengan prinsip dasar persiapan, penanaman, pemeliharaan, dan panen budi daya sistem pertanian terpadu dengan memperhatikan Keselamatan dan Kesehatan Kerja serta lingkungan hidup (K3LH).",AUTO-119,https://kurikulum.kemendikdasmen.go.id/service/download.php?kategori=rujukan&id=119,extracted_machine
LO-MUATAN-KETERAMPILAN-PERTANIAN-TERPADU-C-3.4,SD,C,Muatan Keterampilan Pertanian Terpadu,Promosi dan Pemasaran,Menciptakan promosi untuk memasarkan hasil perbanyakan/ pengembangbiakan dari sistem budi daya pertanian dengan memanfaatkan berbagai media dan teknologi dengan memperhatikan Keselamatan dan Kesehatan Kerja serta lingkungan hidup (K3LH).,AUTO-119,https://kurikulum.kemendikdasmen.go.id/service/download.php?kategori=rujukan&id=119,extracted_machine
LO-MUATAN-KETERAMPILAN-PERTANIAN-TERPADU-D-4.1,SMP,D,Muatan Keterampilan Pertanian Terpadu,Observasi dan Eksplorasi,Menemukan jenis-jenis tanaman dan hewan yang dibudidayakan (ikan atau hewan ternak) yang berpotensi dalam budi daya pertanian terpadu sesuai dengan konteks daerah setempat dengan memperhatikan Keselamatan dan Kesehatan Kerja serta lingkungan hidup (K3LH).,AUTO-119,https://kurikulum.kemendikdasmen.go.id/service/download.php?kategori=rujukan&id=119,extracted_machine
LO-MUATAN-KETERAMPILAN-PERTANIAN-TERPADU-D-4.2,SMP,D,Muatan Keterampilan Pertanian Terpadu,Desain/Perencanaan,"Menyusun kegiatan budi daya pertanian terpadu meliputi persiapan alat, bahan, pengelolaan lahan, dan penentuan populasi yang akan dibudidayakan sesuai dengan kebutuhan dengan memperhatikan Keselamatan dan Kesehatan Kerja serta lingkungan hidup (K3LH).",AUTO-119,https://kurikulum.kemendikdasmen.go.id/service/download.php?kategori=rujukan&id=119,extracted_machine
LO-MUATAN-KETERAMPILAN-PERTANIAN-TERPADU-D-4.3,SMP,D,Muatan Keterampilan Pertanian Terpadu,Produksi,"Membuktikan dengan prinsip dasar persiapan, penanaman, pemeliharaan, dan panen budi daya pertanian terpadu sesuai dengan prosedur operasional standar (POS) dengan memperhatikan Keselamatan dan Kesehatan Kerja serta lingkungan hidup (K3LH).",AUTO-119,https://kurikulum.kemendikdasmen.go.id/service/download.php?kategori=rujukan&id=119,extracted_machine
LO-MUATAN-KETERAMPILAN-PERTANIAN-TERPADU-D-4.4,SMP,D,Muatan Keterampilan Pertanian Terpadu,Promosi dan Pemasaran,Menciptakan promosi untuk memasarkan produk budi daya pertanian terpadu dengan memanfaatkan berbagai media dan teknologi dengan memperhatikan Keselamatan dan Kesehatan Kerja serta lingkungan hidup (K3LH).,AUTO-119,https://kurikulum.kemendikdasmen.go.id/service/download.php?kategori=rujukan&id=119,extracted_machine
LO-MUATAN-KETERAMPILAN-PERTANIAN-TERPADU-E-5.1,SMA,E,Muatan Keterampilan Pertanian Terpadu,Observasi dan Eksplorasi,"Menemukan bahan, alat, teknik, prosedur, dan sistem pertanian terpadu serta menentukan produk bernilai ekonomis dari berbagai sumber dengan memperhatikan Keselamatan dan Kesehatan Kerja serta lingkungan hidup (K3LH).",AUTO-119,https://kurikulum.kemendikdasmen.go.id/service/download.php?kategori=rujukan&id=119,extracted_machine
LO-MUATAN-KETERAMPILAN-PERTANIAN-TERPADU-E-5.2,SMA,E,Muatan Keterampilan Pertanian Terpadu,Desain/Perencanaan,Menyusun rencana pengembangan kegiatan pertanian terpadu dengan pemanfaatan teknologi tepat guna berdasarkan analisis kebutuhan dan kelayakan pasar berdasarkan potensi lingkungan/kearifan lokal dan hasil eksplorasi dengan memperhatikan Keselamatan dan Kesehatan Kerja serta lingkungan hidup (K3LH).,AUTO-119,https://kurikulum.kemendikdasmen.go.id/service/download.php?kategori=rujukan&id=119,extracted_machine
LO-MUATAN-KETERAMPILAN-PERTANIAN-TERPADU-E-5.3,SMA,E,Muatan Keterampilan Pertanian Terpadu,Produksi,"Menghasilkan produk pertanian terpadu yang aman berbasis usaha, serta menerapkan bentuk pengemasan secara kreatif-inovatif dengan memperhatikan Keselamatan dan Kesehatan Kerja serta lingkungan hidup (K3LH).",AUTO-119,https://kurikulum.kemendikdasmen.go.id/service/download.php?kategori=rujukan&id=119,extracted_machine
LO-MUATAN-KETERAMPILAN-PERTANIAN-TERPADU-E-5.4,SMA,E,Muatan Keterampilan Pertanian Terpadu,Promosi dan Pemasaran,Menciptakan promosi dan pemasaran produk hasil pertanian terpadu dalam kemasan dengan memanfaatkan berbagai media dan teknologi dengan memperhatikan Keselamatan dan Kesehatan Kerja serta lingkungan hidup (K3LH).,AUTO-119,https://kurikulum.kemendikdasmen.go.id/service/download.php?kategori=rujukan&id=119,extracted_machine
LO-MUATAN-KETERAMPILAN-PERTANIAN-TERPADU-F-6.1,SMA,F,Muatan Keterampilan Pertanian Terpadu,Observasi dan Eksplorasi,"Menemukan sistem produksi pertanian terpadu yang bernilai ekonomis dari berbagai sumber, berdasar analisis ekonomi, teknologi, ekosistem, dan pemasaran dengan memperhatikan Keselamatan dan Kesehatan Kerja serta lingkungan hidup (K3LH).",AUTO-119,https://kurikulum.kemendikdasmen.go.id/service/download.php?kategori=rujukan&id=119,extracted_machine
LO-MUATAN-KETERAMPILAN-PERTANIAN-TERPADU-F-6.2,SMA,F,Muatan Keterampilan Pertanian Terpadu,Desain/Perencanaan,"Menyusun sistem produksi pertanian terpadu dalam bentuk proposal usaha mencakup analisis kajian ilmiah, teknologi tepat guna dan analisis usaha sesuai dengan potensi lingkungan/kearifan lokal dengan memperhatikan Keselamatan dan Kesehatan Kerja serta lingkungan hidup (K3LH).",AUTO-119,https://kurikulum.kemendikdasmen.go.id/service/download.php?kategori=rujukan&id=119,extracted_machine
LO-MUATAN-KETERAMPILAN-PERTANIAN-TERPADU-F-6.3,SMA,F,Muatan Keterampilan Pertanian Terpadu,Produksi,Menyusun sistem produksi pertanian terpadu dalam bentuk proposal usaha dengan menggunakan teknologi tepat guna serta melakukan pengemasan yang kreatif-inovatif dan analisis usaha sesuai dengan potensi lingkungan/kearifan lokal dengan memperhatikan Keselamatan dan Kesehatan Kerja serta lingkungan hidup (K3LH).,AUTO-119,https://kurikulum.kemendikdasmen.go.id/service/download.php?kategori=rujukan&id=119,extracted_machine
LO-MUATAN-KETERAMPILAN-PERTANIAN-TERPADU-F-6.4,SMA,F,Muatan Keterampilan Pertanian Terpadu,Promosi dan Pemasaran,"Menciptakan promosi dan pemasaran produk hasil pertanian terpadu dengan teknologi tepat guna, serta memanfaatkan berbagai media dan teknologi dengan memperhatikan Keselamatan dan Kesehatan Kerja serta lingkungan hidup (K3LH).",AUTO-119,https://kurikulum.kemendikdasmen.go.id/service/download.php?kategori=rujukan&id=119,extracted_machine
LO-MUATAN-KETERAMPILAN-BARISTA-A-1.1,SD,A,Muatan Keterampilan Barista,Pengelolaan Bahan Baku,Merefleksi buah kopi sebagai bahan minuman yang dikonsumsi di lingkungan keluarga atau sekitarnya.,AUTO-119,https://kurikulum.kemendikdasmen.go.id/service/download.php?kategori=rujukan&id=119,extracted_machine
LO-MUATAN-KETERAMPILAN-BARISTA-A-1.2,SD,A,Muatan Keterampilan Barista,Peralatan dan Perlengkapan,Menggeneralisasi peralatan pembuatan minuman kopi yang dikonsumsi di lingkungan keluarga atau sekitar.,AUTO-119,https://kurikulum.kemendikdasmen.go.id/service/download.php?kategori=rujukan&id=119,extracted_machine
LO-MUATAN-KETERAMPILAN-BARISTA-A-1.3,SD,A,Muatan Keterampilan Barista,Pengelolaan Area Kerja,Menggeneralisasi area kerja barista berdasarkan tayangan atau gambar.,AUTO-119,https://kurikulum.kemendikdasmen.go.id/service/download.php?kategori=rujukan&id=119,extracted_machine
LO-MUATAN-KETERAMPILAN-BARISTA-A-1.4,SD,A,Muatan Keterampilan Barista,Pelayanan Pelanggan,"Menampilkan layanan sederhana untuk berinteraksi kepada pelanggan dengan kalimat santun untuk mengucapkan salam, terima kasih, dan permintaan maaf",AUTO-119,https://kurikulum.kemendikdasmen.go.id/service/download.php?kategori=rujukan&id=119,extracted_machine
LO-MUATAN-KETERAMPILAN-BARISTA-A-1.5,SD,A,Muatan Keterampilan Barista,Pembuatan Produk Olahan Kopi,Membuat minuman kopi secara sederhana yang dilakukan di lingkungan keluarga dengan pendampingan orang dewasa.,AUTO-119,https://kurikulum.kemendikdasmen.go.id/service/download.php?kategori=rujukan&id=119,extracted_machine
LO-MUATAN-KETERAMPILAN-BARISTA-B-2.1,SD,B,Muatan Keterampilan Barista,Pengelolaan Bahan Baku,Menggeneralisasi daerah penghasil kopi di Indonesia serta pengolahan kopi pasca panen.,AUTO-119,https://kurikulum.kemendikdasmen.go.id/service/download.php?kategori=rujukan&id=119,extracted_machine
LO-MUATAN-KETERAMPILAN-BARISTA-B-2.2,SD,B,Muatan Keterampilan Barista,Peralatan dan Perlengkapan,Mengevaluasi peralatan pembuatan kopi yang ada di rumah dan/atau tempat minum kopi di sekitar serta fungsinya.,AUTO-119,https://kurikulum.kemendikdasmen.go.id/service/download.php?kategori=rujukan&id=119,extracted_machine
LO-MUATAN-KETERAMPILAN-BARISTA-B-2.3,SD,B,Muatan Keterampilan Barista,Pengelolaan Area Kerja,Mengevaluasi area kerja barista yang harus dijaga kebersihannya.,AUTO-119,https://kurikulum.kemendikdasmen.go.id/service/download.php?kategori=rujukan&id=119,extracted_machine
LO-MUATAN-KETERAMPILAN-BARISTA-B-2.4,SD,B,Muatan Keterampilan Barista,Pelayanan Pelanggan,Menampilkan komunikasi sederhana yang dilakukan penjual dan pembeli di tempat minum kopi (kedai kopi/ coffee shop ) berdasarkan tayangan atau dialog dalam bacaan dengan bermain peran.,AUTO-119,https://kurikulum.kemendikdasmen.go.id/service/download.php?kategori=rujukan&id=119,extracted_machine
LO-MUATAN-KETERAMPILAN-BARISTA-B-2.5,SD,B,Muatan Keterampilan Barista,Pembuatan Produk Olahan Kopi,Membuat olahan kopi berdasarkan hasil pengamatan di tempat minum kopi (kedai kopi/ coffee shop ) yang ada di sekitarnya atau berdasarkan gambar/tayangan dengan bimbingan orang dewasa.,AUTO-119,https://kurikulum.kemendikdasmen.go.id/service/download.php?kategori=rujukan&id=119,extracted_machine
LO-MUATAN-KETERAMPILAN-BARISTA-C-3.1,SD,C,Muatan Keterampilan Barista,Pengelolaan Bahan Baku,Mengevaluasi potensi kopi sebagai komoditas ekspor berdasarkan data.,AUTO-119,https://kurikulum.kemendikdasmen.go.id/service/download.php?kategori=rujukan&id=119,extracted_machine
LO-MUATAN-KETERAMPILAN-BARISTA-C-3.2,SD,C,Muatan Keterampilan Barista,Peralatan dan Perlengkapan,Menggeneralisasi peralatan pembuatan kopi yang digunakan di tempat minum kopi (kedai kopi/ coffee shop ) yang ada di sekitar atau berdasarkan gambar atau tayangan.,AUTO-119,https://kurikulum.kemendikdasmen.go.id/service/download.php?kategori=rujukan&id=119,extracted_machine
LO-MUATAN-KETERAMPILAN-BARISTA-C-3.3,SD,C,Muatan Keterampilan Barista,Pengelolaan Area Kerja,Merancang area kerja yang berkaitan dengan tempat minum kopi (kedai kopi/ coffee shop ).,AUTO-119,https://kurikulum.kemendikdasmen.go.id/service/download.php?kategori=rujukan&id=119,extracted_machine
LO-MUATAN-KETERAMPILAN-BARISTA-C-3.4,SD,C,Muatan Keterampilan Barista,Pelayanan Pelanggan,Menampilkan komunikasi kepada pelanggan dengan santun dan memperhatikan etika dalam bekerja.,AUTO-119,https://kurikulum.kemendikdasmen.go.id/service/download.php?kategori=rujukan&id=119,extracted_machine
LO-MUATAN-KETERAMPILAN-BARISTA-C-3.5,SD,C,Muatan Keterampilan Barista,Pembuatan Produk Olahan Kopi,Menampilkan teknik seduh pada pembuatan minuman kopi di kedai kopi/ coffee shop dan teknik yang digunakan di rumah.,AUTO-119,https://kurikulum.kemendikdasmen.go.id/service/download.php?kategori=rujukan&id=119,extracted_machine
LO-MUATAN-KETERAMPILAN-BARISTA-D-4.1,SMP,D,Muatan Keterampilan Barista,Pengelolaan Bahan Baku,Menyusun pengolahan bahan baku pada kegiatan kerja barista dalam manual brewing.,AUTO-119,https://kurikulum.kemendikdasmen.go.id/service/download.php?kategori=rujukan&id=119,extracted_machine
LO-MUATAN-KETERAMPILAN-BARISTA-D-4.2,SMP,D,Muatan Keterampilan Barista,Peralatan dan Perlengkapan,Menampilkan pengelolaan peralatan manual brewing sederhana yang digunakan pada aktivitas barista serta melakukan kalibrasi masing- masing jenis peralatan kerja barista.,AUTO-119,https://kurikulum.kemendikdasmen.go.id/service/download.php?kategori=rujukan&id=119,extracted_machine
LO-MUATAN-KETERAMPILAN-BARISTA-D-4.3,SMP,D,Muatan Keterampilan Barista,Pengelolaan Area Kerja,"Mengkritisi pengelolaan area kerja barista berkaitan dengan kebersihan area kerja, penataan peralatan, dan perlengkapan.",AUTO-119,https://kurikulum.kemendikdasmen.go.id/service/download.php?kategori=rujukan&id=119,extracted_machine
LO-MUATAN-KETERAMPILAN-BARISTA-D-4.4,SMP,D,Muatan Keterampilan Barista,Pelayanan Pelanggan,Menampilkan komunikasi berkaitan dengan produk barista yang ada di tempat kerja serta merefleksikan karakteristik pelanggan.,AUTO-119,https://kurikulum.kemendikdasmen.go.id/service/download.php?kategori=rujukan&id=119,extracted_machine
LO-MUATAN-KETERAMPILAN-BARISTA-D-4.5,SMP,D,Muatan Keterampilan Barista,Pembuatan Produk Olahan Kopi,Membuat produk olahan kopi manual brewing sederhana sesuai dengan prosedur operasional baku.,AUTO-119,https://kurikulum.kemendikdasmen.go.id/service/download.php?kategori=rujukan&id=119,extracted_machine
LO-MUATAN-KETERAMPILAN-BARISTA-E-5.1,SMA,E,Muatan Keterampilan Barista,Pengelolaan Bahan Baku,Menampilkan pengelolaan bahan baku pada manual brewing metode pour over dan immersion.,AUTO-119,https://kurikulum.kemendikdasmen.go.id/service/download.php?kategori=rujukan&id=119,extracted_machine
LO-MUATAN-KETERAMPILAN-BARISTA-E-5.2,SMA,E,Muatan Keterampilan Barista,Peralatan dan Perlengkapan,Menampilkan penggunaan peralatan manual brewing metode pour over dan immersion serta melakukan kalibrasi masingmasing jenis peralatan.,AUTO-119,https://kurikulum.kemendikdasmen.go.id/service/download.php?kategori=rujukan&id=119,extracted_machine
LO-MUATAN-KETERAMPILAN-BARISTA-E-5.3,SMA,E,Muatan Keterampilan Barista,Pengelolaan Area Kerja,Mengevaluasi efektivitas pengelolaan area kerja barista untuk mengoptimalkan pendayagunaan ruang dan area kerja barista.,AUTO-119,https://kurikulum.kemendikdasmen.go.id/service/download.php?kategori=rujukan&id=119,extracted_machine
LO-MUATAN-KETERAMPILAN-BARISTA-E-5.4,SMA,E,Muatan Keterampilan Barista,Pelayanan Pelanggan,Menampilkan pelayanan yang baik bagi pelanggan dan pesanan pelanggan.,AUTO-119,https://kurikulum.kemendikdasmen.go.id/service/download.php?kategori=rujukan&id=119,extracted_machine
LO-MUATAN-KETERAMPILAN-BARISTA-E-5.5,SMA,E,Muatan Keterampilan Barista,Pembuatan Produk Olahan Kopi,Membuat produk olahan kopi manual brewing metode pour over dan immersion sesuai dengan prosedur operasional baku untuk masing-masing produk.,AUTO-119,https://kurikulum.kemendikdasmen.go.id/service/download.php?kategori=rujukan&id=119,extracted_machine
LO-MUATAN-KETERAMPILAN-BARISTA-F-6.1,SMA,F,Muatan Keterampilan Barista,Pengelolaan Bahan Baku,Menampilkan pengelolaan bahan baku yang akan digunakan pada manual brewing ( hybrid dan press ) dan mesin espresso.,AUTO-119,https://kurikulum.kemendikdasmen.go.id/service/download.php?kategori=rujukan&id=119,extracted_machine
LO-MUATAN-KETERAMPILAN-BARISTA-F-6.2,SMA,F,Muatan Keterampilan Barista,Peralatan dan Perlengkapan,Menampilkan penggunaan peralatan mesin espresso dan milk beverage serta pengoperasian dan melakukan kalibrasi masing-masing jenis peralatan.,AUTO-119,https://kurikulum.kemendikdasmen.go.id/service/download.php?kategori=rujukan&id=119,extracted_machine
LO-MUATAN-KETERAMPILAN-BARISTA-F-6.3,SMA,F,Muatan Keterampilan Barista,Pengelolaan Area Kerja,Menampilkan secara menyeluruh pengelolaan area kerja barista terhadap produktivitas dan efisiensi operasional barista.,AUTO-119,https://kurikulum.kemendikdasmen.go.id/service/download.php?kategori=rujukan&id=119,extracted_machine
LO-MUATAN-KETERAMPILAN-BARISTA-F-6.4,SMA,F,Muatan Keterampilan Barista,,Menampilkan pelayanan yang baik keluhan pelanggan. Pelayanan Pelanggan terhadap,AUTO-119,https://kurikulum.kemendikdasmen.go.id/service/download.php?kategori=rujukan&id=119,extracted_machine
LO-MUATAN-KETERAMPILAN-BARISTA-F-6.5,SMA,F,Muatan Keterampilan Barista,Pembuatan Produk Olahan Kopi,Membuat produk olahan kopi manual brewing ( hybrid dan press ) dan mesin espresso serta milk beverage sesuai dengan prosedur operasional baku untuk masing-masing produk.,AUTO-119,https://kurikulum.kemendikdasmen.go.id/service/download.php?kategori=rujukan&id=119,extracted_machine
LO-MUATAN-KETERAMPILAN-PERIKANAN-TANGKAP-A-1.1,SD,A,Muatan Keterampilan Perikanan Tangkap,Wawasan Nusantara,Merefleksikan kebaharian di daerah sekitarnya melalui kegiatan sederhana dengan bimbingan pendidik.,AUTO-119,https://kurikulum.kemendikdasmen.go.id/service/download.php?kategori=rujukan&id=119,extracted_machine
LO-MUATAN-KETERAMPILAN-PERIKANAN-TANGKAP-A-1.2,SD,A,Muatan Keterampilan Perikanan Tangkap,Proses Penangkapan Ikan,Menemukan potensi sumber daya kelautan di lingkungan sekitarnya melalui kegiatan sederhana dengan bimbingan pendidik.,AUTO-119,https://kurikulum.kemendikdasmen.go.id/service/download.php?kategori=rujukan&id=119,extracted_machine
LO-MUATAN-KETERAMPILAN-PERIKANAN-TANGKAP-A-1.3,SD,A,Muatan Keterampilan Perikanan Tangkap,Penanganan dan Penyimpanan Hasil Tangkapan Ikan,Menemukan penanganan sederhana hasil tangkapan ikan dengan bimbingan pendidik.,AUTO-119,https://kurikulum.kemendikdasmen.go.id/service/download.php?kategori=rujukan&id=119,extracted_machine
LO-MUATAN-KETERAMPILAN-PERIKANAN-TANGKAP-A-1.4,SD,A,Muatan Keterampilan Perikanan Tangkap,Pengolahan Hasil Perikanan tentang,Menemukan pengolahan sederhana hasil perikanan dengan bimbingan pendidik.,AUTO-119,https://kurikulum.kemendikdasmen.go.id/service/download.php?kategori=rujukan&id=119,extracted_machine
LO-MUATAN-KETERAMPILAN-PERIKANAN-TANGKAP-A-1.5,SD,A,Muatan Keterampilan Perikanan Tangkap,Diversifikasi Produk dan Pemasaran,Menampilkan variasi produk hasil pengolahan perikanan di lingkungan sekitarnya melalui kegiatan sederhana dengan bimbingan pendidik.,AUTO-119,https://kurikulum.kemendikdasmen.go.id/service/download.php?kategori=rujukan&id=119,extracted_machine
LO-MUATAN-KETERAMPILAN-PERIKANAN-TANGKAP-B-2.1,SD,B,Muatan Keterampilan Perikanan Tangkap,Wawasan Nusantara,Memiliki dan menampilkan rasa cinta kebaharian.,AUTO-119,https://kurikulum.kemendikdasmen.go.id/service/download.php?kategori=rujukan&id=119,extracted_machine
LO-MUATAN-KETERAMPILAN-PERIKANAN-TANGKAP-B-2.2,SD,B,Muatan Keterampilan Perikanan Tangkap,Proses Penangkapan Ikan,Menampilkan potensi sumber daya perikanan di lingkungan sekitarnya.,AUTO-119,https://kurikulum.kemendikdasmen.go.id/service/download.php?kategori=rujukan&id=119,extracted_machine
LO-MUATAN-KETERAMPILAN-PERIKANAN-TANGKAP-B-2.3,SD,B,Muatan Keterampilan Perikanan Tangkap,Penanganan dan Penyimpanan Hasil Tangkapan Ikan,Menampilkan proses penyimpanan hasil tangkapan ikan sederhana.,AUTO-119,https://kurikulum.kemendikdasmen.go.id/service/download.php?kategori=rujukan&id=119,extracted_machine
LO-MUATAN-KETERAMPILAN-PERIKANAN-TANGKAP-B-2.4,SD,B,Muatan Keterampilan Perikanan Tangkap,Pengolahan Hasil Perikanan,Menampilkan jenis olahan hasil perikanan di lingkungan sekitarnya.,AUTO-119,https://kurikulum.kemendikdasmen.go.id/service/download.php?kategori=rujukan&id=119,extracted_machine
LO-MUATAN-KETERAMPILAN-PERIKANAN-TANGKAP-B-2.5,SD,B,Muatan Keterampilan Perikanan Tangkap,Diversifikasi Produk dan Pemasaran,Membuat pengembangan produk perikanan di lingkungan sekitarnya. olahan,AUTO-119,https://kurikulum.kemendikdasmen.go.id/service/download.php?kategori=rujukan&id=119,extracted_machine
LO-MUATAN-KETERAMPILAN-PERIKANAN-TANGKAP-C-3.1,SD,C,Muatan Keterampilan Perikanan Tangkap,Wawasan Nusantara,Membangun semangat persatuan dan rasa cinta kebaharian dalam berbagai bentuk.,AUTO-119,https://kurikulum.kemendikdasmen.go.id/service/download.php?kategori=rujukan&id=119,extracted_machine
LO-MUATAN-KETERAMPILAN-PERIKANAN-TANGKAP-C-3.2,SD,C,Muatan Keterampilan Perikanan Tangkap,Proses Penangkapan Ikan,Merefleksikan sarana dan prasarana penangkapan ikan di lingkungan sekitarnya.,AUTO-119,https://kurikulum.kemendikdasmen.go.id/service/download.php?kategori=rujukan&id=119,extracted_machine
LO-MUATAN-KETERAMPILAN-PERIKANAN-TANGKAP-C-3.3,SD,C,Muatan Keterampilan Perikanan Tangkap,Penanganan dan Penyimpanan Hasil Tangkapan Ikan,Merefleksikan proses penanganan dan penyimpanan hasil tangkapan ikan sederhana.,AUTO-119,https://kurikulum.kemendikdasmen.go.id/service/download.php?kategori=rujukan&id=119,extracted_machine
LO-MUATAN-KETERAMPILAN-PERIKANAN-TANGKAP-C-3.4,SD,C,Muatan Keterampilan Perikanan Tangkap,Pengolahan Hasil Perikanan,Merefleksikan kebutuhan alat dan bahan olahan hasil perikanan di lingkungan sekitarnya.,AUTO-119,https://kurikulum.kemendikdasmen.go.id/service/download.php?kategori=rujukan&id=119,extracted_machine
LO-MUATAN-KETERAMPILAN-PERIKANAN-TANGKAP-C-3.5,SD,C,Muatan Keterampilan Perikanan Tangkap,Diversifikasi Produk dan Pemasaran,Membuat pengolahan produk kreatif perikanan sederhana yang ada di lingkungan sekitarnya.,AUTO-119,https://kurikulum.kemendikdasmen.go.id/service/download.php?kategori=rujukan&id=119,extracted_machine
LO-MUATAN-KETERAMPILAN-PERIKANAN-TANGKAP-D-4.1,SMP,D,Muatan Keterampilan Perikanan Tangkap,Wawasan Nusantara,Merefleksikan nilai-nilai patriotisme untuk mewujudkan laut sebagai sumber kehidupan dan masa depan bangsa.,AUTO-119,https://kurikulum.kemendikdasmen.go.id/service/download.php?kategori=rujukan&id=119,extracted_machine
LO-MUATAN-KETERAMPILAN-PERIKANAN-TANGKAP-D-4.2,SMP,D,Muatan Keterampilan Perikanan Tangkap,Proses Penangkapan Ikan,Menggeneralisasi pengetahuan tentang alat penangkapan ikan dengan memperhatikan Keselamatan dan Kesehatan Kerja (K3).,AUTO-119,https://kurikulum.kemendikdasmen.go.id/service/download.php?kategori=rujukan&id=119,extracted_machine
LO-MUATAN-KETERAMPILAN-PERIKANAN-TANGKAP-D-4.3,SMP,D,Muatan Keterampilan Perikanan Tangkap,Penanganan dan Penyimpanan Hasil Tangkapan Ikan,Menggeneralisasi proses penanganan dan penyimpanan hasil tangkapan ikan secara tradisional dan modern dengan memperhatikan Keselamatan dan Kesehatan Kerja (K3).,AUTO-119,https://kurikulum.kemendikdasmen.go.id/service/download.php?kategori=rujukan&id=119,extracted_machine
LO-MUATAN-KETERAMPILAN-PERIKANAN-TANGKAP-D-4.4,SMP,D,Muatan Keterampilan Perikanan Tangkap,Pengolahan Hasil Perikanan hasil modern dan,Menggeneralisasi proses pengolahan perikanan secara tradisional dan dengan memperhatikan Keselamatan Kesehatan Kerja (K3).,AUTO-119,https://kurikulum.kemendikdasmen.go.id/service/download.php?kategori=rujukan&id=119,extracted_machine
LO-MUATAN-KETERAMPILAN-PERIKANAN-TANGKAP-D-4.5,SMP,D,Muatan Keterampilan Perikanan Tangkap,Diversifikasi Produk dan Pemasaran,Menggeneralisasi teknik pemasaran produk olahan perikanan di lingkungan sekitarnya.,AUTO-119,https://kurikulum.kemendikdasmen.go.id/service/download.php?kategori=rujukan&id=119,extracted_machine
LO-MUATAN-KETERAMPILAN-PERIKANAN-TANGKAP-E-5.1,SMA,E,Muatan Keterampilan Perikanan Tangkap,Wawasan Nusantara,Merefleksikan nilai-nilai patriotisme untuk bekerja sama dengan berbagai pihak dalam upaya pelestarian dan pemanfaatan laut.,AUTO-119,https://kurikulum.kemendikdasmen.go.id/service/download.php?kategori=rujukan&id=119,extracted_machine
LO-MUATAN-KETERAMPILAN-PERIKANAN-TANGKAP-E-5.2,SMA,E,Muatan Keterampilan Perikanan Tangkap,Proses Penangkapan Ikan,Merefleksikan nautika perkapalan dan permesinan kapal dengan memperhatikan Keselamatan dan Kesehatan Kerja (K3).,AUTO-119,https://kurikulum.kemendikdasmen.go.id/service/download.php?kategori=rujukan&id=119,extracted_machine
LO-MUATAN-KETERAMPILAN-PERIKANAN-TANGKAP-E-5.3,SMA,E,Muatan Keterampilan Perikanan Tangkap,Penanganan dan Penyimpanan Hasil Tangkapan Ikan,Merefleksikan penanganan hasil tangkapan ikan serta proses penyimpanan secara konvensional di atas kapal dengan memperhatikan Keselamatan dan Kesehatan Kerja (K3).,AUTO-119,https://kurikulum.kemendikdasmen.go.id/service/download.php?kategori=rujukan&id=119,extracted_machine
LO-MUATAN-KETERAMPILAN-PERIKANAN-TANGKAP-E-5.4,SMA,E,Muatan Keterampilan Perikanan Tangkap,Pengolahan Hasil Perikanan,Merefleksikan pengolahan hasil perikanan secara tradisional dan cara pengemasan produk yang sesuai dengan kebutuhan pasar dengan memperhatikan Keselamatan dan Kesehatan Kerja (K3).,AUTO-119,https://kurikulum.kemendikdasmen.go.id/service/download.php?kategori=rujukan&id=119,extracted_machine
LO-MUATAN-KETERAMPILAN-PERIKANAN-TANGKAP-E-5.5,SMA,E,Muatan Keterampilan Perikanan Tangkap,Diversifikasi Produk dan Pemasaran,Menciptakan diversifikasi olahan hasil perikanan dan cara pemasaran sesuai dengan kebutuhan pasar pada kegiatan wirausaha.,AUTO-119,https://kurikulum.kemendikdasmen.go.id/service/download.php?kategori=rujukan&id=119,extracted_machine
LO-MUATAN-KETERAMPILAN-PERIKANAN-TANGKAP-F-6.1,SMA,F,Muatan Keterampilan Perikanan Tangkap,Wawasan Nusantara,Mengevaluasi sikap kemandirian dan semangat kebaharian untuk memberikan kontribusi pada sektor perikanan.,AUTO-119,https://kurikulum.kemendikdasmen.go.id/service/download.php?kategori=rujukan&id=119,extracted_machine
LO-MUATAN-KETERAMPILAN-PERIKANAN-TANGKAP-F-6.2,SMA,F,Muatan Keterampilan Perikanan Tangkap,Proses Penangkapan Ikan,Mengevaluasi pengoperasian peralatan dan permesinan kapal perikanan dengan memperhatikan Keselamatan dan Kesehatan Kerja (K3).,AUTO-119,https://kurikulum.kemendikdasmen.go.id/service/download.php?kategori=rujukan&id=119,extracted_machine
LO-MUATAN-KETERAMPILAN-PERIKANAN-TANGKAP-F-6.3,SMA,F,Muatan Keterampilan Perikanan Tangkap,Penanganan dan Penyimpanan Hasil Tangkapan Ikan,Mengevaluasi penanganan hasil tangkapan ikan dan proses penyimpanan secara modern di atas kapal dengan memperhatikan Keselamatan dan Kesehatan Kerja (K3).,AUTO-119,https://kurikulum.kemendikdasmen.go.id/service/download.php?kategori=rujukan&id=119,extracted_machine
LO-MUATAN-KETERAMPILAN-PERIKANAN-TANGKAP-F-6.4,SMA,F,Muatan Keterampilan Perikanan Tangkap,Pengolahan Hasil Perikanan,Mengevaluasi pengolahan hasil perikanan secara modern dan cara pengemasan produk dengan memperhatikan Keselamatan dan Kesehatan Kerja (K3).,AUTO-119,https://kurikulum.kemendikdasmen.go.id/service/download.php?kategori=rujukan&id=119,extracted_machine
LO-MUATAN-KETERAMPILAN-PERIKANAN-TANGKAP-F-6.5,SMA,F,Muatan Keterampilan Perikanan Tangkap,Diversifikasi Produk dan Pemasaran,Menciptakan diversifikasi produk hasil olahan perikanan secara kreatif dan inovatif pada kegiatan wirausaha.,AUTO-119,https://kurikulum.kemendikdasmen.go.id/service/download.php?kategori=rujukan&id=119,extracted_machine
LO-MUATAN-KETERAMPILAN-TATA-BOGA-A-1.1,SD,A,Muatan Keterampilan Tata Boga,Persiapan Pengolahan,Menyusun bahan makanan di lingkungannya serta peralatan pengolahan makanan sederhana dan fungsinya. Menampilkan higiene sanitasi pribadi dan melakukan persiapan dasar pengolahan bahan makanan sederhana.,AUTO-119,https://kurikulum.kemendikdasmen.go.id/service/download.php?kategori=rujukan&id=119,extracted_machine
LO-MUATAN-KETERAMPILAN-TATA-BOGA-A-1.2,SD,A,Muatan Keterampilan Tata Boga,Pengolahan Makanan,Menyusun berbagai teknik olah sederhana dan membuat pengolahan makanan menjadi makanan yang siap dimakan dengan pendampingan orang dewasa.,AUTO-119,https://kurikulum.kemendikdasmen.go.id/service/download.php?kategori=rujukan&id=119,extracted_machine
LO-MUATAN-KETERAMPILAN-TATA-BOGA-A-1.3,SD,A,Muatan Keterampilan Tata Boga,Penyajian Makanan,Menyusun penyajian dan penataan makanan secara sederhana dengan menggunakan alat yang bersih.,AUTO-119,https://kurikulum.kemendikdasmen.go.id/service/download.php?kategori=rujukan&id=119,extracted_machine
LO-MUATAN-KETERAMPILAN-TATA-BOGA-A-1.4,SD,A,Muatan Keterampilan Tata Boga,Wirausaha Bidang Boga,Menyusun penataan makanan secara sederhana untuk ditunjukkan pada keluarga.,AUTO-119,https://kurikulum.kemendikdasmen.go.id/service/download.php?kategori=rujukan&id=119,extracted_machine
LO-MUATAN-KETERAMPILAN-TATA-BOGA-B-2.1,SD,B,Muatan Keterampilan Tata Boga,Persiapan Pengolahan,Menyusun bahan makanan sesuai jenis di lingkungannya dan alat pengolahan sederhana. Menampilkan higiene sanitasi pribadi dan makanan serta mengenal unsur gizi pada bahan makanan. 3.,AUTO-119,https://kurikulum.kemendikdasmen.go.id/service/download.php?kategori=rujukan&id=119,extracted_machine
LO-MUATAN-KETERAMPILAN-TATA-BOGA-B-2.2,SD,B,Muatan Keterampilan Tata Boga,Pengolahan Makanan,Membuat olahan makanan sederhana untuk keperluan diri sendiri dan keluarga.,AUTO-119,https://kurikulum.kemendikdasmen.go.id/service/download.php?kategori=rujukan&id=119,extracted_machine
LO-MUATAN-KETERAMPILAN-TATA-BOGA-B-2.3,SD,B,Muatan Keterampilan Tata Boga,,,AUTO-119,https://kurikulum.kemendikdasmen.go.id/service/download.php?kategori=rujukan&id=119,extracted_machine
LO-MUATAN-KETERAMPILAN-TATA-BOGA-B-2.4,SD,B,Muatan Keterampilan Tata Boga,Penyajian Makanan,"Menyusun penyajian makanan sesuai dengan standar porsi dengan memperhatikan kerapian, kebersihan, dan kesesuaian alat saji. Wirausaha Bidang Boga Menyusun pembuatan makanan sederhana untuk keluarga.",AUTO-119,https://kurikulum.kemendikdasmen.go.id/service/download.php?kategori=rujukan&id=119,extracted_machine
LO-MUATAN-KETERAMPILAN-TATA-BOGA-C-3.1,SD,C,Muatan Keterampilan Tata Boga,Persiapan Pengolahan,"Menyusun dan membuat persiapan pengolahan sederhana sesuai dengan kebutuhan atau teknik pengolahan dan higiene sanitasi makanan. Menyusun unsur gizi pada makanan dan menyusun bahan tambahan pada makanan (pewarna, pemanis, perasa, pengenyal, pengawet).",AUTO-119,https://kurikulum.kemendikdasmen.go.id/service/download.php?kategori=rujukan&id=119,extracted_machine
LO-MUATAN-KETERAMPILAN-TATA-BOGA-C-3.2,SD,C,Muatan Keterampilan Tata Boga,Pengolahan Makanan,Menyusun dan membuat makanan dengan teknik pengolahan panas basah dan panas kering untuk keperluan diri dan keluarga dengan memperhatikan Keselamatan dan Kesehatan Kerja (K3).,AUTO-119,https://kurikulum.kemendikdasmen.go.id/service/download.php?kategori=rujukan&id=119,extracted_machine
LO-MUATAN-KETERAMPILAN-TATA-BOGA-C-3.3,SD,C,Muatan Keterampilan Tata Boga,,,AUTO-119,https://kurikulum.kemendikdasmen.go.id/service/download.php?kategori=rujukan&id=119,extracted_machine
LO-MUATAN-KETERAMPILAN-TATA-BOGA-C-3.4,SD,C,Muatan Keterampilan Tata Boga,Penyajian Makanan rapi dengan menggunakan alat yang bersih dalam,Menyusun penyajian makanan dengan porsi standar dengan garnish yang sesuai. Wirausaha Bidang Boga sederhana Menyusun pembuatan makanan dengan cita rasa yang bernilai jual.,AUTO-119,https://kurikulum.kemendikdasmen.go.id/service/download.php?kategori=rujukan&id=119,extracted_machine
LO-MUATAN-KETERAMPILAN-TATA-BOGA-D-4.1,SMP,D,Muatan Keterampilan Tata Boga,Persiapan Pengolahan,"Merancang dan menyusun persiapan pengolahan makanan berkaitan dengan kebutuhan resep, unsur gizi, dan bahan tambahan makanan 5P (pengenyal, perasa, pengawet, pemanis, dan pewarna) dengan memperhatikan higiene sanitasi alat dan bahan serta keselamatan kerja. Membuat bumbu dasar dan bahan makanan lokal.",AUTO-119,https://kurikulum.kemendikdasmen.go.id/service/download.php?kategori=rujukan&id=119,extracted_machine
LO-MUATAN-KETERAMPILAN-TATA-BOGA-D-4.2,SMP,D,Muatan Keterampilan Tata Boga,Pengolahan Makanan,Merancang dan membuat makanan lokal dari bahan nabati dan hewani berdasarkan potensi daerah setempat sesuai dengan prosedur resep.,AUTO-119,https://kurikulum.kemendikdasmen.go.id/service/download.php?kategori=rujukan&id=119,extracted_machine
LO-MUATAN-KETERAMPILAN-TATA-BOGA-D-4.3,SMP,D,Muatan Keterampilan Tata Boga,Penyajian Makanan,Merancang pembuatan garnish dan penyajian makanan sesuai dengan standar porsi dengan penataan di alat saji sesuai daerah setempat,AUTO-119,https://kurikulum.kemendikdasmen.go.id/service/download.php?kategori=rujukan&id=119,extracted_machine
LO-MUATAN-KETERAMPILAN-TATA-BOGA-D-4.4,SMP,D,Muatan Keterampilan Tata Boga,Wirausaha Bidang Boga,"Membangun karakter wirausaha bidang boga, pengetahuan tentang dasar dasar penjualan, perhitungan harga jual, teknik pengemasan sederhana dengan kemasan yang aman dan menarik. Menampilkan penjualan hasil boga untuk kalangan sendiri atau dengan penjualan secara langsung ( offline ) dan/atau tidak langsung ( online ).",AUTO-119,https://kurikulum.kemendikdasmen.go.id/service/download.php?kategori=rujukan&id=119,extracted_machine
LO-MUATAN-KETERAMPILAN-TATA-BOGA-E-5.1,SMA,E,Muatan Keterampilan Tata Boga,Persiapan Pengolahan,"Merancang dan menyusun persiapan pengolahan makanan tentang kebutuhan resep, unsur gizi dan bahan tambahan makanan 5P (pengenyal, perasa, pengawet, pemanis, dan pewarna) dengan memperhatikan higiene sanitasi alat dan bahan serta keselamatan kerja. Membuat bumbu dasar dan bahan makanan Indonesia.",AUTO-119,https://kurikulum.kemendikdasmen.go.id/service/download.php?kategori=rujukan&id=119,extracted_machine
LO-MUATAN-KETERAMPILAN-TATA-BOGA-E-5.2,SMA,E,Muatan Keterampilan Tata Boga,Pengolahan Makanan,Merancang dan membuat pengolahan makanan dan minuman Indonesia dari bahan makanan lokal hewani dan nabati.,AUTO-119,https://kurikulum.kemendikdasmen.go.id/service/download.php?kategori=rujukan&id=119,extracted_machine
LO-MUATAN-KETERAMPILAN-TATA-BOGA-E-5.3,SMA,E,Muatan Keterampilan Tata Boga,Penyajian Makanan dan penyajian makanan sesuai dengan standar porsi sesuai dengan,Merancang pembuatan garnish dengan susunan menu Indonesia penataan di alat saji atau prasmanan.,AUTO-119,https://kurikulum.kemendikdasmen.go.id/service/download.php?kategori=rujukan&id=119,extracted_machine
LO-MUATAN-KETERAMPILAN-TATA-BOGA-E-5.4,SMA,E,Muatan Keterampilan Tata Boga,Wirausaha Bidang Boga,"Membangun segmentasi pasar 4P ( Product , Place , Price , Promotion ), pembuatan kemasan yang aman dan menarik serta menampilkan pemasaran langsung ( offline ), dan atau tidak langsung ( online ) untuk produk hasil boga.",AUTO-119,https://kurikulum.kemendikdasmen.go.id/service/download.php?kategori=rujukan&id=119,extracted_machine
LO-MUATAN-KETERAMPILAN-TATA-BOGA-F-6.1,SMA,F,Muatan Keterampilan Tata Boga,Persiapan Pengolahan,"Merancang dan menyusun persiapan pengolahan makanan berkaitan dengan kebutuhan resep, unsur gizi dengan memperhatikan higiene sanitasi alat dan bahan serta keselamatan kerja. Membuat bumbu dasar hidangan oriental dan kontinental yang sudah populer di Indonesia. Membuat pengembangan bahan berbasis potensi lokal hasil perkebunan, perikanan, dan peternakan daerah untuk pengolahan hidangan oriental dan kontinental.",AUTO-119,https://kurikulum.kemendikdasmen.go.id/service/download.php?kategori=rujukan&id=119,extracted_machine
LO-MUATAN-KETERAMPILAN-TATA-BOGA-F-6.2,SMA,F,Muatan Keterampilan Tata Boga,Pengolahan Makanan,Merancang dan membuat pengolahan makanan oriental dan kontinental yang populer di Indonesia.,AUTO-119,https://kurikulum.kemendikdasmen.go.id/service/download.php?kategori=rujukan&id=119,extracted_machine
LO-MUATAN-KETERAMPILAN-TATA-BOGA-F-6.3,SMA,F,Muatan Keterampilan Tata Boga,Penyajian Makanan,"Merancang standar porsi ( portion control ) dan menyajikan makanan di depan tamu sesuai dengan jenis hidangan, serta mampu melakukan penyajian dengan tata cara hidangan oriental dan kontinental.",AUTO-119,https://kurikulum.kemendikdasmen.go.id/service/download.php?kategori=rujukan&id=119,extracted_machine
LO-MUATAN-KETERAMPILAN-TATA-BOGA-F-6.4,SMA,F,Muatan Keterampilan Tata Boga,Wirausaha Bidang Boga,"Membuat penghitungan harga jual, perencanaan ) bidang boga, dan praktik penjualan dengan pemasaran secara langsung dan/atau pemasaran tidak langsung usaha ( business plan ( offline ) ( online ).",AUTO-119,https://kurikulum.kemendikdasmen.go.id/service/download.php?kategori=rujukan&id=119,extracted_machine
LO-MUATAN-KETERAMPILAN-TATA-BUSANA-A-1.1,SD,A,Muatan Keterampilan Tata Busana,Piranti Menjahit,Menampilkan peralatan jahit tangan sederhana.yang digunakan dalam kehidupan sehari-hari.,AUTO-119,https://kurikulum.kemendikdasmen.go.id/service/download.php?kategori=rujukan&id=119,extracted_machine
LO-MUATAN-KETERAMPILAN-TATA-BUSANA-A-1.2,SD,A,Muatan Keterampilan Tata Busana,Teknik Dasar Menjahit,Menggeneralisasi bahan tekstil sederhana berdasarkan warna. Membuat tusuk jelujur serta tusuk tikam jejak dengan bimbingan orang dewasa.,AUTO-119,https://kurikulum.kemendikdasmen.go.id/service/download.php?kategori=rujukan&id=119,extracted_machine
LO-MUATAN-KETERAMPILAN-TATA-BUSANA-A-1.3,SD,A,Muatan Keterampilan Tata Busana,Pembuatan Pola,Menggeneralisasi bentuk pola busana sederhana.,AUTO-119,https://kurikulum.kemendikdasmen.go.id/service/download.php?kategori=rujukan&id=119,extracted_machine
LO-MUATAN-KETERAMPILAN-TATA-BUSANA-A-1.4,SD,A,Muatan Keterampilan Tata Busana,Pembuatan Busana dan Lenan Rumah Tangga,Menampilkan penggabungan potongan kain lurus dengan teknik jelujur dan tusuk tikam jejak dengan bimbingan orang dewasa.,AUTO-119,https://kurikulum.kemendikdasmen.go.id/service/download.php?kategori=rujukan&id=119,extracted_machine
LO-MUATAN-KETERAMPILAN-TATA-BUSANA-A-1.5,SD,A,Muatan Keterampilan Tata Busana,Rancangan Harga Jual,Mengevaluasi harga jenis kebutuhan bahan pokok dan bahan pendukung busana sederhana.,AUTO-119,https://kurikulum.kemendikdasmen.go.id/service/download.php?kategori=rujukan&id=119,extracted_machine
LO-MUATAN-KETERAMPILAN-TATA-BUSANA-B-2.1,SD,B,Muatan Keterampilan Tata Busana,Piranti Menjahit,Mengevaluasi peralatan jahit sesuai yang digunakan.,AUTO-119,https://kurikulum.kemendikdasmen.go.id/service/download.php?kategori=rujukan&id=119,extracted_machine
LO-MUATAN-KETERAMPILAN-TATA-BUSANA-B-2.2,SD,B,Muatan Keterampilan Tata Busana,Teknik Dasar Menjahit,Merefleksikan bahan tekstil berdasarkan warna dan motif serta membuat kampuh jahitan sederhana dengan pendampingan orang dewasa.,AUTO-119,https://kurikulum.kemendikdasmen.go.id/service/download.php?kategori=rujukan&id=119,extracted_machine
LO-MUATAN-KETERAMPILAN-TATA-BUSANA-B-2.3,SD,B,Muatan Keterampilan Tata Busana,Pembuatan Pola,Mengevaluasi pola busana sederhana berupa potongan bagian-bagian pola busana dengan ukuran sebenarnya.,AUTO-119,https://kurikulum.kemendikdasmen.go.id/service/download.php?kategori=rujukan&id=119,extracted_machine
LO-MUATAN-KETERAMPILAN-TATA-BUSANA-B-2.4,SD,B,Muatan Keterampilan Tata Busana,Pembuatan Busana dan Lenan Rumah Tangga,Membuat penggabungan potongan kain busana sederhana dan lenan rumah tangga dengan kampuh yang tepat.,AUTO-119,https://kurikulum.kemendikdasmen.go.id/service/download.php?kategori=rujukan&id=119,extracted_machine
LO-MUATAN-KETERAMPILAN-TATA-BUSANA-B-2.5,SD,B,Muatan Keterampilan Tata Busana,Rancangan Harga Jual,Memprediksi harga jenis kebutuhan bahan pokok dan bahan pendukung busana dan lenan rumah tangga sederhana.,AUTO-119,https://kurikulum.kemendikdasmen.go.id/service/download.php?kategori=rujukan&id=119,extracted_machine
LO-MUATAN-KETERAMPILAN-TATA-BUSANA-C-3.1,SD,C,Muatan Keterampilan Tata Busana,Piranti Menjahit,Menggeneralisasi mesin jahit manual dan alat jahit penunjang serta menampilkan penggunaannya.,AUTO-119,https://kurikulum.kemendikdasmen.go.id/service/download.php?kategori=rujukan&id=119,extracted_machine
LO-MUATAN-KETERAMPILAN-TATA-BUSANA-C-3.2,SD,C,Muatan Keterampilan Tata Busana,Teknik Dasar Menjahit,Menggeneralisasi bahan tekstil yang terbuat dari serat alam dan membuat fragmen busana bermain.,AUTO-119,https://kurikulum.kemendikdasmen.go.id/service/download.php?kategori=rujukan&id=119,extracted_machine
LO-MUATAN-KETERAMPILAN-TATA-BUSANA-C-3.3,SD,C,Muatan Keterampilan Tata Busana,Pembuatan Pola,Membuat penggandaan pola busana bermain.,AUTO-119,https://kurikulum.kemendikdasmen.go.id/service/download.php?kategori=rujukan&id=119,extracted_machine
LO-MUATAN-KETERAMPILAN-TATA-BUSANA-C-3.4,SD,C,Muatan Keterampilan Tata Busana,Pembuatan Busana dan Lenan Rumah Tangga,Menampilkan penjahitan busana bermain sesuai dengan tertib kerja menjahit menggunakan mesin jahit manual.,AUTO-119,https://kurikulum.kemendikdasmen.go.id/service/download.php?kategori=rujukan&id=119,extracted_machine
LO-MUATAN-KETERAMPILAN-TATA-BUSANA-C-3.5,SD,C,Muatan Keterampilan Tata Busana,Rancangan Harga Jual,Merencanakan penyediaan kebutuhan bahan pokok dan bahan pendukung busana bermain dan lenan rumah tangga sesuai dengan desain dan memprediksi harga jual.,AUTO-119,https://kurikulum.kemendikdasmen.go.id/service/download.php?kategori=rujukan&id=119,extracted_machine
LO-MUATAN-KETERAMPILAN-TATA-BUSANA-D-4.1,SMP,D,Muatan Keterampilan Tata Busana,Piranti Menjahit,Merefleksikan pengoperasian mesin jahit portable dan alat jahit penunjang serta menampilkan cara penggunaannya.,AUTO-119,https://kurikulum.kemendikdasmen.go.id/service/download.php?kategori=rujukan&id=119,extracted_machine
LO-MUATAN-KETERAMPILAN-TATA-BUSANA-D-4.2,SMP,D,Muatan Keterampilan Tata Busana,Teknik Dasar Menjahit,Menggeneralisasi bahan tekstil dari serat buatan atau campuran dan membuat fragmen busana rumah.,AUTO-119,https://kurikulum.kemendikdasmen.go.id/service/download.php?kategori=rujukan&id=119,extracted_machine
LO-MUATAN-KETERAMPILAN-TATA-BUSANA-D-4.3,SMP,D,Muatan Keterampilan Tata Busana,Pembuatan Pola,Mengevaluasi sketsa desain dan membuat pola busana rumah,AUTO-119,https://kurikulum.kemendikdasmen.go.id/service/download.php?kategori=rujukan&id=119,extracted_machine
LO-MUATAN-KETERAMPILAN-TATA-BUSANA-D-4.4,SMP,D,Muatan Keterampilan Tata Busana,Pembuatan Busana dan Lenan Rumah Tangga,Menampilkan penjahitan busana rumah maupun lenan rumah tangga sesuai dengan tertib kerja menjahit menggunakan mesin jahit portable.,AUTO-119,https://kurikulum.kemendikdasmen.go.id/service/download.php?kategori=rujukan&id=119,extracted_machine
LO-MUATAN-KETERAMPILAN-TATA-BUSANA-D-4.5,SMP,D,Muatan Keterampilan Tata Busana,Rancangan Harga Jual,"Menyusun harga jual berdasarkan biaya pokok, biaya tambahan, dan laba pada busana rumah dan lenan rumah tangga sesuai desain.",AUTO-119,https://kurikulum.kemendikdasmen.go.id/service/download.php?kategori=rujukan&id=119,extracted_machine
LO-MUATAN-KETERAMPILAN-TATA-BUSANA-E-5.1,SMA,E,Muatan Keterampilan Tata Busana,Piranti Menjahit,Merefleksikan pengoperasian mesin jahit industri dan alat jahit penunjang untuk membuat busana. Menampilkan pemeliharaan mesin jahit secara berkala.,AUTO-119,https://kurikulum.kemendikdasmen.go.id/service/download.php?kategori=rujukan&id=119,extracted_machine
LO-MUATAN-KETERAMPILAN-TATA-BUSANA-E-5.2,SMA,E,Muatan Keterampilan Tata Busana,Teknik Dasar Menjahit,Mengevaluasi bahan tekstil berdasarkan jenis busana. Membuat fragmen busana satuan pendidikan.,AUTO-119,https://kurikulum.kemendikdasmen.go.id/service/download.php?kategori=rujukan&id=119,extracted_machine
LO-MUATAN-KETERAMPILAN-TATA-BUSANA-E-5.3,SMA,E,Muatan Keterampilan Tata Busana,Pembuatan Pola,"Merefleksikan sketsa desain. Membuat pola busana satuan pendidikan, merancang bahan secara global",AUTO-119,https://kurikulum.kemendikdasmen.go.id/service/download.php?kategori=rujukan&id=119,extracted_machine
LO-MUATAN-KETERAMPILAN-TATA-BUSANA-E-5.4,SMA,E,Muatan Keterampilan Tata Busana,Pembuatan Busana dan Lenan Rumah Tangga,Menampilkan penjahitan busana satuan pendidikan dan lenan rumah tangga dengan mesin jahit industri sesuai tertib kerja menjahit dan melakukan penyelesaian hasil jahitan.,AUTO-119,https://kurikulum.kemendikdasmen.go.id/service/download.php?kategori=rujukan&id=119,extracted_machine
LO-MUATAN-KETERAMPILAN-TATA-BUSANA-E-5.5,SMA,E,Muatan Keterampilan Tata Busana,Rancangan Harga Jual,"Menyusun harga jual berdasarkan biaya pokok, biaya tambahan, dan laba pada busana satuan pendidikan dan lenan rumah tangga sesuai desain.",AUTO-119,https://kurikulum.kemendikdasmen.go.id/service/download.php?kategori=rujukan&id=119,extracted_machine
LO-MUATAN-KETERAMPILAN-TATA-BUSANA-F-6.1,SMA,F,Muatan Keterampilan Tata Busana,Piranti Menjahit,"Merefleksikan pengoperasian mesin jahit industri dan alat jahit penunjang, mengevaluasi penggunaannya. Menampilkan cara memperbaiki kerusakan ringan pada mesin jahit.",AUTO-119,https://kurikulum.kemendikdasmen.go.id/service/download.php?kategori=rujukan&id=119,extracted_machine
LO-MUATAN-KETERAMPILAN-TATA-BUSANA-F-6.2,SMA,F,Muatan Keterampilan Tata Busana,Teknik Dasar Menjahit,Mengkritisi bahan tekstil berdasarkan jenis busana. Membuat fragmen busana daerah dan busana kerja.,AUTO-119,https://kurikulum.kemendikdasmen.go.id/service/download.php?kategori=rujukan&id=119,extracted_machine
LO-MUATAN-KETERAMPILAN-TATA-BUSANA-F-6.3,SMA,F,Muatan Keterampilan Tata Busana,Pembuatan Pola,"Merancang sketsa desain, membuat pola busana daerah dan busana kerja. Menyusun tertib kerja menjahit dan standar mutu jahitan serta merancang bahan secara terperinci.",AUTO-119,https://kurikulum.kemendikdasmen.go.id/service/download.php?kategori=rujukan&id=119,extracted_machine
LO-MUATAN-KETERAMPILAN-TATA-BUSANA-F-6.4,SMA,F,Muatan Keterampilan Tata Busana,Pembuatan Busana dan Lenan Rumah Tangga,Menampilkan penjahitan busana daerah dan busana kerja maupun lenan rumah tangga sesuai tertib kerja menjahit dan standar mutu jahitan. Menampilkan penggunaan mesin jahit industri. Menampilkan pengemasan hasil jahitan.,AUTO-119,https://kurikulum.kemendikdasmen.go.id/service/download.php?kategori=rujukan&id=119,extracted_machine
LO-MUATAN-KETERAMPILAN-TATA-BUSANA-F-6.5,SMA,F,Muatan Keterampilan Tata Busana,Rancangan Harga Jual,"Menampilkan penghitungan harga jual busana berdasarkan biaya pokok, biaya tambahan, dan laba pada busana daerah, busana kerja, dan lenan rumah tangga sesuai desain.",AUTO-119,https://kurikulum.kemendikdasmen.go.id/service/download.php?kategori=rujukan&id=119,extracted_machine
LO-MUATAN-KETERAMPILAN-KOMPUTER-APLIKASI-PERKANTORAN-A-1.1,SD,A,Muatan Keterampilan Komputer Aplikasi Perkantoran,Sistem Komputer (SK),Menampilkan pengoperasian perangkat keras dan lunak. Menggeneralisasi permasalahan pada perangkat yang digunakan.,AUTO-119,https://kurikulum.kemendikdasmen.go.id/service/download.php?kategori=rujukan&id=119,extracted_machine
LO-MUATAN-KETERAMPILAN-KOMPUTER-APLIKASI-PERKANTORAN-A-1.2,SD,A,Muatan Keterampilan Komputer Aplikasi Perkantoran,Pengolah Kata (PK),Menampilkan aplikasi pengolah kata yang berkaitan dengan tulisan atau gambar digital yang kreatif.,AUTO-119,https://kurikulum.kemendikdasmen.go.id/service/download.php?kategori=rujukan&id=119,extracted_machine
LO-MUATAN-KETERAMPILAN-KOMPUTER-APLIKASI-PERKANTORAN-A-1.3,SD,A,Muatan Keterampilan Komputer Aplikasi Perkantoran,Pengolah Angka (PA),Menampilkan aplikasi pengolah angka yang berkaitan dengan data dan angka dalam bentuk tabel dan diagram sesuai dengan konteks.,AUTO-119,https://kurikulum.kemendikdasmen.go.id/service/download.php?kategori=rujukan&id=119,extracted_machine
LO-MUATAN-KETERAMPILAN-KOMPUTER-APLIKASI-PERKANTORAN-A-1.4,SD,A,Muatan Keterampilan Komputer Aplikasi Perkantoran,Pengolah Presentasi (PP),Menampilkan aplikasi pengolah presentasi terkait data dan gambar secara terstruktur.,AUTO-119,https://kurikulum.kemendikdasmen.go.id/service/download.php?kategori=rujukan&id=119,extracted_machine
LO-MUATAN-KETERAMPILAN-KOMPUTER-APLIKASI-PERKANTORAN-A-1.5,SD,A,Muatan Keterampilan Komputer Aplikasi Perkantoran,Peramban Internet (PI),Menampilkan penggunaan mesin pencari terkait data yang relevan.,AUTO-119,https://kurikulum.kemendikdasmen.go.id/service/download.php?kategori=rujukan&id=119,extracted_machine
LO-MUATAN-KETERAMPILAN-KOMPUTER-APLIKASI-PERKANTORAN-B-2.1,SD,B,Muatan Keterampilan Komputer Aplikasi Perkantoran,Sistem Komputer (SK),Menggeneralisasi fitur perangkat keras dan lunak serta menerapkan pengoperasian dasar program atau aplikasi dan menggeneralisasi permasalahan pada perangkat yang digunakan.,AUTO-119,https://kurikulum.kemendikdasmen.go.id/service/download.php?kategori=rujukan&id=119,extracted_machine
LO-MUATAN-KETERAMPILAN-KOMPUTER-APLIKASI-PERKANTORAN-B-2.2,SD,B,Muatan Keterampilan Komputer Aplikasi Perkantoran,Pengolah Kata (PK),Menampilkan pengoperasian aplikasi pengolah kata yang berkaitan dengan tulisan atau gambar digital yang kreatif.,AUTO-119,https://kurikulum.kemendikdasmen.go.id/service/download.php?kategori=rujukan&id=119,extracted_machine
LO-MUATAN-KETERAMPILAN-KOMPUTER-APLIKASI-PERKANTORAN-B-2.3,SD,B,Muatan Keterampilan Komputer Aplikasi Perkantoran,Pengolah Angka (PA),"Menampilkan aplikasi pengolah angka yang berkaitan dengan pengolahan, penampilan data dan angka secara sederhana. Menampilkan tabel dan diagram sesuai dengan konteks.",AUTO-119,https://kurikulum.kemendikdasmen.go.id/service/download.php?kategori=rujukan&id=119,extracted_machine
LO-MUATAN-KETERAMPILAN-KOMPUTER-APLIKASI-PERKANTORAN-B-2.4,SD,B,Muatan Keterampilan Komputer Aplikasi Perkantoran,Pengolah Presentasi (PP),Menampilkan penggunaan aplikasi pengolah presentasi terkait data dan gambar secara terstruktur dan komunikatif.,AUTO-119,https://kurikulum.kemendikdasmen.go.id/service/download.php?kategori=rujukan&id=119,extracted_machine
LO-MUATAN-KETERAMPILAN-KOMPUTER-APLIKASI-PERKANTORAN-B-2.5,SD,B,Muatan Keterampilan Komputer Aplikasi Perkantoran,Peramban Internet (PI),Menampilkan penggunaan mesin pencari untuk menemukan data dan informasi yang relevan.,AUTO-119,https://kurikulum.kemendikdasmen.go.id/service/download.php?kategori=rujukan&id=119,extracted_machine
LO-MUATAN-KETERAMPILAN-KOMPUTER-APLIKASI-PERKANTORAN-C-3.1,SD,C,Muatan Keterampilan Komputer Aplikasi Perkantoran,Sistem Komputer (SK),Menampilkan pengoperasian fitur perangkat keras dan lunak dan antarmuka pengguna dengan perangkat periferal. Menggeneralisasi permasalahan pada perangkat yang digunakan.,AUTO-119,https://kurikulum.kemendikdasmen.go.id/service/download.php?kategori=rujukan&id=119,extracted_machine
LO-MUATAN-KETERAMPILAN-KOMPUTER-APLIKASI-PERKANTORAN-C-3.2,SD,C,Muatan Keterampilan Komputer Aplikasi Perkantoran,Pengolah Kata (PK),Menampilkan penggunaan aplikasi pengolah kata yang berkaitan dengan tulisan atau gambar digital yang kreatif.,AUTO-119,https://kurikulum.kemendikdasmen.go.id/service/download.php?kategori=rujukan&id=119,extracted_machine
LO-MUATAN-KETERAMPILAN-KOMPUTER-APLIKASI-PERKANTORAN-C-3.3,SD,C,Muatan Keterampilan Komputer Aplikasi Perkantoran,Pengolah Angka (PA),Menampilkan penggunaan aplikasi pengolah angka yang berkaitan dengan mengolah. Menampilkan data dan angka secara sederhana dan terstruktur dalam bentuk tabel dan diagram sesuai dengan konteks.,AUTO-119,https://kurikulum.kemendikdasmen.go.id/service/download.php?kategori=rujukan&id=119,extracted_machine
LO-MUATAN-KETERAMPILAN-KOMPUTER-APLIKASI-PERKANTORAN-C-3.4,SD,C,Muatan Keterampilan Komputer Aplikasi Perkantoran,Pengolah Presentasi (PP),Menampilkan aplikasi pengolah presentasi terkait data dan gambar secara terstruktur dan komunikatif dengan memperhatikan unsur-unsur penting dalam sebuah presentasi yang baik dan menarik.,AUTO-119,https://kurikulum.kemendikdasmen.go.id/service/download.php?kategori=rujukan&id=119,extracted_machine
LO-MUATAN-KETERAMPILAN-KOMPUTER-APLIKASI-PERKANTORAN-C-3.5,SD,C,Muatan Keterampilan Komputer Aplikasi Perkantoran,Peramban Internet (PI),Menampilkan mesin pencari untuk menemukan data dan informasi yang relevan serta dapat dipercaya.,AUTO-119,https://kurikulum.kemendikdasmen.go.id/service/download.php?kategori=rujukan&id=119,extracted_machine
LO-MUATAN-KETERAMPILAN-KOMPUTER-APLIKASI-PERKANTORAN-D-4.1,SMP,D,Muatan Keterampilan Komputer Aplikasi Perkantoran,Sistem Komputer (SK),"Menampilkan pengoperasian yang berkaitan proses aktivasi sistem ( booting ), antrian data dari atau menuju perangkat periferal dan menggeneralisasi perintah GUI ( Graphical User Interface ) Windows/menu/ikon. Menampilkan pengoperasian berkaitan pengelolaan folder, file , dan kontrol panel.",AUTO-119,https://kurikulum.kemendikdasmen.go.id/service/download.php?kategori=rujukan&id=119,extracted_machine
LO-MUATAN-KETERAMPILAN-KOMPUTER-APLIKASI-PERKANTORAN-D-4.2,SMP,D,Muatan Keterampilan Komputer Aplikasi Perkantoran,Pengolah Kata (PK),"Merancang pengaturan dasar tata letak, pengaturan dan pencetakan dokumen, pembuatan tabel, serta penambahan gambar.",AUTO-119,https://kurikulum.kemendikdasmen.go.id/service/download.php?kategori=rujukan&id=119,extracted_machine
LO-MUATAN-KETERAMPILAN-KOMPUTER-APLIKASI-PERKANTORAN-D-4.3,SMP,D,Muatan Keterampilan Komputer Aplikasi Perkantoran,Pengolah Angka (PA),Menampilkan pengeditan sederhana terhadap kolom dan baris serta pencetakan dokumen.,AUTO-119,https://kurikulum.kemendikdasmen.go.id/service/download.php?kategori=rujukan&id=119,extracted_machine
LO-MUATAN-KETERAMPILAN-KOMPUTER-APLIKASI-PERKANTORAN-D-4.4,SMP,D,Muatan Keterampilan Komputer Aplikasi Perkantoran,Pengolah Presentasi (PP),"Menampilkan perangkat lunak, pembuatan file, pengeditan sederhana, pemilihan template , dan pengilustrasian gambar, serta mencetak dan menjalankan presentasi.",AUTO-119,https://kurikulum.kemendikdasmen.go.id/service/download.php?kategori=rujukan&id=119,extracted_machine
LO-MUATAN-KETERAMPILAN-KOMPUTER-APLIKASI-PERKANTORAN-D-4.5,SMP,D,Muatan Keterampilan Komputer Aplikasi Perkantoran,Peramban Internet (PI),Menampilkan pengaksesan dengan memanfaatkan mesin pencari informasi di internet dan menggunakan markah buku ( bookmark ).,AUTO-119,https://kurikulum.kemendikdasmen.go.id/service/download.php?kategori=rujukan&id=119,extracted_machine
LO-MUATAN-KETERAMPILAN-KOMPUTER-APLIKASI-PERKANTORAN-E-5.1,SMA,E,Muatan Keterampilan Komputer Aplikasi Perkantoran,Sistem Komputer (SK),Menampilkan pengoperasian peralatan periferal dan entry data ke perangkat komputer.,AUTO-119,https://kurikulum.kemendikdasmen.go.id/service/download.php?kategori=rujukan&id=119,extracted_machine
LO-MUATAN-KETERAMPILAN-KOMPUTER-APLIKASI-PERKANTORAN-E-5.2,SMA,E,Muatan Keterampilan Komputer Aplikasi Perkantoran,Pengolah Kata (PK),"Menampilkan penggunaan template pengolah kata, style , themes , dan format kolom.",AUTO-119,https://kurikulum.kemendikdasmen.go.id/service/download.php?kategori=rujukan&id=119,extracted_machine
LO-MUATAN-KETERAMPILAN-KOMPUTER-APLIKASI-PERKANTORAN-E-5.3,SMA,E,Muatan Keterampilan Komputer Aplikasi Perkantoran,Pengolah Angka (PA),Mengevaluasi pemahaman berkaitan dengan cell yang akan diolah dan penggunaan formula pada lembar kerja.,AUTO-119,https://kurikulum.kemendikdasmen.go.id/service/download.php?kategori=rujukan&id=119,extracted_machine
LO-MUATAN-KETERAMPILAN-KOMPUTER-APLIKASI-PERKANTORAN-E-5.4,SMA,E,Muatan Keterampilan Komputer Aplikasi Perkantoran,Pengolah Presentasi (PP),Menampilkan penggunaan tabel dan menjelaskan grafik dan bagan dalam slide presentasi.,AUTO-119,https://kurikulum.kemendikdasmen.go.id/service/download.php?kategori=rujukan&id=119,extracted_machine
LO-MUATAN-KETERAMPILAN-KOMPUTER-APLIKASI-PERKANTORAN-E-5.5,SMA,E,Muatan Keterampilan Komputer Aplikasi Perkantoran,Peramban Internet (PI),Mengevaluasi koneksi internet yang tersambung dan menampilkan penggunaan aplikasi berbasis internet.,AUTO-119,https://kurikulum.kemendikdasmen.go.id/service/download.php?kategori=rujukan&id=119,extracted_machine
LO-MUATAN-KETERAMPILAN-KOMPUTER-APLIKASI-PERKANTORAN-F-6.1,SMA,F,Muatan Keterampilan Komputer Aplikasi Perkantoran,Sistem Komputer (SK),"Mengevaluasi pemahaman substansi, referensi dan validitas data yang dimasukkan dan menampilkan pengoperasian pemutakhiran data, ancaman keamanan informasi pengguna, menyusun perangkat lunak bantu keamanan informasi. Menampilkan pengoperasian tindakan perlindungan terhadap ancaman, kejadian dan pemulihan keamanan informasi.",AUTO-119,https://kurikulum.kemendikdasmen.go.id/service/download.php?kategori=rujukan&id=119,extracted_machine
LO-MUATAN-KETERAMPILAN-KOMPUTER-APLIKASI-PERKANTORAN-F-6.2,SMA,F,Muatan Keterampilan Komputer Aplikasi Perkantoran,Pengolah Kata (PK),"Menampilkan pembuatan mail merge , daftar isi otomatis, referensi dokumen dan pengelolaan objek, serta pelacakan dokumen.",AUTO-119,https://kurikulum.kemendikdasmen.go.id/service/download.php?kategori=rujukan&id=119,extracted_machine
LO-MUATAN-KETERAMPILAN-KOMPUTER-APLIKASI-PERKANTORAN-F-6.3,SMA,F,Muatan Keterampilan Komputer Aplikasi Perkantoran,Pengolah Angka (PA),"Menampilkan penggunaan fungsi, filter, grafik/bagan, dan mengintegrasikan berkas spreadsheet (pengolah angka).",AUTO-119,https://kurikulum.kemendikdasmen.go.id/service/download.php?kategori=rujukan&id=119,extracted_machine
LO-MUATAN-KETERAMPILAN-KOMPUTER-APLIKASI-PERKANTORAN-F-6.4,SMA,F,Muatan Keterampilan Komputer Aplikasi Perkantoran,Pengolah Presentasi (PP),"Membuat slide dengan animasi, melengkapi slide dengan fitur tambahan. Merancang template presentasi, mengelola objek dan menyesuaikan jenis berkas slide.",AUTO-119,https://kurikulum.kemendikdasmen.go.id/service/download.php?kategori=rujukan&id=119,extracted_machine
LO-MUATAN-KETERAMPILAN-KOMPUTER-APLIKASI-PERKANTORAN-F-6.5,SMA,F,Muatan Keterampilan Komputer Aplikasi Perkantoran,Peramban Internet (PI),"Menampilkan persiapan perangkat lunak peramban internet, pengoperasian surel dan pemilihan media sosial, pengelolaan akun di media sosial serta pengiriman informasi.",AUTO-119,https://kurikulum.kemendikdasmen.go.id/service/download.php?kategori=rujukan&id=119,extracted_machine
LO-MUATAN-KETERAMPILAN-KREATOR-KONTEN-A-1.1,SD,A,Muatan Keterampilan Kreator Konten,Desain Kreatif (DK),Menggeneralisasi perancangan pembuatan konten digital sederhana dalam bentuk tulisan atau gambar secara imajinatif dan kreatif.,AUTO-119,https://kurikulum.kemendikdasmen.go.id/service/download.php?kategori=rujukan&id=119,extracted_machine
LO-MUATAN-KETERAMPILAN-KREATOR-KONTEN-A-1.2,SD,A,Muatan Keterampilan Kreator Konten,Manajemen Produksi (MP),"Menyusun tahap perencanaan dan tahap pembuatan (produksi) konten digital sederhana, baik dalam bentuk tulisan atau gambar sesuai perancangan yang telah disusun.",AUTO-119,https://kurikulum.kemendikdasmen.go.id/service/download.php?kategori=rujukan&id=119,extracted_machine
LO-MUATAN-KETERAMPILAN-KREATOR-KONTEN-A-1.3,SD,A,Muatan Keterampilan Kreator Konten,Teknologi Produksi (TP),Menggeneralisasi perangkat keras dan perangkat lunak untuk membuat konten digital sederhana dalam bentuk tulisan atau gambar.,AUTO-119,https://kurikulum.kemendikdasmen.go.id/service/download.php?kategori=rujukan&id=119,extracted_machine
LO-MUATAN-KETERAMPILAN-KREATOR-KONTEN-A-1.4,SD,A,Muatan Keterampilan Kreator Konten,Platform Distribusi (PD),"Menyusun cara membagikan (publikasi) konten tulisan atau gambar yang telah dibuat, kepada orang lain melalui platform digital yang bersifat terbatas. Murid usia 7-12 tahun harus dalam bimbingan orang dewasa.",AUTO-119,https://kurikulum.kemendikdasmen.go.id/service/download.php?kategori=rujukan&id=119,extracted_machine
LO-MUATAN-KETERAMPILAN-KREATOR-KONTEN-A-1.5,SD,A,Muatan Keterampilan Kreator Konten,Pengembangan Bisnis (PB),"Merefleksikan tanggapan dan masukan dari orang lain terhadap konten yang dibuat, untuk perbaikan karyanya.",AUTO-119,https://kurikulum.kemendikdasmen.go.id/service/download.php?kategori=rujukan&id=119,extracted_machine
LO-MUATAN-KETERAMPILAN-KREATOR-KONTEN-B-2.1,SD,B,Muatan Keterampilan Kreator Konten,Desain Kreatif (DK),Menyusun perancangan pembuatan konten digital dalam bentuk tulisan dan gambar secara imajinatif dan kreatif.,AUTO-119,https://kurikulum.kemendikdasmen.go.id/service/download.php?kategori=rujukan&id=119,extracted_machine
LO-MUATAN-KETERAMPILAN-KREATOR-KONTEN-B-2.2,SD,B,Muatan Keterampilan Kreator Konten,Manajemen Produksi (MP),Menyusun tahap perencanaan dan tahap pembuatan (produksi) konten digital sederhana dalam bentuk tulisan dan gambar sesuai perancangan yang telah disusun.,AUTO-119,https://kurikulum.kemendikdasmen.go.id/service/download.php?kategori=rujukan&id=119,extracted_machine
LO-MUATAN-KETERAMPILAN-KREATOR-KONTEN-B-2.3,SD,B,Muatan Keterampilan Kreator Konten,Teknologi Produksi (TP),Menggeneralisasi penggunaan perangkat keras dan perangkat lunak untuk membuat konten digital sederhana dalam bentuk tulisan dan gambar.,AUTO-119,https://kurikulum.kemendikdasmen.go.id/service/download.php?kategori=rujukan&id=119,extracted_machine
LO-MUATAN-KETERAMPILAN-KREATOR-KONTEN-B-2.4,SD,B,Muatan Keterampilan Kreator Konten,Platform Distribusi (PD),"Menggeneralisasi cara membagikan (publikasi) konten tulisan dan gambar yang telah dibuat, melalui platform digital yang bersifat terbatas. Murid usia 9-12 tahun harus dalam bimbingan orang dewasa.",AUTO-119,https://kurikulum.kemendikdasmen.go.id/service/download.php?kategori=rujukan&id=119,extracted_machine
LO-MUATAN-KETERAMPILAN-KREATOR-KONTEN-B-2.5,SD,B,Muatan Keterampilan Kreator Konten,Pengembangan Bisnis (PB),"Merefleksikan tanggapan dan masukan dari orang lain terhadap konten yang dibuat untuk, perbaikan karyanya.",AUTO-119,https://kurikulum.kemendikdasmen.go.id/service/download.php?kategori=rujukan&id=119,extracted_machine
LO-MUATAN-KETERAMPILAN-KREATOR-KONTEN-C-3.1,SD,C,Muatan Keterampilan Kreator Konten,Desain Kreatif (DK),"Menggeneralisasi perancangan pembuatan konten digital dalam bentuk tulisan, gambar, audio dan/atau audiovisual secara imajinatif, kritis, dan kreatif.",AUTO-119,https://kurikulum.kemendikdasmen.go.id/service/download.php?kategori=rujukan&id=119,extracted_machine
LO-MUATAN-KETERAMPILAN-KREATOR-KONTEN-C-3.2,SD,C,Muatan Keterampilan Kreator Konten,Manajemen Produksi (MP),"Merencanakan manajemen produksi konten dari tahap praproduksi, produksi hingga pascaproduksi untuk menghasilkan konten digital dalam bentuk tulisan, gambar, audio, dan/atau audiovisual sesuai dengan rancangan yang telah ditetapkan.",AUTO-119,https://kurikulum.kemendikdasmen.go.id/service/download.php?kategori=rujukan&id=119,extracted_machine
LO-MUATAN-KETERAMPILAN-KREATOR-KONTEN-C-3.3,SD,C,Muatan Keterampilan Kreator Konten,Teknologi Produksi (TP),"Menampilkan penggunaan perangkat keras dan lunak untuk membuat konten digital dalam bentuk tulisan, gambar, audio dan/atau audiovisual, sesuai dengan spesifikasi teknis yang dibutuhkan pada tahap praproduksi, produksi maupun pascaproduksi.",AUTO-119,https://kurikulum.kemendikdasmen.go.id/service/download.php?kategori=rujukan&id=119,extracted_machine
LO-MUATAN-KETERAMPILAN-KREATOR-KONTEN-C-3.4,SD,C,Muatan Keterampilan Kreator Konten,Platform Distribusi (PD),"Menampilkan publikasi konten tulisan, gambar, audio dan audiovisual yang telah dibuatnya melalui platform digital, khusus target audiens anak (11-12 tahun). Murid dengan usia 11-12 tahun harus dalam bimbingan dan pengawasan orang dewasa.",AUTO-119,https://kurikulum.kemendikdasmen.go.id/service/download.php?kategori=rujukan&id=119,extracted_machine
LO-MUATAN-KETERAMPILAN-KREATOR-KONTEN-C-3.5,SD,C,Muatan Keterampilan Kreator Konten,Pengembangan Bisnis (PB),"Menampilkan hasil tanggapan dan keterlibatan audiens ( audience engagement : like , share , subscribe , comment ) untuk perbaikan karyanya",AUTO-119,https://kurikulum.kemendikdasmen.go.id/service/download.php?kategori=rujukan&id=119,extracted_machine
LO-MUATAN-KETERAMPILAN-KREATOR-KONTEN-D-4.1,SMP,D,Muatan Keterampilan Kreator Konten,Desain Kreatif (DK),"Menggeneralisasi perancangan pembuatan konten digital berdasarkan target pemirsa dan pengiklan yang sesuai dengan pesanan klien secara imajinatif, kritis, kreatif, dan inovatif.",AUTO-119,https://kurikulum.kemendikdasmen.go.id/service/download.php?kategori=rujukan&id=119,extracted_machine
LO-MUATAN-KETERAMPILAN-KREATOR-KONTEN-D-4.2,SMP,D,Muatan Keterampilan Kreator Konten,Manajemen Produksi (MP),"Menampilkan manajemen produksi konten di setiap tahap praproduksi, produksi dan pascaproduksi, sesuai dengan perancangan konten yang telah disusun.",AUTO-119,https://kurikulum.kemendikdasmen.go.id/service/download.php?kategori=rujukan&id=119,extracted_machine
LO-MUATAN-KETERAMPILAN-KREATOR-KONTEN-D-4.3,SMP,D,Muatan Keterampilan Kreator Konten,Teknologi Produksi (TP),"Menampilkan penggunaan perangkat keras dan lunak untuk membuat konten digital dalam bentuk tulisan, gambar, audio dan/atau audiovisual, sesuai dengan spesifikasi teknis yang dibutuhkan di tahap prapoduksi, produksi maupun pascaproduksi.",AUTO-119,https://kurikulum.kemendikdasmen.go.id/service/download.php?kategori=rujukan&id=119,extracted_machine
LO-MUATAN-KETERAMPILAN-KREATOR-KONTEN-D-4.4,SMP,D,Muatan Keterampilan Kreator Konten,Platform Distribusi (PD),"Menampilkan publikasi konten tulisan, gambar, audio dan/atau audiovisual yang telah dibuatnya melalui platform digital milik klien secara aktif, berkelanjutan, dan memiliki nilai jual.",AUTO-119,https://kurikulum.kemendikdasmen.go.id/service/download.php?kategori=rujukan&id=119,extracted_machine
LO-MUATAN-KETERAMPILAN-KREATOR-KONTEN-D-4.5,SMP,D,Muatan Keterampilan Kreator Konten,Pengembangan Bisnis (PB),"Mengevaluasi metode amati, tiru, dan modifikasi atau metode lain untuk mengembangkan dan meningkatkan nilai jual konten yang dihasilkan.",AUTO-119,https://kurikulum.kemendikdasmen.go.id/service/download.php?kategori=rujukan&id=119,extracted_machine
LO-MUATAN-KETERAMPILAN-KREATOR-KONTEN-E-5.1,SMA,E,Muatan Keterampilan Kreator Konten,Desain Kreatif (DK),"Menampilkan perancangan pembuatan konten digital sebagai produk wirausaha digital secara imajinatif, kreatif, inovatif, kritis dan analitis.",AUTO-119,https://kurikulum.kemendikdasmen.go.id/service/download.php?kategori=rujukan&id=119,extracted_machine
LO-MUATAN-KETERAMPILAN-KREATOR-KONTEN-E-5.2,SMA,E,Muatan Keterampilan Kreator Konten,Manajemen Produksi (MP),"Menampilkan manejemen produksi konten di tahap praproduksi, produksi dan pasca produksi untuk menghasilkan produk wirausaha digital secara efektif dan efisien.",AUTO-119,https://kurikulum.kemendikdasmen.go.id/service/download.php?kategori=rujukan&id=119,extracted_machine
LO-MUATAN-KETERAMPILAN-KREATOR-KONTEN-E-5.3,SMA,E,Muatan Keterampilan Kreator Konten,Teknologi Produksi (TP),"Mengevaluasi penggunaan perangkat keras, dan lunak, memahami jaringan internet untuk membuat atau menyiarkan secara langsung maupun tidak langsung konten digital yang berkualitas.",AUTO-119,https://kurikulum.kemendikdasmen.go.id/service/download.php?kategori=rujukan&id=119,extracted_machine
LO-MUATAN-KETERAMPILAN-KREATOR-KONTEN-E-5.4,SMA,E,Muatan Keterampilan Kreator Konten,Platform Distribusi (PD),"Menampilkan publikasi konten digital dalam bentuk siaran langsung atau tidak langsung secara aktif, berkelanjutan, memiliki nilai jual.",AUTO-119,https://kurikulum.kemendikdasmen.go.id/service/download.php?kategori=rujukan&id=119,extracted_machine
LO-MUATAN-KETERAMPILAN-KREATOR-KONTEN-E-5.5,SMA,E,Muatan Keterampilan Kreator Konten,Pengembangan Bisnis (PB),Membuktikan peningkatan dan pengembangan dengan prinsip dasar nilai jual konten digital yang diproduksi secara berkelanjutan.,AUTO-119,https://kurikulum.kemendikdasmen.go.id/service/download.php?kategori=rujukan&id=119,extracted_machine
LO-MUATAN-KETERAMPILAN-KREATOR-KONTEN-F-6.1,SMA,F,Muatan Keterampilan Kreator Konten,Desain Kreatif (DK),"Menampilkan perancangan pembuatan konten digital untuk membentuk personal branding sebagai konten kreator yang inovatif, produktif, kompetitif, dan memiliki nilai jual.",AUTO-119,https://kurikulum.kemendikdasmen.go.id/service/download.php?kategori=rujukan&id=119,extracted_machine
LO-MUATAN-KETERAMPILAN-KREATOR-KONTEN-F-6.2,SMA,F,Muatan Keterampilan Kreator Konten,Manajemen Produksi (MP),"Mengevaluasi manajemen produksi konten digital di tahap praproduksi, produksi maupun pascaproduksi yang dapat membentuk personal branding -nya sebagai kreator konten yang inovatif, produktif, kompetitif dan memiliki nilai jual.",AUTO-119,https://kurikulum.kemendikdasmen.go.id/service/download.php?kategori=rujukan&id=119,extracted_machine
LO-MUATAN-KETERAMPILAN-KREATOR-KONTEN-F-6.3,SMA,F,Muatan Keterampilan Kreator Konten,Teknologi Produksi (TP),"Menampilkan penggunaan perangkat keras dan lunak untuk keperluan produksi maupun siaran langsung yang dapat meningkatkan personal branding-nya sebagai kreator konten yang inovatif, produktif, kompetitif, dan memiliki nilai",AUTO-119,https://kurikulum.kemendikdasmen.go.id/service/download.php?kategori=rujukan&id=119,extracted_machine
LO-MUATAN-KETERAMPILAN-KREATOR-KONTEN-F-6.4,SMA,F,Muatan Keterampilan Kreator Konten,Platform Distribusi (PD),"Menampilkan publikasi konten digital dalam beragam model dan beragam platform distribusi media digital untuk meningkatkan personal brandingnya sebagai kreator konten yang inovatif, produktif, kompetitif, dan memiliki nilai jual.",AUTO-119,https://kurikulum.kemendikdasmen.go.id/service/download.php?kategori=rujukan&id=119,extracted_machine
LO-MUATAN-KETERAMPILAN-KREATOR-KONTEN-F-6.5,SMA,F,Muatan Keterampilan Kreator Konten,Pengembangan Bisnis (PB),"Membuktikan pengembangan bisnis konten digital untuk meningkatkan nilai jual produk dan personal branding-nya sebagai kreator konten yang inovatif, produktif, kompetitif dan memiliki nilai jual.",AUTO-119,https://kurikulum.kemendikdasmen.go.id/service/download.php?kategori=rujukan&id=119,extracted_machine
LO-MUATAN-KETERAMPILAN-KODING-DAN-KECERDASAN-ARTIFISIAL-C-1.1,SD,C,Muatan Keterampilan Koding dan Kecerdasan Artifisial,Berpikir Komputasional Memahami permasalahan sederhana dalam,"kehidupan sehari-hari, menerapkan pemecahan masalah secara sistematis, serta menuliskan instruksi logis dan terstruktur menggunakan sekumpulan kosakata atau simbol.",AUTO-119,https://kurikulum.kemendikdasmen.go.id/service/download.php?kategori=rujukan&id=119,extracted_machine
LO-MUATAN-KETERAMPILAN-KODING-DAN-KECERDASAN-ARTIFISIAL-C-1.2,SD,C,Muatan Keterampilan Koding dan Kecerdasan Artifisial,Literasi Digital,"Memahami konsep dasar, manfaat, dan dampak teknologi digital, memahami sistem komputer tingkat pradasar, menerapkan pengamanan informasi pribadi dalam komunikasi daring, memanfaatkan internet, dan memproduksi serta mendiseminasi konten digital dalam bentuk teks dan gambar.",AUTO-119,https://kurikulum.kemendikdasmen.go.id/service/download.php?kategori=rujukan&id=119,extracted_machine
LO-MUATAN-KETERAMPILAN-KODING-DAN-KECERDASAN-ARTIFISIAL-C-1.3,SD,C,Muatan Keterampilan Koding dan Kecerdasan Artifisial,Literasi dan Etika Kecerdasan Artifisial,"Memahami konsep KA sederhana, manfaat dan dampak KA pada kehidupan sehari-hari, prinsip bahwa KA dikembangkan untuk meningkatkan kesejahteraan manusia dan tidak boleh merugikan manusia, mengetahui perbedaan manusia dan komputer dalam melakukan penginderaan, dan mengetahui perbedaan antara mesin cerdas dan mesin non-cerdas. Memahami etika dasar penggunaan KA seperti empati dan tidak menyakiti orang lain.",AUTO-119,https://kurikulum.kemendikdasmen.go.id/service/download.php?kategori=rujukan&id=119,extracted_machine
LO-MUATAN-KETERAMPILAN-KODING-DAN-KECERDASAN-ARTIFISIAL-C-1.4,SD,C,Muatan Keterampilan Koding dan Kecerdasan Artifisial,Pemanfaatan dan Pengembangan Kecerdasan Artifisial,"Menyimulasikan secara sederhana kerja KA saat mengenali pola, mengklasifikasi benda konkret berdasarkan sifatnya, dan mengetahui bagaimana prediksi sistem KA dipengaruhi input benda konkret.",AUTO-119,https://kurikulum.kemendikdasmen.go.id/service/download.php?kategori=rujukan&id=119,extracted_machine
LO-MUATAN-KETERAMPILAN-KODING-DAN-KECERDASAN-ARTIFISIAL-D-2.1,SMP,D,Muatan Keterampilan Koding dan Kecerdasan Artifisial,Berpikir Komputasional,"Menerapkan pengelolaan data, pemecahan masalah sederhana dalam kehidupan masyarakat secara sistematis, dan menuliskan instruksi.",AUTO-119,https://kurikulum.kemendikdasmen.go.id/service/download.php?kategori=rujukan&id=119,extracted_machine
LO-MUATAN-KETERAMPILAN-KODING-DAN-KECERDASAN-ARTIFISIAL-D-2.2,SMP,D,Muatan Keterampilan Koding dan Kecerdasan Artifisial,Literasi Digital,"Memproduksi dan mendiseminasi konten digital berupa audio, video, slide , dan infografis.",AUTO-119,https://kurikulum.kemendikdasmen.go.id/service/download.php?kategori=rujukan&id=119,extracted_machine
LO-MUATAN-KETERAMPILAN-KODING-DAN-KECERDASAN-ARTIFISIAL-D-2.3,SMP,D,Muatan Keterampilan Koding dan Kecerdasan Artifisial,Literasi dan Etika Kecerdasan Artifisial,"memahami perbedaan cara manusia dan KA menggabungkan informasi dari beberapa perangkat penginderaan atau sensor, memahami bagaimana komputer memaknai informasi dari perangkat penginderaan atau sensor, memahami kualitas data, serta manfaat dan dampak KA pada kehidupan masyarakat. Memahami etika penggunaan KA dalam kehidupan sehari-hari seperti menjaga data pribadi dalam menggunakan KA. KA adalah sebagai alat bantu sehingga manusia tidak boleh tergantung dan percaya sepenuhnya pada KA karena KA masih sangat mungkin menghasilkan output yang salah, bias, atau melakukan halusinasi, serta menganalisis konten deep fake dalam bentuk gambar, audio, atau video.",AUTO-119,https://kurikulum.kemendikdasmen.go.id/service/download.php?kategori=rujukan&id=119,extracted_machine
LO-MUATAN-KETERAMPILAN-KODING-DAN-KECERDASAN-ARTIFISIAL-D-2.4,SMP,D,Muatan Keterampilan Koding dan Kecerdasan Artifisial,Pemanfaatan dan Pengembangan Kecerdasan Artifisial,Menggunakan perangkat KA sederhana dengan kritis dan mampu menuliskan input bermakna ke dalam sistem KA.,AUTO-119,https://kurikulum.kemendikdasmen.go.id/service/download.php?kategori=rujukan&id=119,extracted_machine
LO-MUATAN-KETERAMPILAN-KODING-DAN-KECERDASAN-ARTIFISIAL-E-3.1,SMA,E,Muatan Keterampilan Koding dan Kecerdasan Artifisial,Berpikir Komputasional,Menerapkan berpikir komputasional untuk memecahkan permasalahan sehari-hari yang kompleks.,AUTO-119,https://kurikulum.kemendikdasmen.go.id/service/download.php?kategori=rujukan&id=119,extracted_machine
LO-MUATAN-KETERAMPILAN-KODING-DAN-KECERDASAN-ARTIFISIAL-E-3.2,SMA,E,Muatan Keterampilan Koding dan Kecerdasan Artifisial,Literasi Digital,Menerapkan produksi dan diseminasi konten digital dalam bentuk sajian multimedia.,AUTO-119,https://kurikulum.kemendikdasmen.go.id/service/download.php?kategori=rujukan&id=119,extracted_machine
LO-MUATAN-KETERAMPILAN-KODING-DAN-KECERDASAN-ARTIFISIAL-E-3.3,SMA,E,Muatan Keterampilan Koding dan Kecerdasan Artifisial,Algoritma Pemrograman,Membandingkan beberapa algoritma dan menerapkan algoritma pemrograman untuk menghasilkan aplikasi.,AUTO-119,https://kurikulum.kemendikdasmen.go.id/service/download.php?kategori=rujukan&id=119,extracted_machine
LO-MUATAN-KETERAMPILAN-KODING-DAN-KECERDASAN-ARTIFISIAL-E-3.4,SMA,E,Muatan Keterampilan Koding dan Kecerdasan Artifisial,Analisis Data,memahami konsep dasar basis data dan menerapkan pengolahan data pada basis data.,AUTO-119,https://kurikulum.kemendikdasmen.go.id/service/download.php?kategori=rujukan&id=119,extracted_machine
LO-MUATAN-KETERAMPILAN-KODING-DAN-KECERDASAN-ARTIFISIAL-E-3.5,SMA,E,Muatan Keterampilan Koding dan Kecerdasan Artifisial,Literasi dan Etika Kecerdasan Artifisial,"Memahami bagaimana KA mengenali pola citra dan suara, dan memahami profesi di bidang KA. memahami bahwa manusia harus memikul tanggung jawab etika dan hukum atas penggunaan KA sehingga pada kondisi tertentu pengambilan keputusan tidak sepenuhnya diserahkan pada KA.",AUTO-119,https://kurikulum.kemendikdasmen.go.id/service/download.php?kategori=rujukan&id=119,extracted_machine
LO-MUATAN-KETERAMPILAN-KODING-DAN-KECERDASAN-ARTIFISIAL-E-3.6,SMA,E,Muatan Keterampilan Koding dan Kecerdasan Artifisial,Pemanfaatan dan Pengembangan Kecerdasan Artifisial,"Menerapkan prompt engineering pada KA generatif, mengevaluasi konten berbasis KA, dan memahami AI system design melalui proses design thinking.",AUTO-119,https://kurikulum.kemendikdasmen.go.id/service/download.php?kategori=rujukan&id=119,extracted_machine
LO-MUATAN-KETERAMPILAN-KODING-DAN-KECERDASAN-ARTIFISIAL-F-4.1,SMA,F,Muatan Keterampilan Koding dan Kecerdasan Artifisial,Berpikir Komputasional,Menerapkan berpikir komputasional untuk memecahkan permasalahan kompleks di kehidupan masyarakat dan melakukan prediksi.,AUTO-119,https://kurikulum.kemendikdasmen.go.id/service/download.php?kategori=rujukan&id=119,extracted_machine
LO-MUATAN-KETERAMPILAN-KODING-DAN-KECERDASAN-ARTIFISIAL-F-4.2,SMA,F,Muatan Keterampilan Koding dan Kecerdasan Artifisial,Literasi Digital,Menerapkan produksi dan diseminasi konten digital tingkat lanjut untuk mendukung pengembangan aplikasi dan KA.,AUTO-119,https://kurikulum.kemendikdasmen.go.id/service/download.php?kategori=rujukan&id=119,extracted_machine
LO-MUATAN-KETERAMPILAN-KODING-DAN-KECERDASAN-ARTIFISIAL-F-4.3,SMA,F,Muatan Keterampilan Koding dan Kecerdasan Artifisial,Algoritma Pemrograman,"Memahami algoritma dan menerapkan pemrograman berorientasi objek, menerapkan engineering process , dan mengembangkan aplikasi untuk perangkat IoT atau aplikasi kompleks lainnya",AUTO-119,https://kurikulum.kemendikdasmen.go.id/service/download.php?kategori=rujukan&id=119,extracted_machine
LO-MUATAN-KETERAMPILAN-KODING-DAN-KECERDASAN-ARTIFISIAL-F-4.4,SMA,F,Muatan Keterampilan Koding dan Kecerdasan Artifisial,Analisis Data,"Memahami data encoding , menerapkan basis data dalam pengembangan aplikasi, dan memahami mahadata.",AUTO-119,https://kurikulum.kemendikdasmen.go.id/service/download.php?kategori=rujukan&id=119,extracted_machine
LO-MUATAN-KETERAMPILAN-KODING-DAN-KECERDASAN-ARTIFISIAL-F-4.5,SMA,F,Muatan Keterampilan Koding dan Kecerdasan Artifisial,Literasi dan Etika Kecerdasan Artifisial,Memahami dampak KA terhadap ketenagakerjaan dan bidang lainnya. memahami bahwa pengembang KA harus bertanggung jawab dan mematuhi prinsip human-centered dan etika yang ada.,AUTO-119,https://kurikulum.kemendikdasmen.go.id/service/download.php?kategori=rujukan&id=119,extracted_machine
LO-MUATAN-KETERAMPILAN-KODING-DAN-KECERDASAN-ARTIFISIAL-F-4.6,SMA,F,Muatan Keterampilan Koding dan Kecerdasan Artifisial,Pemanfaatan dan Pengembangan Kecerdasan Artifisial,"Memahami dasar-dasar algoritma Machine Learning, dasar-dasar Natural Language Processing , mengembangkan model KA sederhana, mengembangkan aplikasi dengan menggunakan model KA yang sudah ada, dan menyelesaikan permasalahan sederhana dalam kehidupan sehari-hari dengan menggunakan KA. KEPALA BADAN TTD. TONI TOHARUDIN NIP 197004011995121001 Salinan sesuai dengan aslinya, Kepala Bagian Keuangan dan Umum, ELLIS DARMAYANTI NIP 198002062010122002 SALINAN LAMPIRAN V KEPUTUSAN KEPALA BADAN STANDAR, KURIKULUM, DAN ASESMEN PENDIDIKAN KEMENTERIAN PENDIDIKAN DASAR DAN MENENGAH NOMOR 046/H/KR/2025 TENTANG CAPAIAN PEMBELAJARAN PADA PENDIDIKAN ANAK USIA DINI, JENJANG PENDIDIKAN DASAR, DAN JENJANG PENDIDIKAN MENENGAH",AUTO-119,https://kurikulum.kemendikdasmen.go.id/service/download.php?kategori=rujukan&id=119,extracted_machine
LO-PENDIDIKAN-KHUSUS-PENDIDIKAN-AGAMA-ISLAM-DAN-BUDI-PEKERTI-A-1.1,SD,A,Pendidikan Khusus Pendidikan Agama Islam dan Budi Pekerti,Al-Qur`an Hadis,"Memahami huruf hijaiah dan harakatnya, surah ah, dan nilai-nilai kandungan Al-Qur'an Al-F ā ti ḥ dan/atau hadis tentang kebersihan.",AUTO-119,https://kurikulum.kemendikdasmen.go.id/service/download.php?kategori=rujukan&id=119,superseded_pending_review
LO-PENDIDIKAN-KHUSUS-PENDIDIKAN-AGAMA-ISLAM-DAN-BUDI-PEKERTI-A-1.2,SD,A,Pendidikan Khusus Pendidikan Agama Islam dan Budi Pekerti,Akidah,"Memahami beberapa asmaulhusna, iman kepada Allah Swt. dan malaikat.",AUTO-119,https://kurikulum.kemendikdasmen.go.id/service/download.php?kategori=rujukan&id=119,superseded_pending_review
LO-PENDIDIKAN-KHUSUS-PENDIDIKAN-AGAMA-ISLAM-DAN-BUDI-PEKERTI-A-1.3,SD,A,Pendidikan Khusus Pendidikan Agama Islam dan Budi Pekerti,Akhlak,"Memahami nilai-nilai baik dalam kehidupan sehari-hari dalam ungkapan-ungkapan positif, baik untuk dirinya maupun orang lain.",AUTO-119,https://kurikulum.kemendikdasmen.go.id/service/download.php?kategori=rujukan&id=119,superseded_pending_review
LO-PENDIDIKAN-KHUSUS-PENDIDIKAN-AGAMA-ISLAM-DAN-BUDI-PEKERTI-A-1.4,SD,A,Pendidikan Khusus Pendidikan Agama Islam dan Budi Pekerti,Fikih,"Memahami rukun Islam, kalimat syahadat, dan tata cara bersuci",AUTO-119,https://kurikulum.kemendikdasmen.go.id/service/download.php?kategori=rujukan&id=119,superseded_pending_review
LO-PENDIDIKAN-KHUSUS-PENDIDIKAN-AGAMA-ISLAM-DAN-BUDI-PEKERTI-A-1.5,SD,A,Pendidikan Khusus Pendidikan Agama Islam dan Budi Pekerti,Sejarah Peradaban Islam,Memahami kisah keteladanan beberapa nabi dan rasul.,AUTO-119,https://kurikulum.kemendikdasmen.go.id/service/download.php?kategori=rujukan&id=119,superseded_pending_review
LO-PENDIDIKAN-KHUSUS-PENDIDIKAN-AGAMA-ISLAM-DAN-BUDI-PEKERTI-B-2.1,SD,B,Pendidikan Khusus Pendidikan Agama Islam dan Budi Pekerti,Al-Qur`an Hadis,"Memahami huruf hijaiah dan harakatain, surah-surah pendek Al-Qur'an pilihan, dan nilai-nilai kandungan Al-Qur'an dan/atau hadis tentang kewajiban salat.",AUTO-119,https://kurikulum.kemendikdasmen.go.id/service/download.php?kategori=rujukan&id=119,superseded_pending_review
LO-PENDIDIKAN-KHUSUS-PENDIDIKAN-AGAMA-ISLAM-DAN-BUDI-PEKERTI-B-2.2,SD,B,Pendidikan Khusus Pendidikan Agama Islam dan Budi Pekerti,Akidah,"Memahami asmaulhusna, iman pada kitab, dan rasul Allah.",AUTO-119,https://kurikulum.kemendikdasmen.go.id/service/download.php?kategori=rujukan&id=119,superseded_pending_review
LO-PENDIDIKAN-KHUSUS-PENDIDIKAN-AGAMA-ISLAM-DAN-BUDI-PEKERTI-B-2.3,SD,B,Pendidikan Khusus Pendidikan Agama Islam dan Budi Pekerti,Akhlak,Memahami akhlak terpuji terhadap orang lain di rumah dan sekolah.,AUTO-119,https://kurikulum.kemendikdasmen.go.id/service/download.php?kategori=rujukan&id=119,superseded_pending_review
LO-PENDIDIKAN-KHUSUS-PENDIDIKAN-AGAMA-ISLAM-DAN-BUDI-PEKERTI-B-2.4,SD,B,Pendidikan Khusus Pendidikan Agama Islam dan Budi Pekerti,Fikih,"Memahami pelaksanaan azan, ikamah, salat fardu, dan kewajiban puasa di bulan Ramadhan.",AUTO-119,https://kurikulum.kemendikdasmen.go.id/service/download.php?kategori=rujukan&id=119,superseded_pending_review
LO-PENDIDIKAN-KHUSUS-PENDIDIKAN-AGAMA-ISLAM-DAN-BUDI-PEKERTI-B-2.5,SD,B,Pendidikan Khusus Pendidikan Agama Islam dan Budi Pekerti,Sejarah Peradaban Islam,Memahami kisah keteladanan Nabi Muhammad saw.,AUTO-119,https://kurikulum.kemendikdasmen.go.id/service/download.php?kategori=rujukan&id=119,superseded_pending_review
LO-PENDIDIKAN-KHUSUS-PENDIDIKAN-AGAMA-ISLAM-DAN-BUDI-PEKERTI-C-3.1,SD,C,Pendidikan Khusus Pendidikan Agama Islam dan Budi Pekerti,Al-Qur'an Hadis,"Memahami huruf hijaiah bersambung, surah-surah pendek Al-Qur'an pilihan, dan nilai-nilai kandungan Al-Qur'an dan/atau hadis tentang menghormati perbedaan.",AUTO-119,https://kurikulum.kemendikdasmen.go.id/service/download.php?kategori=rujukan&id=119,superseded_pending_review
LO-PENDIDIKAN-KHUSUS-PENDIDIKAN-AGAMA-ISLAM-DAN-BUDI-PEKERTI-C-3.2,SD,C,Pendidikan Khusus Pendidikan Agama Islam dan Budi Pekerti,Akidah,"Memahami asmaulhusna, iman pada hari akhir, qada, dan qadar.",AUTO-119,https://kurikulum.kemendikdasmen.go.id/service/download.php?kategori=rujukan&id=119,superseded_pending_review
LO-PENDIDIKAN-KHUSUS-PENDIDIKAN-AGAMA-ISLAM-DAN-BUDI-PEKERTI-C-3.3,SD,C,Pendidikan Khusus Pendidikan Agama Islam dan Budi Pekerti,Akhlak,Memahami akhlak terpuji terhadap orang lain dan pelestarian lingkungan sekitar.,AUTO-119,https://kurikulum.kemendikdasmen.go.id/service/download.php?kategori=rujukan&id=119,superseded_pending_review
LO-PENDIDIKAN-KHUSUS-PENDIDIKAN-AGAMA-ISLAM-DAN-BUDI-PEKERTI-C-3.4,SD,C,Pendidikan Khusus Pendidikan Agama Islam dan Budi Pekerti,Fikih,"Memahami zakat, haji, serta makanan dan minuman yang halal dan haram.",AUTO-119,https://kurikulum.kemendikdasmen.go.id/service/download.php?kategori=rujukan&id=119,superseded_pending_review
LO-PENDIDIKAN-KHUSUS-PENDIDIKAN-AGAMA-ISLAM-DAN-BUDI-PEKERTI-C-3.5,SD,C,Pendidikan Khusus Pendidikan Agama Islam dan Budi Pekerti,Sejarah Peradaban Islam,Memahami kisah keteladanan Nabi Muhammad saw.,AUTO-119,https://kurikulum.kemendikdasmen.go.id/service/download.php?kategori=rujukan&id=119,superseded_pending_review
LO-PENDIDIKAN-KHUSUS-PENDIDIKAN-AGAMA-ISLAM-DAN-BUDI-PEKERTI-D-4.1,SMP,D,Pendidikan Khusus Pendidikan Agama Islam dan Budi Pekerti,Al-Qur'an Hadis,"Memahami huruf hijaiah bersambung dan berharakat, nilai-nilai kandungan Al-Qur'an dan/atau hadis tentang pentingnya iman, takwa, toleransi, cinta tanah air, semangat keilmuan, dan sabar dalam menghadapi musibah.",AUTO-119,https://kurikulum.kemendikdasmen.go.id/service/download.php?kategori=rujukan&id=119,superseded_pending_review
LO-PENDIDIKAN-KHUSUS-PENDIDIKAN-AGAMA-ISLAM-DAN-BUDI-PEKERTI-D-4.2,SMP,D,Pendidikan Khusus Pendidikan Agama Islam dan Budi Pekerti,Akidah,Memahami enam rukun iman.,AUTO-119,https://kurikulum.kemendikdasmen.go.id/service/download.php?kategori=rujukan&id=119,superseded_pending_review
LO-PENDIDIKAN-KHUSUS-PENDIDIKAN-AGAMA-ISLAM-DAN-BUDI-PEKERTI-D-4.3,SMP,D,Pendidikan Khusus Pendidikan Agama Islam dan Budi Pekerti,Akhlak,"Memahami perilaku ikhlas, bersyukur kepada Allah Swt., berprasangka baik, menahan diri dari amarah, berpakaian yang sopan dan rapi, serta kasih sayang kepada sesama dan lingkungan alam",AUTO-119,https://kurikulum.kemendikdasmen.go.id/service/download.php?kategori=rujukan&id=119,superseded_pending_review
LO-PENDIDIKAN-KHUSUS-PENDIDIKAN-AGAMA-ISLAM-DAN-BUDI-PEKERTI-D-4.4,SMP,D,Pendidikan Khusus Pendidikan Agama Islam dan Budi Pekerti,Fikih,"Memahami syahadat, ketentuan salat fardu dan salat Jumat, puasa, zakat, serta haji.",AUTO-119,https://kurikulum.kemendikdasmen.go.id/service/download.php?kategori=rujukan&id=119,superseded_pending_review
LO-PENDIDIKAN-KHUSUS-PENDIDIKAN-AGAMA-ISLAM-DAN-BUDI-PEKERTI-D-4.5,SMP,D,Pendidikan Khusus Pendidikan Agama Islam dan Budi Pekerti,Sejarah Peradaban Islam,Memahami keteladanan kisah Nabi Muhammad saw. dan khulafaurrasyidin.,AUTO-119,https://kurikulum.kemendikdasmen.go.id/service/download.php?kategori=rujukan&id=119,superseded_pending_review
LO-PENDIDIKAN-KHUSUS-PENDIDIKAN-AGAMA-ISLAM-DAN-BUDI-PEKERTI-E-5.1,SMA,E,Pendidikan Khusus Pendidikan Agama Islam dan Budi Pekerti,Al-Qur'an Hadis,"Memahami huruf hijaiah bersambung dan berharakat, nilai-nilai kandungan ayat Al-Qur'an dan hadis tentang perintah berlomba-lomba dalam mengerjakan kebaikan, dan etika bergaul.",AUTO-119,https://kurikulum.kemendikdasmen.go.id/service/download.php?kategori=rujukan&id=119,superseded_pending_review
LO-PENDIDIKAN-KHUSUS-PENDIDIKAN-AGAMA-ISLAM-DAN-BUDI-PEKERTI-E-5.2,SMA,E,Pendidikan Khusus Pendidikan Agama Islam dan Budi Pekerti,Akidah,Memahami kepedulian diri dan lingkungan sebagai rasa syukur kepada Allah Swt.,AUTO-119,https://kurikulum.kemendikdasmen.go.id/service/download.php?kategori=rujukan&id=119,superseded_pending_review
LO-PENDIDIKAN-KHUSUS-PENDIDIKAN-AGAMA-ISLAM-DAN-BUDI-PEKERTI-E-5.3,SMA,E,Pendidikan Khusus Pendidikan Agama Islam dan Budi Pekerti,Akhlak,Memahami perilaku menjaga diri dari penyakit hati.,AUTO-119,https://kurikulum.kemendikdasmen.go.id/service/download.php?kategori=rujukan&id=119,superseded_pending_review
LO-PENDIDIKAN-KHUSUS-PENDIDIKAN-AGAMA-ISLAM-DAN-BUDI-PEKERTI-E-5.4,SMA,E,Pendidikan Khusus Pendidikan Agama Islam dan Budi Pekerti,Fikih,Memahami kewajiban mengurus jenazah dan ketentuan hukum wajib dan sunah dalam pelaksanaan ibadah.,AUTO-119,https://kurikulum.kemendikdasmen.go.id/service/download.php?kategori=rujukan&id=119,superseded_pending_review
LO-PENDIDIKAN-KHUSUS-PENDIDIKAN-AGAMA-ISLAM-DAN-BUDI-PEKERTI-E-5.5,SMA,E,Pendidikan Khusus Pendidikan Agama Islam dan Budi Pekerti,Sejarah Peradaban Islam,Memahami sejarah masuknya agama Islam ke Indonesia.,AUTO-119,https://kurikulum.kemendikdasmen.go.id/service/download.php?kategori=rujukan&id=119,superseded_pending_review
LO-PENDIDIKAN-KHUSUS-PENDIDIKAN-AGAMA-ISLAM-DAN-BUDI-PEKERTI-F-6.1,SMA,F,Pendidikan Khusus Pendidikan Agama Islam dan Budi Pekerti,Al-Qur`an Hadis,Memahami nilai-nilai kandungan Al-Qur'an dan hadits tentang etos kerja dan hidup mandiri.,AUTO-119,https://kurikulum.kemendikdasmen.go.id/service/download.php?kategori=rujukan&id=119,superseded_pending_review
LO-PENDIDIKAN-KHUSUS-PENDIDIKAN-AGAMA-ISLAM-DAN-BUDI-PEKERTI-F-6.2,SMA,F,Pendidikan Khusus Pendidikan Agama Islam dan Budi Pekerti,Akidah,Memahami perilaku menjaga keselamatan diri dan lingkungan sebagai rasa syukur kepada Allah Swt.,AUTO-119,https://kurikulum.kemendikdasmen.go.id/service/download.php?kategori=rujukan&id=119,superseded_pending_review
LO-PENDIDIKAN-KHUSUS-PENDIDIKAN-AGAMA-ISLAM-DAN-BUDI-PEKERTI-F-6.3,SMA,F,Pendidikan Khusus Pendidikan Agama Islam dan Budi Pekerti,Akhlak,"Memahami perilaku menjaga diri dari penyakit sosial, etika bermasyarakat, dan berkomunikasi secara digital sesuai dengan ketentuan agama",AUTO-119,https://kurikulum.kemendikdasmen.go.id/service/download.php?kategori=rujukan&id=119,superseded_pending_review
LO-PENDIDIKAN-KHUSUS-PENDIDIKAN-AGAMA-ISLAM-DAN-BUDI-PEKERTI-F-6.4,SMA,F,Pendidikan Khusus Pendidikan Agama Islam dan Budi Pekerti,Fikih,"Memahami ketentuan pernikahan, penyembelihan hewan kurban, salat idain, dan salat jamak qasar sesuai dengan ajaran agama",AUTO-119,https://kurikulum.kemendikdasmen.go.id/service/download.php?kategori=rujukan&id=119,superseded_pending_review
LO-PENDIDIKAN-KHUSUS-PENDIDIKAN-AGAMA-ISLAM-DAN-BUDI-PEKERTI-F-6.5,SMA,F,Pendidikan Khusus Pendidikan Agama Islam dan Budi Pekerti,Sejarah Peradaban Islam,Memahami keteladanan peran tokoh ulama dalam penyebaran agama Islam di Indonesia.,AUTO-119,https://kurikulum.kemendikdasmen.go.id/service/download.php?kategori=rujukan&id=119,superseded_pending_review
LO-PENDIDIKAN-KHUSUS-PENDIDIKAN-AGAMA-KRISTEN-DAN-BUDI-PEKERTI-A-1.1,SD,A,Pendidikan Khusus Pendidikan Agama Kristen dan Budi Pekerti,Allah Berkarya,1.1.1. Allah Pencipta Memahami diri sebagai ciptaan yang istimewa; Memahami berbagai fungsi anggota tubuhnya. 1.1.2. Allah Pemelihara Memahami pemeliharaan Allah melalui kehadiran dirinya dan keluarga. 1.1.3. Allah Penyelamat - 1.1.4. Allah Pembaru -,AUTO-119,https://kurikulum.kemendikdasmen.go.id/service/download.php?kategori=rujukan&id=119,superseded_pending_review
LO-PENDIDIKAN-KHUSUS-PENDIDIKAN-AGAMA-KRISTEN-DAN-BUDI-PEKERTI-A-1.2,SD,A,Pendidikan Khusus Pendidikan Agama Kristen dan Budi Pekerti,Manusia dan Nilai-nilai Kristiani,1.2.1. Hakikat Manusia Memahami dirinya berharga dan dicintai Allah. 1.2.2. Nilai-nilai Kristiani Memahami makna kebaikan; ramah dan sopan di rumah dan di satuan pendidikan.,AUTO-119,https://kurikulum.kemendikdasmen.go.id/service/download.php?kategori=rujukan&id=119,superseded_pending_review
LO-PENDIDIKAN-KHUSUS-PENDIDIKAN-AGAMA-KRISTEN-DAN-BUDI-PEKERTI-A-1.3,SD,A,Pendidikan Khusus Pendidikan Agama Kristen dan Budi Pekerti,Gereja dan Masyarakat Majemuk,1.3.1. Tugas Panggilan Gereja Memahami dirinya sebagai anggota gereja. 1.3.2. Masyarakat Majemuk Memahami keberagaman yang ada di gereja dan masyarakat.,AUTO-119,https://kurikulum.kemendikdasmen.go.id/service/download.php?kategori=rujukan&id=119,superseded_pending_review
LO-PENDIDIKAN-KHUSUS-PENDIDIKAN-AGAMA-KRISTEN-DAN-BUDI-PEKERTI-A-1.4,SD,A,Pendidikan Khusus Pendidikan Agama Kristen dan Budi Pekerti,Alam dan Lingkungan Hidup,1.4.1. Alam Ciptaan Allah Memahami kehadiran Allah melalui alam dan lingkungan hidup. 1.4.2. Tanggung Jawab Manusia Terhadap Alam Memahami tanggung jawab merawat alam sekitar rumah.,AUTO-119,https://kurikulum.kemendikdasmen.go.id/service/download.php?kategori=rujukan&id=119,superseded_pending_review
LO-PENDIDIKAN-KHUSUS-PENDIDIKAN-AGAMA-KRISTEN-DAN-BUDI-PEKERTI-B-2.1,SD,B,Pendidikan Khusus Pendidikan Agama Kristen dan Budi Pekerti,Allah Berkarya,"2.1.1. Allah Pencipta Memahami bahwa Allah menciptakan tumbuhan, hewan dan manusia; memahami pemeliharaan Allah melalui tumbuhan hewan dan manusia. 2.1.2. Allah Pemelihara Mensyukuri pemeliharan Allah melalui sekolah. 2.1.3. Allah Penyelamat Memahami Allah menyelamatkan dirinya. 2.1.4. Allah Pembaru -",AUTO-119,https://kurikulum.kemendikdasmen.go.id/service/download.php?kategori=rujukan&id=119,superseded_pending_review
LO-PENDIDIKAN-KHUSUS-PENDIDIKAN-AGAMA-KRISTEN-DAN-BUDI-PEKERTI-B-2.2,SD,B,Pendidikan Khusus Pendidikan Agama Kristen dan Budi Pekerti,Manusia dan Nilai- nilai Kristiani,"2.2.1. Hakikat Manusia Memahami diri sebagai makhluk individu dan sosial yang hidup bersama berdampingan dengan keluarga, teman, dan guru. 2.2.2. Nilai-Nilai Kristiani Menerapkan disiplin diri dalam keluarga, sekolah dan masyarakat",AUTO-119,https://kurikulum.kemendikdasmen.go.id/service/download.php?kategori=rujukan&id=119,superseded_pending_review
LO-PENDIDIKAN-KHUSUS-PENDIDIKAN-AGAMA-KRISTEN-DAN-BUDI-PEKERTI-B-2.3,SD,B,Pendidikan Khusus Pendidikan Agama Kristen dan Budi Pekerti,Gereja dan Masyarakat Majemuk,"2.3.1. Tugas Panggilan Gereja Memahami tugas panggilan gereja; mengungkapkan syukur atas gereja yang mendampingi selama ini. 2.3.2. Masyarakat Majemuk Mensyukuri keberagaman agama, suku, budaya sebagai anugerah Allah.",AUTO-119,https://kurikulum.kemendikdasmen.go.id/service/download.php?kategori=rujukan&id=119,superseded_pending_review
LO-PENDIDIKAN-KHUSUS-PENDIDIKAN-AGAMA-KRISTEN-DAN-BUDI-PEKERTI-B-2.4,SD,B,Pendidikan Khusus Pendidikan Agama Kristen dan Budi Pekerti,Alam dan Lingkungan Hidup,2.4.1. Alam Ciptaan Allah Mensyukuri kehadiran Allah melalui alam dan lingkungan hidup 2.4.2. Tanggung Jawab Manusia Bertanggung jawab merawat alam sekitar sekolah.,AUTO-119,https://kurikulum.kemendikdasmen.go.id/service/download.php?kategori=rujukan&id=119,superseded_pending_review
LO-PENDIDIKAN-KHUSUS-PENDIDIKAN-AGAMA-KRISTEN-DAN-BUDI-PEKERTI-C-3.1,SD,C,Pendidikan Khusus Pendidikan Agama Kristen dan Budi Pekerti,Allah Berkarya,3.1.1. Allah Pencipta Memahami Allah yang menciptakan alam semesta. 3.1.2. Allah Pemelihara Memahami pemeliharaan Allah melalui gereja. 3.1.3. Allah Penyelamat Memahami karya penyelamatan Allah bagi orang berdosa. 3.1.4. Allah Pembaru Memahami Allah membarui hidup manusia.,AUTO-119,https://kurikulum.kemendikdasmen.go.id/service/download.php?kategori=rujukan&id=119,superseded_pending_review
LO-PENDIDIKAN-KHUSUS-PENDIDIKAN-AGAMA-KRISTEN-DAN-BUDI-PEKERTI-C-3.2,SD,C,Pendidikan Khusus Pendidikan Agama Kristen dan Budi Pekerti,Manusia dan Nilai-nilai Kristiani,"3.2.1. Hakikat Manusia Memahami diri sebagai makhluk terbatas. 3.2.2. Nilai-nilai Kristiani Menerapkan kesabaran dan kemurahan dalam keluarga, sekolah, dan masyarakat.",AUTO-119,https://kurikulum.kemendikdasmen.go.id/service/download.php?kategori=rujukan&id=119,superseded_pending_review
LO-PENDIDIKAN-KHUSUS-PENDIDIKAN-AGAMA-KRISTEN-DAN-BUDI-PEKERTI-C-3.3,SD,C,Pendidikan Khusus Pendidikan Agama Kristen dan Budi Pekerti,Gereja dan Masyarakat Majemuk,3.3.1. Tugas Panggilan Gereja Memahami makna pentingnya bergereja bagi setiap umat beriman 3.3.2. Masyarakat Majemuk Memahami keberagaman bangsa-bangsa di dunia,AUTO-119,https://kurikulum.kemendikdasmen.go.id/service/download.php?kategori=rujukan&id=119,superseded_pending_review
LO-PENDIDIKAN-KHUSUS-PENDIDIKAN-AGAMA-KRISTEN-DAN-BUDI-PEKERTI-C-3.4,SD,C,Pendidikan Khusus Pendidikan Agama Kristen dan Budi Pekerti,Alam dan Lingkungan Hidup,3.4.1. Alam Ciptaan Allah Memahami kemahakuasaan Allah melalui fenomena alam dan lingkungan hidup. 3.4.2. Tanggung Jawab Manusia Terhadap Alam Memahami tugas merawat alam sekitar.,AUTO-119,https://kurikulum.kemendikdasmen.go.id/service/download.php?kategori=rujukan&id=119,superseded_pending_review
LO-PENDIDIKAN-KHUSUS-PENDIDIKAN-AGAMA-KRISTEN-DAN-BUDI-PEKERTI-D-4.1,SMP,D,Pendidikan Khusus Pendidikan Agama Kristen dan Budi Pekerti,Allah Berkarya,4.1.1. Allah Pencipta Memahami karya ciptaan Allah di sekolah dan masyarakat. 4.1.2. Allah Pemelihara Memahami pemeliharaan Allah terhadap dirinya di dalam masyarakat. 4.1.3. Allah Penyelamat Memahami karya penyelamatan Allah melalui Yesus Kristus. 4.1.4. Allah Pembaru Memahami karya Roh Kudus dalam memimpin hidup orang beriman.,AUTO-119,https://kurikulum.kemendikdasmen.go.id/service/download.php?kategori=rujukan&id=119,superseded_pending_review
LO-PENDIDIKAN-KHUSUS-PENDIDIKAN-AGAMA-KRISTEN-DAN-BUDI-PEKERTI-D-4.2,SMP,D,Pendidikan Khusus Pendidikan Agama Kristen dan Budi Pekerti,Manusia dan Nilai-Nilai Kristiani,"4.2.1. Hakikat Manusia Memahami talenta dirinya serta memanfaatkan bagi sesama. 4.2.2. Nilai-Nilai Kristiani Memahami prinsip rendah hati, penguasaan diri, serta peduli dan bersahabat terhadap sesama.",AUTO-119,https://kurikulum.kemendikdasmen.go.id/service/download.php?kategori=rujukan&id=119,superseded_pending_review
LO-PENDIDIKAN-KHUSUS-PENDIDIKAN-AGAMA-KRISTEN-DAN-BUDI-PEKERTI-D-4.3,SMP,D,Pendidikan Khusus Pendidikan Agama Kristen dan Budi Pekerti,Gereja dan Masyarakat Majemuk,4.3.1. Tugas Panggilan Gereja Memahami berbagai bentuk pelayanan gereja dan turut serta dalam melayani. 4.3.2. Masyarakat Majemuk Membangun solidaritas dan toleransi dalam keberagaman.,AUTO-119,https://kurikulum.kemendikdasmen.go.id/service/download.php?kategori=rujukan&id=119,superseded_pending_review
LO-PENDIDIKAN-KHUSUS-PENDIDIKAN-AGAMA-KRISTEN-DAN-BUDI-PEKERTI-D-4.4,SMP,D,Pendidikan Khusus Pendidikan Agama Kristen dan Budi Pekerti,Alam dan Lingkungan Hidup,4.4.1. Alam Ciptaan Allah Memahami pemeliharaan Allah terus berlangsung terhadap alam dalam segala situasi. 4.4.2. Tanggung Jawab Manusia Terhadap Alam Memahami tanggung jawab manusia dalam merawat alam dan lingkungan hidup.,AUTO-119,https://kurikulum.kemendikdasmen.go.id/service/download.php?kategori=rujukan&id=119,superseded_pending_review
LO-PENDIDIKAN-KHUSUS-PENDIDIKAN-AGAMA-KRISTEN-DAN-BUDI-PEKERTI-E-5.1,SMA,E,Pendidikan Khusus Pendidikan Agama Kristen dan Budi Pekerti,Allah Berkarya,"5.1.1. Allah Pencipta Memahami pertumbuhan diri sebagai pribadi dewasa baik secara sosial, fisik, spiritual, perkataan, serta tindakan yang dilakukan di dalam kehidupan sehari-hari. 5.1.2. Allah Pemelihara Memahami Allah memelihara manusia di sepanjang hidup. 5.1.3. Allah Penyelamat Memahami karya penyelamatan Allah melalui peran keluarga dan orang tua sebagai pendidik pertama dan utama. 5.1.4. Allah Pembaru Meyakini Allah membarui kehidupan keluarga.",AUTO-119,https://kurikulum.kemendikdasmen.go.id/service/download.php?kategori=rujukan&id=119,superseded_pending_review
LO-PENDIDIKAN-KHUSUS-PENDIDIKAN-AGAMA-KRISTEN-DAN-BUDI-PEKERTI-E-5.2,SMA,E,Pendidikan Khusus Pendidikan Agama Kristen dan Budi Pekerti,Manusia dan Nilai- nilai Kristiani,"5.2.1. Hakikat Manusia Mensyukuri pertumbuhan dirinya sebagai pribadi dewasa. 5.2.2. Nilai-Nilai Kristiani kesetiaan, dalam Menerapkan kebaikan, kelemah lembutan di kehidupan sehari-hari.",AUTO-119,https://kurikulum.kemendikdasmen.go.id/service/download.php?kategori=rujukan&id=119,superseded_pending_review
LO-PENDIDIKAN-KHUSUS-PENDIDIKAN-AGAMA-KRISTEN-DAN-BUDI-PEKERTI-E-5.3,SMA,E,Pendidikan Khusus Pendidikan Agama Kristen dan Budi Pekerti,Gereja dan Masyarakat Majemuk,5.3.1. Tugas Panggilan Gereja mengatasi berbagai isu kehidupan: diskriminasi Memahami tugas gereja dan ketidakadilan. 5.3.2. Masyarakat Majemuk Memahami sekolah menjadi lembaga yang mendidik tentang kemajemukan.,AUTO-119,https://kurikulum.kemendikdasmen.go.id/service/download.php?kategori=rujukan&id=119,superseded_pending_review
LO-PENDIDIKAN-KHUSUS-PENDIDIKAN-AGAMA-KRISTEN-DAN-BUDI-PEKERTI-E-5.4,SMA,E,Pendidikan Khusus Pendidikan Agama Kristen dan Budi Pekerti,Alam dan Lingkungan Hidup,5.4.1. Alam Ciptaan Allah Memahami kondisi alam saat ini. 5.4.2. Tanggung Jawab Manusia Terhadap Alam Memahami tanggung jawab mencegah kerusakan alam.,AUTO-119,https://kurikulum.kemendikdasmen.go.id/service/download.php?kategori=rujukan&id=119,superseded_pending_review
LO-PENDIDIKAN-KHUSUS-PENDIDIKAN-AGAMA-KRISTEN-DAN-BUDI-PEKERTI-F-6.1,SMA,F,Pendidikan Khusus Pendidikan Agama Kristen dan Budi Pekerti,Allah Berkarya,6.1.1. Allah Pencipta Memahami perkembangan sebagai kebudayaan dan IPTEK anugerah Allah terhadap manusia. 6.1.2. Allah Pemelihara Mensyukuri pemeliharaan Allah melalui hidup bertanggung jawab. 6.1.3. Allah Penyelamamat Melaksanakan tanggung jawab dalam demokrasi dan HAM sebagai ucap syukur atas penyelamatan Allah. 6.1.4. Allah Pembaru Meyakini Allah membarui gereja dan masyarakat.,AUTO-119,https://kurikulum.kemendikdasmen.go.id/service/download.php?kategori=rujukan&id=119,superseded_pending_review
LO-PENDIDIKAN-KHUSUS-PENDIDIKAN-AGAMA-KRISTEN-DAN-BUDI-PEKERTI-F-6.2,SMA,F,Pendidikan Khusus Pendidikan Agama Kristen dan Budi Pekerti,Manusia dan Nilai- nilai Kristiani,"6.2.1. Hakikat Manusia Mewujudkan tanggung jawab sebagai manusia dewasa 6.2.2. Nilai-nilai Kristiani Menerapkan kasih, sukacita, damai sejahtera di dalam kehidupan sehari-hari",AUTO-119,https://kurikulum.kemendikdasmen.go.id/service/download.php?kategori=rujukan&id=119,superseded_pending_review
LO-PENDIDIKAN-KHUSUS-PENDIDIKAN-AGAMA-KRISTEN-DAN-BUDI-PEKERTI-F-6.3,SMA,F,Pendidikan Khusus Pendidikan Agama Kristen dan Budi Pekerti,Gereja dan Masyarakat Majemuk,6.3.1. Tugas Panggilan Gereja untuk mewujudkan pelayanan gereja dalam Memahami panggilan masyarakat majemuk. 6.3.2. Masyarakat Majemuk Mewujudkan moderasi beragama,AUTO-119,https://kurikulum.kemendikdasmen.go.id/service/download.php?kategori=rujukan&id=119,superseded_pending_review
LO-PENDIDIKAN-KHUSUS-PENDIDIKAN-AGAMA-KRISTEN-DAN-BUDI-PEKERTI-F-6.4,SMA,F,Pendidikan Khusus Pendidikan Agama Kristen dan Budi Pekerti,Alam dan Lingkungan Hidup,6.4.1. Alam Ciptaan Allah Memahami penyebab kerusakan alam dan cara mengatasinya. 6.4.2. Tanggung Jawab Manusia Terhadap Alam dalam Menerapkan sikap ugahari menjaga lingkungan hidup,AUTO-119,https://kurikulum.kemendikdasmen.go.id/service/download.php?kategori=rujukan&id=119,superseded_pending_review
LO-PENDIDIKAN-KHUSUS-PENDIDIKAN-AGAMA-KATOLIK-DAN-BUDI-PEKERTI-A-1.1,SD,A,Pendidikan Khusus Pendidikan Agama Katolik dan Budi Pekerti,Pribadi Peserta Didik,"Mengenal diri sebagai pribadi yang dicintai Tuhan; anggota tubuh, keluarga, dan lingkungan satuan pendidikan sebagai anugerah Tuhan.",AUTO-119,https://kurikulum.kemendikdasmen.go.id/service/download.php?kategori=rujukan&id=119,superseded_pending_review
LO-PENDIDIKAN-KHUSUS-PENDIDIKAN-AGAMA-KATOLIK-DAN-BUDI-PEKERTI-A-1.2,SD,A,Pendidikan Khusus Pendidikan Agama Katolik dan Budi Pekerti,Yesus Kristus,Mengenal kisah kelahiran Yesus dan keluarga Yesus yang tinggal di Nazaret.,AUTO-119,https://kurikulum.kemendikdasmen.go.id/service/download.php?kategori=rujukan&id=119,superseded_pending_review
LO-PENDIDIKAN-KHUSUS-PENDIDIKAN-AGAMA-KATOLIK-DAN-BUDI-PEKERTI-A-1.3,SD,A,Pendidikan Khusus Pendidikan Agama Katolik dan Budi Pekerti,Gereja,"Mengenal sikap berdoa; membuat tanda salib, dan berdoa Bapa Kami.",AUTO-119,https://kurikulum.kemendikdasmen.go.id/service/download.php?kategori=rujukan&id=119,superseded_pending_review
LO-PENDIDIKAN-KHUSUS-PENDIDIKAN-AGAMA-KATOLIK-DAN-BUDI-PEKERTI-A-1.4,SD,A,Pendidikan Khusus Pendidikan Agama Katolik dan Budi Pekerti,Masyarakat,-,AUTO-119,https://kurikulum.kemendikdasmen.go.id/service/download.php?kategori=rujukan&id=119,superseded_pending_review
LO-PENDIDIKAN-KHUSUS-PENDIDIKAN-AGAMA-KATOLIK-DAN-BUDI-PEKERTI-B-2.1,SD,B,Pendidikan Khusus Pendidikan Agama Katolik dan Budi Pekerti,Pribadi Peserta Didik,Mengenal diri dan bangga diciptakan Tuhan sebagai laki-laki atau perempuan serta mengenal lingkungan di sekitar rumah.,AUTO-119,https://kurikulum.kemendikdasmen.go.id/service/download.php?kategori=rujukan&id=119,superseded_pending_review
LO-PENDIDIKAN-KHUSUS-PENDIDIKAN-AGAMA-KATOLIK-DAN-BUDI-PEKERTI-B-2.2,SD,B,Pendidikan Khusus Pendidikan Agama Katolik dan Budi Pekerti,Yesus Kristus,Mengenal karya keselamatan Allah melalui kisah penciptaan langit dan bumi serta kisah Nabi Nuh dan Bahteranya; Yesus dipersembahkan di Bait Allah; dan Yesus berada di Bait Allah pada umur 12 tahun.,AUTO-119,https://kurikulum.kemendikdasmen.go.id/service/download.php?kategori=rujukan&id=119,superseded_pending_review
LO-PENDIDIKAN-KHUSUS-PENDIDIKAN-AGAMA-KATOLIK-DAN-BUDI-PEKERTI-B-2.3,SD,B,Pendidikan Khusus Pendidikan Agama Katolik dan Budi Pekerti,Gereja,"Mengenal gereja sebagai tempat ibadat umat Katolik, Doa Salam Maria dan Kemuliaan.",AUTO-119,https://kurikulum.kemendikdasmen.go.id/service/download.php?kategori=rujukan&id=119,superseded_pending_review
LO-PENDIDIKAN-KHUSUS-PENDIDIKAN-AGAMA-KATOLIK-DAN-BUDI-PEKERTI-B-2.4,SD,B,Pendidikan Khusus Pendidikan Agama Katolik dan Budi Pekerti,Masyarakat,Mengenal perwujudan iman dalam hidup bersama dengan cara merawat lingkungan sekitar dan hidup rukun dengan tetangga.,AUTO-119,https://kurikulum.kemendikdasmen.go.id/service/download.php?kategori=rujukan&id=119,superseded_pending_review
LO-PENDIDIKAN-KHUSUS-PENDIDIKAN-AGAMA-KATOLIK-DAN-BUDI-PEKERTI-C-3.1,SD,C,Pendidikan Khusus Pendidikan Agama Katolik dan Budi Pekerti,Pribadi Peserta Didik,Mengenal talenta; memiliki sikap peduli terhadap teman sesuai dengan ajaran Gereja Katolik.,AUTO-119,https://kurikulum.kemendikdasmen.go.id/service/download.php?kategori=rujukan&id=119,superseded_pending_review
LO-PENDIDIKAN-KHUSUS-PENDIDIKAN-AGAMA-KATOLIK-DAN-BUDI-PEKERTI-C-3.2,SD,C,Pendidikan Khusus Pendidikan Agama Katolik dan Budi Pekerti,Yesus Kristus,"Mengenal karya keselamatan Allah melalui kisah Abraham bapa bangsa, Daud, kebijaksanaan Salomo, Yesus dan keteladanan-Nya melalui kisah mukjizat lima roti dan dua ikan.",AUTO-119,https://kurikulum.kemendikdasmen.go.id/service/download.php?kategori=rujukan&id=119,superseded_pending_review
LO-PENDIDIKAN-KHUSUS-PENDIDIKAN-AGAMA-KATOLIK-DAN-BUDI-PEKERTI-C-3.3,SD,C,Pendidikan Khusus Pendidikan Agama Katolik dan Budi Pekerti,Gereja,"Mengenal alat-alat liturgi, petugas liturgi, dan sikap liturgi.",AUTO-119,https://kurikulum.kemendikdasmen.go.id/service/download.php?kategori=rujukan&id=119,superseded_pending_review
LO-PENDIDIKAN-KHUSUS-PENDIDIKAN-AGAMA-KATOLIK-DAN-BUDI-PEKERTI-C-3.4,SD,C,Pendidikan Khusus Pendidikan Agama Katolik dan Budi Pekerti,Masyarakat,"Mengenal perwujudan iman dalam hidup bergotong royong, keanekaragaman agama, suku, dan budaya di Indonesia.",AUTO-119,https://kurikulum.kemendikdasmen.go.id/service/download.php?kategori=rujukan&id=119,superseded_pending_review
LO-PENDIDIKAN-KHUSUS-PENDIDIKAN-AGAMA-KATOLIK-DAN-BUDI-PEKERTI-D-4.1,SMP,D,Pendidikan Khusus Pendidikan Agama Katolik dan Budi Pekerti,Pribadi Peserta Didik,"Mengenal manusia sebagai citra Allah yang unik, kelebihan dan kekurangan untuk menjalankan tugas perutusannya sebagai citra Allah.",AUTO-119,https://kurikulum.kemendikdasmen.go.id/service/download.php?kategori=rujukan&id=119,superseded_pending_review
LO-PENDIDIKAN-KHUSUS-PENDIDIKAN-AGAMA-KATOLIK-DAN-BUDI-PEKERTI-D-4.2,SMP,D,Pendidikan Khusus Pendidikan Agama Katolik dan Budi Pekerti,Yesus Kristus,"Mengenal karya keselamatan Allah melalui kisah Yusuf menyelamatkan keluarganya dari bencana kelaparan, kisah Yosua menyeberangkan umat Israel dari sungai Yordan ke Tanah Kanaan, kisah kelahiran Musa, kisah Yesus dibaptis, Yesus sebagai pendoa, Yesus yang mengampuni, dan Yesus memberi makan lima ribu orang.",AUTO-119,https://kurikulum.kemendikdasmen.go.id/service/download.php?kategori=rujukan&id=119,superseded_pending_review
LO-PENDIDIKAN-KHUSUS-PENDIDIKAN-AGAMA-KATOLIK-DAN-BUDI-PEKERTI-D-4.3,SMP,D,Pendidikan Khusus Pendidikan Agama Katolik dan Budi Pekerti,Gereja,"Mengenal sakramen-sakramen inisiasi (baptis, ekaristi, dan krisma), dan sakramen tobat dalam Gereja Katolik, serta syahadat para rasul.",AUTO-119,https://kurikulum.kemendikdasmen.go.id/service/download.php?kategori=rujukan&id=119,superseded_pending_review
LO-PENDIDIKAN-KHUSUS-PENDIDIKAN-AGAMA-KATOLIK-DAN-BUDI-PEKERTI-D-4.4,SMP,D,Pendidikan Khusus Pendidikan Agama Katolik dan Budi Pekerti,Masyarakat,"Mengenal perwujudan iman dalam hidup bersama dengan cara ikut terlibat dalam pelestarian lingkungan alam, dan persaudaraan sejati dalam keberagaman.",AUTO-119,https://kurikulum.kemendikdasmen.go.id/service/download.php?kategori=rujukan&id=119,superseded_pending_review
LO-PENDIDIKAN-KHUSUS-PENDIDIKAN-AGAMA-KATOLIK-DAN-BUDI-PEKERTI-E-5.1,SMA,E,Pendidikan Khusus Pendidikan Agama Katolik dan Budi Pekerti,Pribadi Peserta Didik,"Mengenal panggilan hidup: berkeluarga, membiara/klerus/bakti dan karya/profesi.",AUTO-119,https://kurikulum.kemendikdasmen.go.id/service/download.php?kategori=rujukan&id=119,superseded_pending_review
LO-PENDIDIKAN-KHUSUS-PENDIDIKAN-AGAMA-KATOLIK-DAN-BUDI-PEKERTI-E-5.2,SMA,E,Pendidikan Khusus Pendidikan Agama Katolik dan Budi Pekerti,Yesus Kristus,"Mengenal karya keselamatan Allah melalui kisah penyeberangan Laut Merah, sepuluh perintah Allah sebagai pedoman hidup, dan kisah Yesus mewartakan Kerajaan Allah melalui perumpamaan.",AUTO-119,https://kurikulum.kemendikdasmen.go.id/service/download.php?kategori=rujukan&id=119,superseded_pending_review
LO-PENDIDIKAN-KHUSUS-PENDIDIKAN-AGAMA-KATOLIK-DAN-BUDI-PEKERTI-E-5.3,SMA,E,Pendidikan Khusus Pendidikan Agama Katolik dan Budi Pekerti,Gereja,Mengenal pengungkapan iman melalui doa pribadi sebagai anggota gereja.,AUTO-119,https://kurikulum.kemendikdasmen.go.id/service/download.php?kategori=rujukan&id=119,superseded_pending_review
LO-PENDIDIKAN-KHUSUS-PENDIDIKAN-AGAMA-KATOLIK-DAN-BUDI-PEKERTI-E-5.4,SMA,E,Pendidikan Khusus Pendidikan Agama Katolik dan Budi Pekerti,Masyarakat,Mengenal perwujudan iman dengan cara menghormati sesama.,AUTO-119,https://kurikulum.kemendikdasmen.go.id/service/download.php?kategori=rujukan&id=119,superseded_pending_review
LO-PENDIDIKAN-KHUSUS-PENDIDIKAN-AGAMA-KATOLIK-DAN-BUDI-PEKERTI-F-6.1,SMA,F,Pendidikan Khusus Pendidikan Agama Katolik dan Budi Pekerti,Pribadi Peserta Didik,Mengenal kemampuan dan keterbatasan agar dapat menentukan cita-cita serta cara pengembangan diri.,AUTO-119,https://kurikulum.kemendikdasmen.go.id/service/download.php?kategori=rujukan&id=119,superseded_pending_review
LO-PENDIDIKAN-KHUSUS-PENDIDIKAN-AGAMA-KATOLIK-DAN-BUDI-PEKERTI-F-6.2,SMA,F,Pendidikan Khusus Pendidikan Agama Katolik dan Budi Pekerti,Yesus Kristus,"Mengenal karya keselamatan Allah melalui kisah Allah memberkati pemimpin Israel: Samuel, Saul, dan Daud; karya keselamatan Allah melalui kisah mukjizat-mukjizat Yesus; kisah sengsara, wafat, dan kebangkitan Yesus; Allah Bapa, Putra, dan Roh Kudus.",AUTO-119,https://kurikulum.kemendikdasmen.go.id/service/download.php?kategori=rujukan&id=119,superseded_pending_review
LO-PENDIDIKAN-KHUSUS-PENDIDIKAN-AGAMA-KATOLIK-DAN-BUDI-PEKERTI-F-6.3,SMA,F,Pendidikan Khusus Pendidikan Agama Katolik dan Budi Pekerti,Gereja,"Mengenal Gereja sebagai persekutuan Umat Allah, lima Perintah Gereja, dan cara mewujudkan kehidupan menggereja melalui kegiatan doa bersama.",AUTO-119,https://kurikulum.kemendikdasmen.go.id/service/download.php?kategori=rujukan&id=119,superseded_pending_review
LO-PENDIDIKAN-KHUSUS-PENDIDIKAN-AGAMA-KATOLIK-DAN-BUDI-PEKERTI-F-6.4,SMA,F,Pendidikan Khusus Pendidikan Agama Katolik dan Budi Pekerti,Masyarakat,Mengenal perwujudan iman dalam hidup bersama melalui penghormatan terhadap kehidupan sosial dan keberagaman sebagai wujud moderasi beragama.,AUTO-119,https://kurikulum.kemendikdasmen.go.id/service/download.php?kategori=rujukan&id=119,superseded_pending_review
LO-PENDIDIKAN-KHUSUS-PENDIDIKAN-AGAMA-HINDU-DAN-BUDI-PEKERTI-A-1.1,SD,A,Pendidikan Khusus Pendidikan Agama Hindu dan Budi Pekerti,Acara,Mengenal tempat suci dan etika berbusana ke tempat suci serta sarana persembahyangan.,AUTO-119,https://kurikulum.kemendikdasmen.go.id/service/download.php?kategori=rujukan&id=119,superseded_pending_review
LO-PENDIDIKAN-KHUSUS-PENDIDIKAN-AGAMA-HINDU-DAN-BUDI-PEKERTI-A-1.2,SD,A,Pendidikan Khusus Pendidikan Agama Hindu dan Budi Pekerti,Susila,"Mengenal subha dan asubha karma, serta tri kaya parisudha.",AUTO-119,https://kurikulum.kemendikdasmen.go.id/service/download.php?kategori=rujukan&id=119,superseded_pending_review
LO-PENDIDIKAN-KHUSUS-PENDIDIKAN-AGAMA-HINDU-DAN-BUDI-PEKERTI-A-1.3,SD,A,Pendidikan Khusus Pendidikan Agama Hindu dan Budi Pekerti,Sraddha dan Bhakti,Mengenal Hyang Widhi Wasa sebagai pencipta dan sumber hidup,AUTO-119,https://kurikulum.kemendikdasmen.go.id/service/download.php?kategori=rujukan&id=119,superseded_pending_review
LO-PENDIDIKAN-KHUSUS-PENDIDIKAN-AGAMA-HINDU-DAN-BUDI-PEKERTI-A-1.4,SD,A,Pendidikan Khusus Pendidikan Agama Hindu dan Budi Pekerti,Kitab Suci Weda,-,AUTO-119,https://kurikulum.kemendikdasmen.go.id/service/download.php?kategori=rujukan&id=119,superseded_pending_review
LO-PENDIDIKAN-KHUSUS-PENDIDIKAN-AGAMA-HINDU-DAN-BUDI-PEKERTI-A-1.5,SD,A,Pendidikan Khusus Pendidikan Agama Hindu dan Budi Pekerti,Sejarah Agama Hindu,-,AUTO-119,https://kurikulum.kemendikdasmen.go.id/service/download.php?kategori=rujukan&id=119,superseded_pending_review
LO-PENDIDIKAN-KHUSUS-PENDIDIKAN-AGAMA-HINDU-DAN-BUDI-PEKERTI-B-2.1,SD,B,Pendidikan Khusus Pendidikan Agama Hindu dan Budi Pekerti,Acara,Mengenal Dainika Upasana dan Hari Suci Hindu sesuai kearifan lokal.,AUTO-119,https://kurikulum.kemendikdasmen.go.id/service/download.php?kategori=rujukan&id=119,superseded_pending_review
LO-PENDIDIKAN-KHUSUS-PENDIDIKAN-AGAMA-HINDU-DAN-BUDI-PEKERTI-B-2.2,SD,B,Pendidikan Khusus Pendidikan Agama Hindu dan Budi Pekerti,Susila,Mengenal Tri Parartha dan Catur Paramitha.,AUTO-119,https://kurikulum.kemendikdasmen.go.id/service/download.php?kategori=rujukan&id=119,superseded_pending_review
LO-PENDIDIKAN-KHUSUS-PENDIDIKAN-AGAMA-HINDU-DAN-BUDI-PEKERTI-B-2.3,SD,B,Pendidikan Khusus Pendidikan Agama Hindu dan Budi Pekerti,Sraddha dan Bhakti,Mengenal Hyang Widhi Wasa sebagai Tri Murti dan Cadu Sakti.,AUTO-119,https://kurikulum.kemendikdasmen.go.id/service/download.php?kategori=rujukan&id=119,superseded_pending_review
LO-PENDIDIKAN-KHUSUS-PENDIDIKAN-AGAMA-HINDU-DAN-BUDI-PEKERTI-B-2.4,SD,B,Pendidikan Khusus Pendidikan Agama Hindu dan Budi Pekerti,Kitab Suci Weda,-,AUTO-119,https://kurikulum.kemendikdasmen.go.id/service/download.php?kategori=rujukan&id=119,superseded_pending_review
LO-PENDIDIKAN-KHUSUS-PENDIDIKAN-AGAMA-HINDU-DAN-BUDI-PEKERTI-B-2.5,SD,B,Pendidikan Khusus Pendidikan Agama Hindu dan Budi Pekerti,Sejarah Agama Hindu,-,AUTO-119,https://kurikulum.kemendikdasmen.go.id/service/download.php?kategori=rujukan&id=119,superseded_pending_review
LO-PENDIDIKAN-KHUSUS-PENDIDIKAN-AGAMA-HINDU-DAN-BUDI-PEKERTI-C-3.1,SD,C,Pendidikan Khusus Pendidikan Agama Hindu dan Budi Pekerti,Acara,Mengenal orang suci dan Tri Rna dalam agama Hindu.,AUTO-119,https://kurikulum.kemendikdasmen.go.id/service/download.php?kategori=rujukan&id=119,superseded_pending_review
LO-PENDIDIKAN-KHUSUS-PENDIDIKAN-AGAMA-HINDU-DAN-BUDI-PEKERTI-C-3.2,SD,C,Pendidikan Khusus Pendidikan Agama Hindu dan Budi Pekerti,Susila,Mengenal ajaran Tri Hita Karana dan Catur Guru.,AUTO-119,https://kurikulum.kemendikdasmen.go.id/service/download.php?kategori=rujukan&id=119,superseded_pending_review
LO-PENDIDIKAN-KHUSUS-PENDIDIKAN-AGAMA-HINDU-DAN-BUDI-PEKERTI-C-3.3,SD,C,Pendidikan Khusus Pendidikan Agama Hindu dan Budi Pekerti,Sraddha dan Bhakti,Mengenal Panca Indriya sebagai unsur dari Bhuana Alit.,AUTO-119,https://kurikulum.kemendikdasmen.go.id/service/download.php?kategori=rujukan&id=119,superseded_pending_review
LO-PENDIDIKAN-KHUSUS-PENDIDIKAN-AGAMA-HINDU-DAN-BUDI-PEKERTI-C-3.4,SD,C,Pendidikan Khusus Pendidikan Agama Hindu dan Budi Pekerti,Kitab Suci Weda,Mengenal kisah epos Ramayana.,AUTO-119,https://kurikulum.kemendikdasmen.go.id/service/download.php?kategori=rujukan&id=119,superseded_pending_review
LO-PENDIDIKAN-KHUSUS-PENDIDIKAN-AGAMA-HINDU-DAN-BUDI-PEKERTI-C-3.5,SD,C,Pendidikan Khusus Pendidikan Agama Hindu dan Budi Pekerti,Sejarah Agama Hindu,-,AUTO-119,https://kurikulum.kemendikdasmen.go.id/service/download.php?kategori=rujukan&id=119,superseded_pending_review
LO-PENDIDIKAN-KHUSUS-PENDIDIKAN-AGAMA-HINDU-DAN-BUDI-PEKERTI-D-4.1,SMP,D,Pendidikan Khusus Pendidikan Agama Hindu dan Budi Pekerti,Acara,Menerapkan budaya hidup bersih dan sehat sesuai dengan kearifan lokal.,AUTO-119,https://kurikulum.kemendikdasmen.go.id/service/download.php?kategori=rujukan&id=119,superseded_pending_review
LO-PENDIDIKAN-KHUSUS-PENDIDIKAN-AGAMA-HINDU-DAN-BUDI-PEKERTI-D-4.2,SMP,D,Pendidikan Khusus Pendidikan Agama Hindu dan Budi Pekerti,Susila,"Memahami Catur Paramitha, Catur Asrama, serta Catur Purusa Artha.",AUTO-119,https://kurikulum.kemendikdasmen.go.id/service/download.php?kategori=rujukan&id=119,superseded_pending_review
LO-PENDIDIKAN-KHUSUS-PENDIDIKAN-AGAMA-HINDU-DAN-BUDI-PEKERTI-D-4.3,SMP,D,Pendidikan Khusus Pendidikan Agama Hindu dan Budi Pekerti,Sraddha dan Bhakti,"Memahami Karmaphala sebagai hukum sebab akibat, dan Panca Mahabhuta sebagai pembentuk Bhuana Agung dan Bhuana Alit.",AUTO-119,https://kurikulum.kemendikdasmen.go.id/service/download.php?kategori=rujukan&id=119,superseded_pending_review
LO-PENDIDIKAN-KHUSUS-PENDIDIKAN-AGAMA-HINDU-DAN-BUDI-PEKERTI-D-4.4,SMP,D,Pendidikan Khusus Pendidikan Agama Hindu dan Budi Pekerti,Kitab Suci Weda,Memahami kisah epos Mahabharata sebagai tuntunan hidup.,AUTO-119,https://kurikulum.kemendikdasmen.go.id/service/download.php?kategori=rujukan&id=119,superseded_pending_review
LO-PENDIDIKAN-KHUSUS-PENDIDIKAN-AGAMA-HINDU-DAN-BUDI-PEKERTI-D-4.5,SMP,D,Pendidikan Khusus Pendidikan Agama Hindu dan Budi Pekerti,Sejarah Agama Hindu,-,AUTO-119,https://kurikulum.kemendikdasmen.go.id/service/download.php?kategori=rujukan&id=119,superseded_pending_review
LO-PENDIDIKAN-KHUSUS-PENDIDIKAN-AGAMA-HINDU-DAN-BUDI-PEKERTI-E-5.1,SMA,E,Pendidikan Khusus Pendidikan Agama Hindu dan Budi Pekerti,Acara,Memahami hakikat Panca Yadnya.,AUTO-119,https://kurikulum.kemendikdasmen.go.id/service/download.php?kategori=rujukan&id=119,superseded_pending_review
LO-PENDIDIKAN-KHUSUS-PENDIDIKAN-AGAMA-HINDU-DAN-BUDI-PEKERTI-E-5.2,SMA,E,Pendidikan Khusus Pendidikan Agama Hindu dan Budi Pekerti,Susila,Memahami ajaran Catur Marga.,AUTO-119,https://kurikulum.kemendikdasmen.go.id/service/download.php?kategori=rujukan&id=119,superseded_pending_review
LO-PENDIDIKAN-KHUSUS-PENDIDIKAN-AGAMA-HINDU-DAN-BUDI-PEKERTI-E-5.3,SMA,E,Pendidikan Khusus Pendidikan Agama Hindu dan Budi Pekerti,Sraddha dan Bhakti,-,AUTO-119,https://kurikulum.kemendikdasmen.go.id/service/download.php?kategori=rujukan&id=119,superseded_pending_review
LO-PENDIDIKAN-KHUSUS-PENDIDIKAN-AGAMA-HINDU-DAN-BUDI-PEKERTI-E-5.4,SMA,E,Pendidikan Khusus Pendidikan Agama Hindu dan Budi Pekerti,Kitab Suci Weda,Memahami kisah-kisah Purana sebagai pedoman hidup.,AUTO-119,https://kurikulum.kemendikdasmen.go.id/service/download.php?kategori=rujukan&id=119,superseded_pending_review
LO-PENDIDIKAN-KHUSUS-PENDIDIKAN-AGAMA-HINDU-DAN-BUDI-PEKERTI-E-5.5,SMA,E,Pendidikan Khusus Pendidikan Agama Hindu dan Budi Pekerti,Sejarah Agama Hindu di,Memahami tokoh-tokoh kerajaan Hindu Indonesia.,AUTO-119,https://kurikulum.kemendikdasmen.go.id/service/download.php?kategori=rujukan&id=119,superseded_pending_review
LO-PENDIDIKAN-KHUSUS-PENDIDIKAN-AGAMA-HINDU-DAN-BUDI-PEKERTI-F-6.1,SMA,F,Pendidikan Khusus Pendidikan Agama Hindu dan Budi Pekerti,Acara,Memahami seni keagamaan Hindu dalam konteks kehidupan beragama.,AUTO-119,https://kurikulum.kemendikdasmen.go.id/service/download.php?kategori=rujukan&id=119,superseded_pending_review
LO-PENDIDIKAN-KHUSUS-PENDIDIKAN-AGAMA-HINDU-DAN-BUDI-PEKERTI-F-6.2,SMA,F,Pendidikan Khusus Pendidikan Agama Hindu dan Budi Pekerti,Susila,Memahami konsep Keluarga Sukhinah.,AUTO-119,https://kurikulum.kemendikdasmen.go.id/service/download.php?kategori=rujukan&id=119,superseded_pending_review
LO-PENDIDIKAN-KHUSUS-PENDIDIKAN-AGAMA-HINDU-DAN-BUDI-PEKERTI-F-6.3,SMA,F,Pendidikan Khusus Pendidikan Agama Hindu dan Budi Pekerti,Sraddha dan Bhakti,"Karmaphala, Memahami keterkaitan ajaran Punarbhawa, dan Moksa.",AUTO-119,https://kurikulum.kemendikdasmen.go.id/service/download.php?kategori=rujukan&id=119,superseded_pending_review
LO-PENDIDIKAN-KHUSUS-PENDIDIKAN-AGAMA-HINDU-DAN-BUDI-PEKERTI-F-6.4,SMA,F,Pendidikan Khusus Pendidikan Agama Hindu dan Budi Pekerti,Kitab Suci Weda,Memahami ajaran kepemimpinan Nitisastra di lingkup keluarga dan masyarakat.,AUTO-119,https://kurikulum.kemendikdasmen.go.id/service/download.php?kategori=rujukan&id=119,superseded_pending_review
LO-PENDIDIKAN-KHUSUS-PENDIDIKAN-AGAMA-HINDU-DAN-BUDI-PEKERTI-F-6.5,SMA,F,Pendidikan Khusus Pendidikan Agama Hindu dan Budi Pekerti,Sejarah Agama Hindu,Mengenal sejarah perkembangan Hindu di Indonesia.,AUTO-119,https://kurikulum.kemendikdasmen.go.id/service/download.php?kategori=rujukan&id=119,superseded_pending_review
LO-PENDIDIKAN-KHUSUS-PENDIDIKAN-AGAMA-BUDDHA-DAN-BUDI-PEKERTI-A-1.1,SD,A,Pendidikan Khusus Pendidikan Agama Buddha dan Budi Pekerti,Sejarah,"Memahami kehidupan para Bodhisattva dalam menyayangi diri sendiri dengan menjaga kesehatan fisik dan batin; membiasakan diri untuk bersikap hormat; menjaga ucapan di lingkungan rumah, serta satuan pendidikan. Memahami dan menerima keteladanan Bodhisattva dalam kisah Jataka.",AUTO-119,https://kurikulum.kemendikdasmen.go.id/service/download.php?kategori=rujukan&id=119,superseded_pending_review
LO-PENDIDIKAN-KHUSUS-PENDIDIKAN-AGAMA-BUDDHA-DAN-BUDI-PEKERTI-A-1.2,SD,A,Pendidikan Khusus Pendidikan Agama Buddha dan Budi Pekerti,Ritual,"Memahami kegiatan ibadah, keragaman identitas, dan simbol-simbol keagamaan Buddha serta agama dan kepercayaan lain di lingkungan rumah dan satuan pendidikannya.",AUTO-119,https://kurikulum.kemendikdasmen.go.id/service/download.php?kategori=rujukan&id=119,superseded_pending_review
LO-PENDIDIKAN-KHUSUS-PENDIDIKAN-AGAMA-BUDDHA-DAN-BUDI-PEKERTI-A-1.3,SD,A,Pendidikan Khusus Pendidikan Agama Buddha dan Budi Pekerti,Etika,Memahami empat kesunyataan mulia dan sopan santun di lingkungan rumah dan satuan pendidikannya melalui pembelajaran yang dilakukan berdasarkan pengkondisian ramah anak serta mencerminkan kehidupan yang moderat.,AUTO-119,https://kurikulum.kemendikdasmen.go.id/service/download.php?kategori=rujukan&id=119,superseded_pending_review
LO-PENDIDIKAN-KHUSUS-PENDIDIKAN-AGAMA-BUDDHA-DAN-BUDI-PEKERTI-B-2.1,SD,B,Pendidikan Khusus Pendidikan Agama Buddha dan Budi Pekerti,Sejarah,Memahami identitas Buddha Sakyamuni sebagai dasar keyakinan terhadap agama Buddha dan memiliki keterbukaan untuk menghargai perbedaan identitas dan budaya orang lain di lingkungan tempat tinggalnya.,AUTO-119,https://kurikulum.kemendikdasmen.go.id/service/download.php?kategori=rujukan&id=119,superseded_pending_review
LO-PENDIDIKAN-KHUSUS-PENDIDIKAN-AGAMA-BUDDHA-DAN-BUDI-PEKERTI-B-2.2,SD,B,Pendidikan Khusus Pendidikan Agama Buddha dan Budi Pekerti,Ritual,Memahami hidup berkesadaran dalam kegiatan sehari-hari berdasarkan keyakinan kepada Ketuhanan Yang Maha Esa dan Triratna.,AUTO-119,https://kurikulum.kemendikdasmen.go.id/service/download.php?kategori=rujukan&id=119,superseded_pending_review
LO-PENDIDIKAN-KHUSUS-PENDIDIKAN-AGAMA-BUDDHA-DAN-BUDI-PEKERTI-B-2.3,SD,B,Pendidikan Khusus Pendidikan Agama Buddha dan Budi Pekerti,Etika,Memahami hukum karma dan mengamalkan sikap tolong menolong antar sesama di lingkungan rumah dan satuan pendidikan melalui pembelajaran yang dilakukan berdasarkan pengkondisian ramah anak serta mencerminkan kehidupan yang moderat.,AUTO-119,https://kurikulum.kemendikdasmen.go.id/service/download.php?kategori=rujukan&id=119,superseded_pending_review
LO-PENDIDIKAN-KHUSUS-PENDIDIKAN-AGAMA-BUDDHA-DAN-BUDI-PEKERTI-C-3.1,SD,C,Pendidikan Khusus Pendidikan Agama Buddha dan Budi Pekerti,Sejarah,Memahami sejarah kitab suci agama Buddha.,AUTO-119,https://kurikulum.kemendikdasmen.go.id/service/download.php?kategori=rujukan&id=119,superseded_pending_review
LO-PENDIDIKAN-KHUSUS-PENDIDIKAN-AGAMA-BUDDHA-DAN-BUDI-PEKERTI-C-3.2,SD,C,Pendidikan Khusus Pendidikan Agama Buddha dan Budi Pekerti,Ritual,Memahami keragaman upacara perayaan (hari besar).,AUTO-119,https://kurikulum.kemendikdasmen.go.id/service/download.php?kategori=rujukan&id=119,superseded_pending_review
LO-PENDIDIKAN-KHUSUS-PENDIDIKAN-AGAMA-BUDDHA-DAN-BUDI-PEKERTI-C-3.3,SD,C,Pendidikan Khusus Pendidikan Agama Buddha dan Budi Pekerti,Etika,Memahami hukum kelahiran kembali melalui pembelajaran yang dilakukan berdasarkan pengondisian ramah anak serta mencerminkan kehidupan yang moderat,AUTO-119,https://kurikulum.kemendikdasmen.go.id/service/download.php?kategori=rujukan&id=119,superseded_pending_review
LO-PENDIDIKAN-KHUSUS-PENDIDIKAN-AGAMA-BUDDHA-DAN-BUDI-PEKERTI-D-4.1,SMP,D,Pendidikan Khusus Pendidikan Agama Buddha dan Budi Pekerti,Sejarah,"Memahami sifat-sifat Buddha Sakyamuni, siswa-siswa utama, dan tokoh Buddhis inspiratif dikaitkan dengan perilaku diri sendiri, kepada sesama manusia, masyarakat, dan lingkungan sekitar.",AUTO-119,https://kurikulum.kemendikdasmen.go.id/service/download.php?kategori=rujukan&id=119,superseded_pending_review
LO-PENDIDIKAN-KHUSUS-PENDIDIKAN-AGAMA-BUDDHA-DAN-BUDI-PEKERTI-D-4.2,SMP,D,Pendidikan Khusus Pendidikan Agama Buddha dan Budi Pekerti,Ritual,"Memahami dan menghargai tempat-tempat ziarah agama Buddha, dan agama serta kepercayaan lain dengan melakukan ziarah ke tempat suci Agama Buddha, dan kunjungan ke tempat ibadah agama dan kepercayaan lain.",AUTO-119,https://kurikulum.kemendikdasmen.go.id/service/download.php?kategori=rujukan&id=119,superseded_pending_review
LO-PENDIDIKAN-KHUSUS-PENDIDIKAN-AGAMA-BUDDHA-DAN-BUDI-PEKERTI-D-4.3,SMP,D,Pendidikan Khusus Pendidikan Agama Buddha dan Budi Pekerti,Etika,Memahami hukum tiga corak umum melalui kondisi belajar yang ramah anak dan implementasi sikap moderasi beragama yang berdampak terhadap tumbuhnya karakter Buddhis melalui pembelajaran yang dilakukan berdasarkan pengkondisian ramah anak serta mencerminkan kehidupan yang moderat.,AUTO-119,https://kurikulum.kemendikdasmen.go.id/service/download.php?kategori=rujukan&id=119,superseded_pending_review
LO-PENDIDIKAN-KHUSUS-PENDIDIKAN-AGAMA-BUDDHA-DAN-BUDI-PEKERTI-E-5.1,SMA,E,Pendidikan Khusus Pendidikan Agama Buddha dan Budi Pekerti,Sejarah,Memahami sejarah penyiaran agama Buddha dan diri sendiri sebagai bagian agama Buddha sebagai harmoni antara nilai-nilai agama Buddha dan kearifan lokal.,AUTO-119,https://kurikulum.kemendikdasmen.go.id/service/download.php?kategori=rujukan&id=119,superseded_pending_review
LO-PENDIDIKAN-KHUSUS-PENDIDIKAN-AGAMA-BUDDHA-DAN-BUDI-PEKERTI-E-5.2,SMA,E,Pendidikan Khusus Pendidikan Agama Buddha dan Budi Pekerti,Ritual,Memahami upacara keagamaan Buddha dengan menggunakan sarana ritual dan upacara yang beragama dalam kehidupan bermasyarakat berdasarkan Buddha Dharma.,AUTO-119,https://kurikulum.kemendikdasmen.go.id/service/download.php?kategori=rujukan&id=119,superseded_pending_review
LO-PENDIDIKAN-KHUSUS-PENDIDIKAN-AGAMA-BUDDHA-DAN-BUDI-PEKERTI-E-5.3,SMA,E,Pendidikan Khusus Pendidikan Agama Buddha dan Budi Pekerti,Etika,Memahami hukum niyama dalam agama Buddha sebagai dasar dalam memaknai fenomena dan masalah kehidupan terkait ilmu pengetahuan dan teknologi melalui pembelajaran yang dilakukan berdasarkan pengondisian ramah anak serta mencerminkan kehidupan yang moderat.,AUTO-119,https://kurikulum.kemendikdasmen.go.id/service/download.php?kategori=rujukan&id=119,superseded_pending_review
LO-PENDIDIKAN-KHUSUS-PENDIDIKAN-AGAMA-BUDDHA-DAN-BUDI-PEKERTI-F-6.1,SMA,F,Pendidikan Khusus Pendidikan Agama Buddha dan Budi Pekerti,Sejarah,Memahami kisah penyokong kehidupan Buddha dan Pelaku Sejarah Buddhis lokal maupun nasional.,AUTO-119,https://kurikulum.kemendikdasmen.go.id/service/download.php?kategori=rujukan&id=119,superseded_pending_review
LO-PENDIDIKAN-KHUSUS-PENDIDIKAN-AGAMA-BUDDHA-DAN-BUDI-PEKERTI-F-6.2,SMA,F,Pendidikan Khusus Pendidikan Agama Buddha dan Budi Pekerti,Ritual,"Memahami diri dalam menjalankan tradisi aliran agama Buddha sebagai wujud individu yang beragama dalam kehidupan bermasyarakat, berbangsa, dan bernegara.",AUTO-119,https://kurikulum.kemendikdasmen.go.id/service/download.php?kategori=rujukan&id=119,superseded_pending_review
LO-PENDIDIKAN-KHUSUS-PENDIDIKAN-AGAMA-BUDDHA-DAN-BUDI-PEKERTI-F-6.3,SMA,F,Pendidikan Khusus Pendidikan Agama Buddha dan Budi Pekerti,Etika,Memahami hukum sebab-musabab yang saling bergantungan melalui pembelajaran yang dilakukan berdasarkan pengkondisian ramah anak serta mencerminkan kehidupan yang moderat.,AUTO-119,https://kurikulum.kemendikdasmen.go.id/service/download.php?kategori=rujukan&id=119,superseded_pending_review
LO-PENDIDIKAN-KHUSUS-PENDIDIKAN-AGAMA-KHONGHUCU-DAN-BUDI-PEKERTI-A-1.1,SD,A,Pendidikan Khusus Pendidikan Agama Khonghucu dan Budi Pekerti,Sejarah Suci,Memahami keteladanan masa kecil Nabi K ŏ ngz ĭ ( 孔子 ),AUTO-119,https://kurikulum.kemendikdasmen.go.id/service/download.php?kategori=rujukan&id=119,superseded_pending_review
LO-PENDIDIKAN-KHUSUS-PENDIDIKAN-AGAMA-KHONGHUCU-DAN-BUDI-PEKERTI-A-1.2,SD,A,Pendidikan Khusus Pendidikan Agama Khonghucu dan Budi Pekerti,Kitab Suci,Memahami Sìsh ū ( 四 书 ) dan W ŭ j ī ng ( 五 经 ) adalah kitab suci agama Khonghucu.,AUTO-119,https://kurikulum.kemendikdasmen.go.id/service/download.php?kategori=rujukan&id=119,superseded_pending_review
LO-PENDIDIKAN-KHUSUS-PENDIDIKAN-AGAMA-KHONGHUCU-DAN-BUDI-PEKERTI-A-1.3,SD,A,Pendidikan Khusus Pendidikan Agama Khonghucu dan Budi Pekerti,Keimanan,Memahami Tian Maha Pencipta dan orang tua sebagai wakil Ti ā n ( 天 ) di dunia.,AUTO-119,https://kurikulum.kemendikdasmen.go.id/service/download.php?kategori=rujukan&id=119,superseded_pending_review
LO-PENDIDIKAN-KHUSUS-PENDIDIKAN-AGAMA-KHONGHUCU-DAN-BUDI-PEKERTI-A-1.4,SD,A,Pendidikan Khusus Pendidikan Agama Khonghucu dan Budi Pekerti,Tata Ibadah,Memahami sikap bào x ī n b ā dé ( 抱心八德 ) dan bào tàijí b ā dé ( 抱太極八德 ).,AUTO-119,https://kurikulum.kemendikdasmen.go.id/service/download.php?kategori=rujukan&id=119,superseded_pending_review
LO-PENDIDIKAN-KHUSUS-PENDIDIKAN-AGAMA-KHONGHUCU-DAN-BUDI-PEKERTI-A-1.5,SD,A,Pendidikan Khusus Pendidikan Agama Khonghucu dan Budi Pekerti,Perilaku Junzi ( 君子 ),Memahami merawat tubuh sebagai awal laku bakti kepada orang tua.,AUTO-119,https://kurikulum.kemendikdasmen.go.id/service/download.php?kategori=rujukan&id=119,superseded_pending_review
LO-PENDIDIKAN-KHUSUS-PENDIDIKAN-AGAMA-KHONGHUCU-DAN-BUDI-PEKERTI-B-2.1,SD,B,Pendidikan Khusus Pendidikan Agama Khonghucu dan Budi Pekerti,Sejarah Suci,Memahami keteladanan tokoh-tokoh agama Khonghucu.,AUTO-119,https://kurikulum.kemendikdasmen.go.id/service/download.php?kategori=rujukan&id=119,superseded_pending_review
LO-PENDIDIKAN-KHUSUS-PENDIDIKAN-AGAMA-KHONGHUCU-DAN-BUDI-PEKERTI-B-2.2,SD,B,Pendidikan Khusus Pendidikan Agama Khonghucu dan Budi Pekerti,Kitab Suci,Memahami ayat suci tentang perilaku bakti kepada orang tua.,AUTO-119,https://kurikulum.kemendikdasmen.go.id/service/download.php?kategori=rujukan&id=119,superseded_pending_review
LO-PENDIDIKAN-KHUSUS-PENDIDIKAN-AGAMA-KHONGHUCU-DAN-BUDI-PEKERTI-B-2.3,SD,B,Pendidikan Khusus Pendidikan Agama Khonghucu dan Budi Pekerti,Keimanan,Memahami Ti ā n ( 天 ) Yang Maha Pemberkah dan Nabi K ŏ ngz ĭ ( 孔子 ) sebagai pembimbing hidup umat manusia.,AUTO-119,https://kurikulum.kemendikdasmen.go.id/service/download.php?kategori=rujukan&id=119,superseded_pending_review
LO-PENDIDIKAN-KHUSUS-PENDIDIKAN-AGAMA-KHONGHUCU-DAN-BUDI-PEKERTI-B-2.4,SD,B,Pendidikan Khusus Pendidikan Agama Khonghucu dan Budi Pekerti,Tata Ibadah,Memahami doa dan sembahyang syukur kepada Ti ā n ( 天 ).,AUTO-119,https://kurikulum.kemendikdasmen.go.id/service/download.php?kategori=rujukan&id=119,superseded_pending_review
LO-PENDIDIKAN-KHUSUS-PENDIDIKAN-AGAMA-KHONGHUCU-DAN-BUDI-PEKERTI-B-2.5,SD,B,Pendidikan Khusus Pendidikan Agama Khonghucu dan Budi Pekerti,Perilaku Junzi ( 君子 ),Memahami membangun hubungan dengan orang tua (fùz ĭ 父子 ) dan sahabat (péngy ŏ u 朋友 ).,AUTO-119,https://kurikulum.kemendikdasmen.go.id/service/download.php?kategori=rujukan&id=119,superseded_pending_review
LO-PENDIDIKAN-KHUSUS-PENDIDIKAN-AGAMA-KHONGHUCU-DAN-BUDI-PEKERTI-C-3.1,SD,C,Pendidikan Khusus Pendidikan Agama Khonghucu dan Budi Pekerti,Sejarah Suci,Memahami keteladanan Raja Suci Yú Shún ( 虞 舜 ).,AUTO-119,https://kurikulum.kemendikdasmen.go.id/service/download.php?kategori=rujukan&id=119,superseded_pending_review
LO-PENDIDIKAN-KHUSUS-PENDIDIKAN-AGAMA-KHONGHUCU-DAN-BUDI-PEKERTI-C-3.2,SD,C,Pendidikan Khusus Pendidikan Agama Khonghucu dan Budi Pekerti,Kitab Suci,Memahami ayat suci tentang bakti (xiào 孝 ) dan rendah hati (tì 悌 ).,AUTO-119,https://kurikulum.kemendikdasmen.go.id/service/download.php?kategori=rujukan&id=119,superseded_pending_review
LO-PENDIDIKAN-KHUSUS-PENDIDIKAN-AGAMA-KHONGHUCU-DAN-BUDI-PEKERTI-C-3.3,SD,C,Pendidikan Khusus Pendidikan Agama Khonghucu dan Budi Pekerti,Keimanan,Memahami bumi/alam semesta (dì 地 ) sebagai sarana hidup yang harus dijaga.,AUTO-119,https://kurikulum.kemendikdasmen.go.id/service/download.php?kategori=rujukan&id=119,superseded_pending_review
LO-PENDIDIKAN-KHUSUS-PENDIDIKAN-AGAMA-KHONGHUCU-DAN-BUDI-PEKERTI-C-3.4,SD,C,Pendidikan Khusus Pendidikan Agama Khonghucu dan Budi Pekerti,Tata Ibadah,Memahami sembahyang leluhur,AUTO-119,https://kurikulum.kemendikdasmen.go.id/service/download.php?kategori=rujukan&id=119,superseded_pending_review
LO-PENDIDIKAN-KHUSUS-PENDIDIKAN-AGAMA-KHONGHUCU-DAN-BUDI-PEKERTI-C-3.5,SD,C,Pendidikan Khusus Pendidikan Agama Khonghucu dan Budi Pekerti,Perilaku Junzi ( 君子 ),Memahami kedudukannya dalam hubungan dengan orang tua (fùz ĭ 父子 ) dan sahabat (péngy ŏ u 朋友 ).,AUTO-119,https://kurikulum.kemendikdasmen.go.id/service/download.php?kategori=rujukan&id=119,superseded_pending_review
LO-PENDIDIKAN-KHUSUS-PENDIDIKAN-AGAMA-KHONGHUCU-DAN-BUDI-PEKERTI-D-4.1,SMP,D,Pendidikan Khusus Pendidikan Agama Khonghucu dan Budi Pekerti,Sejarah Suci,Memahami keteladanan murid Nabi K ŏ ngz ĭ ( 孔 子 ).,AUTO-119,https://kurikulum.kemendikdasmen.go.id/service/download.php?kategori=rujukan&id=119,superseded_pending_review
LO-PENDIDIKAN-KHUSUS-PENDIDIKAN-AGAMA-KHONGHUCU-DAN-BUDI-PEKERTI-D-4.2,SMP,D,Pendidikan Khusus Pendidikan Agama Khonghucu dan Budi Pekerti,Kitab Suci,"Memahami ayat suci tentang satya (zhong 忠 ), dapat dipercaya (xìn 信 ) dan empat pantangan (sìwù 四勿 ).",AUTO-119,https://kurikulum.kemendikdasmen.go.id/service/download.php?kategori=rujukan&id=119,superseded_pending_review
LO-PENDIDIKAN-KHUSUS-PENDIDIKAN-AGAMA-KHONGHUCU-DAN-BUDI-PEKERTI-D-4.3,SMP,D,Pendidikan Khusus Pendidikan Agama Khonghucu dan Budi Pekerti,Keimanan,Memahami Manusia (rén 人 ) dan konsep leluhur.,AUTO-119,https://kurikulum.kemendikdasmen.go.id/service/download.php?kategori=rujukan&id=119,superseded_pending_review
LO-PENDIDIKAN-KHUSUS-PENDIDIKAN-AGAMA-KHONGHUCU-DAN-BUDI-PEKERTI-D-4.4,SMP,D,Pendidikan Khusus Pendidikan Agama Khonghucu dan Budi Pekerti,Tata Ibadah,"Memahami sembahyang kepada Tian, Nabi, para shénmíng ( 神明 ), dan leluhur.",AUTO-119,https://kurikulum.kemendikdasmen.go.id/service/download.php?kategori=rujukan&id=119,superseded_pending_review
LO-PENDIDIKAN-KHUSUS-PENDIDIKAN-AGAMA-KHONGHUCU-DAN-BUDI-PEKERTI-D-4.5,SMP,D,Pendidikan Khusus Pendidikan Agama Khonghucu dan Budi Pekerti,Perilaku Junzi ( 君子 ),"Memahami kedudukannya dalam hubungan dengan orang tua (fùz ĭ 父子 ), keluarga besar, dan sahabat (péngy ŏ u 朋友 ).",AUTO-119,https://kurikulum.kemendikdasmen.go.id/service/download.php?kategori=rujukan&id=119,superseded_pending_review
LO-PENDIDIKAN-KHUSUS-PENDIDIKAN-AGAMA-KHONGHUCU-DAN-BUDI-PEKERTI-E-5.1,SMA,E,Pendidikan Khusus Pendidikan Agama Khonghucu dan Budi Pekerti,Sejarah Suci,Memahami keteladanan Nabi K ŏ ngz ĭ ( 孔子 ) pada masa dewasa.,AUTO-119,https://kurikulum.kemendikdasmen.go.id/service/download.php?kategori=rujukan&id=119,superseded_pending_review
LO-PENDIDIKAN-KHUSUS-PENDIDIKAN-AGAMA-KHONGHUCU-DAN-BUDI-PEKERTI-E-5.2,SMA,E,Pendidikan Khusus Pendidikan Agama Khonghucu dan Budi Pekerti,Kitab Suci,Memahami ayat suci tentang susila (l ĭ 禮 ) dan menjunjung kebenaran (yì 義 ).,AUTO-119,https://kurikulum.kemendikdasmen.go.id/service/download.php?kategori=rujukan&id=119,superseded_pending_review
LO-PENDIDIKAN-KHUSUS-PENDIDIKAN-AGAMA-KHONGHUCU-DAN-BUDI-PEKERTI-E-5.3,SMA,E,Pendidikan Khusus Pendidikan Agama Khonghucu dan Budi Pekerti,Keimanan,Memahami konsep shénmíng ( 神明 ).,AUTO-119,https://kurikulum.kemendikdasmen.go.id/service/download.php?kategori=rujukan&id=119,superseded_pending_review
LO-PENDIDIKAN-KHUSUS-PENDIDIKAN-AGAMA-KHONGHUCU-DAN-BUDI-PEKERTI-E-5.4,SMA,E,Pendidikan Khusus Pendidikan Agama Khonghucu dan Budi Pekerti,Tata Ibadah,Memahami tempat ibadah agama Khonghucu.,AUTO-119,https://kurikulum.kemendikdasmen.go.id/service/download.php?kategori=rujukan&id=119,superseded_pending_review
LO-PENDIDIKAN-KHUSUS-PENDIDIKAN-AGAMA-KHONGHUCU-DAN-BUDI-PEKERTI-E-5.5,SMA,E,Pendidikan Khusus Pendidikan Agama Khonghucu dan Budi Pekerti,Perilaku Junzi ( 君子 ),"Memahami kedudukannya dalam hubungan dengan sahabat (péngy ŏ u 朋友 ) berkaitan dengan sikap tanggung jawab, empati, dan gotong royong.",AUTO-119,https://kurikulum.kemendikdasmen.go.id/service/download.php?kategori=rujukan&id=119,superseded_pending_review
LO-PENDIDIKAN-KHUSUS-PENDIDIKAN-AGAMA-KHONGHUCU-DAN-BUDI-PEKERTI-F-6.1,SMA,F,Pendidikan Khusus Pendidikan Agama Khonghucu dan Budi Pekerti,Sejarah Suci,Memahami Nabi Kongzi sebagai Ti ā n Zh ī Mùduó ( 天之木 鐸 ).,AUTO-119,https://kurikulum.kemendikdasmen.go.id/service/download.php?kategori=rujukan&id=119,superseded_pending_review
LO-PENDIDIKAN-KHUSUS-PENDIDIKAN-AGAMA-KHONGHUCU-DAN-BUDI-PEKERTI-F-6.2,SMA,F,Pendidikan Khusus Pendidikan Agama Khonghucu dan Budi Pekerti,Kitab Suci,"Memahami ayat suci tentang suci hati (lián 廉 ) dan tahu malu (ch ĭ 恥 ), tiga kesukaan yang membawa faedah dan tiga kesukaan yang membawa celaka.",AUTO-119,https://kurikulum.kemendikdasmen.go.id/service/download.php?kategori=rujukan&id=119,superseded_pending_review
LO-PENDIDIKAN-KHUSUS-PENDIDIKAN-AGAMA-KHONGHUCU-DAN-BUDI-PEKERTI-F-6.3,SMA,F,Pendidikan Khusus Pendidikan Agama Khonghucu dan Budi Pekerti,Keimanan,Memahami makna X ī nnián 新年 (Hari Raya Tahun Baru Kongzili).,AUTO-119,https://kurikulum.kemendikdasmen.go.id/service/download.php?kategori=rujukan&id=119,superseded_pending_review
LO-PENDIDIKAN-KHUSUS-PENDIDIKAN-AGAMA-KHONGHUCU-DAN-BUDI-PEKERTI-F-6.4,SMA,F,Pendidikan Khusus Pendidikan Agama Khonghucu dan Budi Pekerti,Tata Ibadah,Memahami persembahyangan kepada para shénmíng ( 神明 ).,AUTO-119,https://kurikulum.kemendikdasmen.go.id/service/download.php?kategori=rujukan&id=119,superseded_pending_review
LO-PENDIDIKAN-KHUSUS-PENDIDIKAN-AGAMA-KHONGHUCU-DAN-BUDI-PEKERTI-F-6.5,SMA,F,Pendidikan Khusus Pendidikan Agama Khonghucu dan Budi Pekerti,Perilaku Junzi ( 君子 ),Memahami kedudukannya dalam hubungan dengan sahabat/péngy ŏ u ( 朋友 ) berkaitan dengan pluralisme.,AUTO-119,https://kurikulum.kemendikdasmen.go.id/service/download.php?kategori=rujukan&id=119,superseded_pending_review
LO-PENDIDIKAN-KHUSUS-PENDIDIKAN-PANCASILA-A-1.1,SD,A,Pendidikan Khusus Pendidikan Pancasila,Pancasila,"Mempraktikkan dan membiasakan berperilaku sesuai sila-sila Pancasila di lingkungan satuan pendidikan (toleransi, tolong menolong, bersatu, musyawarah, menyatakan pendapat, empati, dan lainnya).",AUTO-119,https://kurikulum.kemendikdasmen.go.id/service/download.php?kategori=rujukan&id=119,extracted_machine
LO-PENDIDIKAN-KHUSUS-PENDIDIKAN-PANCASILA-A-1.2,SD,A,Pendidikan Khusus Pendidikan Pancasila,Undang-Undang Dasar Negara Republik Indonesia Tahun 1945,"Mempraktikkan dan membiasakan menerima pemenuhan hak, melaksanakan kewajiban serta perilaku sesuai aturan di lingkungan alam dan negara. Membiasakan menjaga diri dari perundungan warga rumah, masyarakat dan sosial sekitar sebagai warga dan kekerasan seksual sebagai hak satuan pendidikan, negara.",AUTO-119,https://kurikulum.kemendikdasmen.go.id/service/download.php?kategori=rujukan&id=119,extracted_machine
LO-PENDIDIKAN-KHUSUS-PENDIDIKAN-PANCASILA-A-1.3,SD,A,Pendidikan Khusus Pendidikan Pancasila,Bhinneka Tunggal Ika,"Mengenal, menerima dan menghargai identitas diri dan keluarga, jenis kelamin, hobi, bahasa, suku serta agama dan kepercayaan di lingkungan satuan pendidikan. Mengenal semboyan Bhinneka Tunggal Ika.",AUTO-119,https://kurikulum.kemendikdasmen.go.id/service/download.php?kategori=rujukan&id=119,extracted_machine
LO-PENDIDIKAN-KHUSUS-PENDIDIKAN-PANCASILA-A-1.4,SD,A,Pendidikan Khusus Pendidikan Pancasila,Negara Kesatuan Republik Indonesia,"Menyanyikan Lagu Kebangsaan Indonesia Raya dan lagu wajib nasional. Mempraktikkan dan membiasakan berperilaku hormat kepada bendera merah putih. Mempraktikkan dan membiasakan berbahasa Indonesia di lingkungan satuan pendidikan. Mempraktikkan dan membiasakan sikap, perilaku menjaga lingkungan di satuan pendidikan. Menunjukkan sikap cinta tanah air dan kerjasama dalam keberagaman.",AUTO-119,https://kurikulum.kemendikdasmen.go.id/service/download.php?kategori=rujukan&id=119,extracted_machine
LO-PENDIDIKAN-KHUSUS-PENDIDIKAN-PANCASILA-B-2.1,SD,B,Pendidikan Khusus Pendidikan Pancasila,Pancasila,"Mempraktikkan dan membiasakan berperilaku sesuai sila-sila Pancasila di lingkungan satuan pendidikan (toleransi, tolong menolong, bersatu, musyawarah, menyatakan pendapat, empati, dan lainnya).",AUTO-119,https://kurikulum.kemendikdasmen.go.id/service/download.php?kategori=rujukan&id=119,extracted_machine
LO-PENDIDIKAN-KHUSUS-PENDIDIKAN-PANCASILA-B-2.2,SD,B,Pendidikan Khusus Pendidikan Pancasila,Undang-Undang Dasar Negara Republik Indonesia Tahun 1945,"Mempraktikkan dan membiasakan menerima pemenuhan hak, melaksanakan kewajiban serta perilaku sesuai aturan di lingkungan alam dan sosial sekitar sebagai warga negara. Membiasakan menjaga diri dari perundungan dan kekerasan seksual sebagai hak warga satuan pendidikan, rumah, masyarakat, dan negara.",AUTO-119,https://kurikulum.kemendikdasmen.go.id/service/download.php?kategori=rujukan&id=119,extracted_machine
LO-PENDIDIKAN-KHUSUS-PENDIDIKAN-PANCASILA-B-2.3,SD,B,Pendidikan Khusus Pendidikan Pancasila,Bhinneka Tunggal Ika,"Mengenal, menerima, dan menghargai identitas diri dan keluarga, jenis kelamin, hobi, bahasa, suku serta agama dan kepercayaan di lingkungan satuan pendidikan. Mengenal semboyan Bhinneka Tunggal Ika.",AUTO-119,https://kurikulum.kemendikdasmen.go.id/service/download.php?kategori=rujukan&id=119,extracted_machine
LO-PENDIDIKAN-KHUSUS-PENDIDIKAN-PANCASILA-B-2.4,SD,B,Pendidikan Khusus Pendidikan Pancasila,Negara Kesatuan Republik Indonesia,"Menyanyikan Lagu Kebangsaan Indonesia Raya dan lagu wajib nasional. Mempraktikkan dan membiasakan berperilaku hormat kepada bendera merah putih. Mempraktikkan dan membiasakan berbahasa Indonesia di lingkungan satuan pendidikan. Mempraktikkan dan membiasakan sikap, perilaku menjaga lingkungan di satuan pendidikan. Menunjukkan sikap cinta tanah air dan kerjasama dalam keberagaman.",AUTO-119,https://kurikulum.kemendikdasmen.go.id/service/download.php?kategori=rujukan&id=119,extracted_machine
LO-PENDIDIKAN-KHUSUS-PENDIDIKAN-PANCASILA-C-3.1,SD,C,Pendidikan Khusus Pendidikan Pancasila,Pancasila,"Mempraktikkan dan membiasakan berperilaku sesuai sila-sila Pancasila di lingkungan satuan pendidikan dan rumah (toleransi, tolong menolong, bersatu, musyawarah, menyatakan pendapat, empati, dan lainnya).",AUTO-119,https://kurikulum.kemendikdasmen.go.id/service/download.php?kategori=rujukan&id=119,extracted_machine
LO-PENDIDIKAN-KHUSUS-PENDIDIKAN-PANCASILA-C-3.2,SD,C,Pendidikan Khusus Pendidikan Pancasila,Undang-Undang Dasar Negara Republik Indonesia Tahun 1945,"Mempraktikkan dan membiasakan menerima pemenuhan hak, melaksanakan kewajiban serta perilaku sesuai aturan di lingkungan alam dan negara. Membiasakan menjaga diri dari perundungan warga rumah, masyarakat dan sosial sekitar sebagai warga dan kekerasan seksual sebagai hak satuan pendidikan, negara.",AUTO-119,https://kurikulum.kemendikdasmen.go.id/service/download.php?kategori=rujukan&id=119,extracted_machine
LO-PENDIDIKAN-KHUSUS-PENDIDIKAN-PANCASILA-C-3.3,SD,C,Pendidikan Khusus Pendidikan Pancasila,Bhinneka Tunggal Ika,"Mengenal, menerima, dan menghargai identitas diri dan keluarga, jenis kelamin, hobi, bahasa, suku serta agama dan kepercayaan di lingkungan satuan pendidikan. Mengenal semboyan Bhinneka Tunggal Ika.",AUTO-119,https://kurikulum.kemendikdasmen.go.id/service/download.php?kategori=rujukan&id=119,extracted_machine
LO-PENDIDIKAN-KHUSUS-PENDIDIKAN-PANCASILA-C-3.4,SD,C,Pendidikan Khusus Pendidikan Pancasila,Negara Kesatuan Republik Indonesia,"Menyanyikan Lagu Kebangsaan Indonesia Raya dan lagu wajib nasional. Mempraktikkan dan membiasakan berperilaku hormat kepada bendera merah putih. Mempraktikkan dan membiasakan berbahasa Indonesia di lingkungan satuan pendidikan. Mempraktikkan dan membiasakan sikap, perilaku menjaga lingkungan di satuan pendidikan. Menunjukkan sikap cinta tanah air dan kerjasama dalam keberagaman. Mengenal pulau-pulau besar di Indonesia.",AUTO-119,https://kurikulum.kemendikdasmen.go.id/service/download.php?kategori=rujukan&id=119,extracted_machine
LO-PENDIDIKAN-KHUSUS-PENDIDIKAN-PANCASILA-D-4.1,SMP,D,Pendidikan Khusus Pendidikan Pancasila,Pancasila,"Mempraktikkan dan membiasakan berperilaku sesuai sila-sila Pancasila di lingkungan satuan pendidikan, rumah dan lingkungan sekitar (toleransi, tolong menolong, bersatu, musyawarah, menyatakan pendapat, empati, dan lainnya).",AUTO-119,https://kurikulum.kemendikdasmen.go.id/service/download.php?kategori=rujukan&id=119,extracted_machine
LO-PENDIDIKAN-KHUSUS-PENDIDIKAN-PANCASILA-D-4.2,SMP,D,Pendidikan Khusus Pendidikan Pancasila,Undang-Undang Dasar Negara Republik Indonesia Tahun 1945,"Mempraktikkan dan membiasakan menerima pemenuhan hak, melaksanakan kewajiban serta perilaku sesuai aturan di lingkungan alam dan sosial sekitar sebagai warga negara. Membiasakan menjaga diri dari perundungan dan kekerasan seksual sebagai hak warga satuan pendidikan, rumah, masyarakat dan negara.",AUTO-119,https://kurikulum.kemendikdasmen.go.id/service/download.php?kategori=rujukan&id=119,extracted_machine
LO-PENDIDIKAN-KHUSUS-PENDIDIKAN-PANCASILA-D-4.3,SMP,D,Pendidikan Khusus Pendidikan Pancasila,Bhinneka Tunggal Ika,"Membedakan dan menunjukkan sikap menghargai, keberagaman di lingkungan satuan pendidikan, rumah dan lingkungan sekitar. Mengenal semboyan Bhinneka Tunggal Ika.",AUTO-119,https://kurikulum.kemendikdasmen.go.id/service/download.php?kategori=rujukan&id=119,extracted_machine
LO-PENDIDIKAN-KHUSUS-PENDIDIKAN-PANCASILA-D-4.4,SMP,D,Pendidikan Khusus Pendidikan Pancasila,Negara Kesatuan Republik Indonesia,"Menyanyikan Lagu Kebangsaan Indonesia Raya dan lagu wajib nasional. Mempraktikkan dan membiasakan berperilaku hormat kepada bendera merah putih. Mempraktikkan dan membiasakan berbahasa Indonesia di lingkungan satuan pendidikan. Mempraktikkan dan membiasakan sikap, perilaku menjaga lingkungan di satuan pendidikan. Menunjukkan sikap cinta tanah air dan kerjasama dalam keberagaman. Mengenal pulau-pulau besar di Indonesia dan proklamator.",AUTO-119,https://kurikulum.kemendikdasmen.go.id/service/download.php?kategori=rujukan&id=119,extracted_machine
LO-PENDIDIKAN-KHUSUS-PENDIDIKAN-PANCASILA-E-5.1,SMA,E,Pendidikan Khusus Pendidikan Pancasila,Pancasila,"Mempraktikkan dan membiasakan berperilaku sesuai sila-sila Pancasila di lingkungan satuan pendidikan, rumah dan masyarakat (toleransi, musyawarah, empati, dan lainnya). Mengenal lambang negara Garuda Pancasila dan tolong menolong, bersatu, menyatakan pendapat, hari lahir Pancasila.",AUTO-119,https://kurikulum.kemendikdasmen.go.id/service/download.php?kategori=rujukan&id=119,extracted_machine
LO-PENDIDIKAN-KHUSUS-PENDIDIKAN-PANCASILA-E-5.2,SMA,E,Pendidikan Khusus Pendidikan Pancasila,Undang-Undang Dasar Negara Republik Indonesia Tahun 1945,"Mempraktikkan dan membiasakan menerima pemenuhan hak, melaksanakan kewajiban serta perilaku sesuai aturan di lingkungan alam dan sosial sekitar sebagai warga negara. Membiasakan menjaga diri dari perundungan dan kekerasan seksual sebagai hak warga satuan pendidikan, rumah, masyarakat, dan negara",AUTO-119,https://kurikulum.kemendikdasmen.go.id/service/download.php?kategori=rujukan&id=119,extracted_machine
LO-PENDIDIKAN-KHUSUS-PENDIDIKAN-PANCASILA-E-5.3,SMA,E,Pendidikan Khusus Pendidikan Pancasila,Bhinneka Tunggal Ika,"Mengidentifikasi dan menghargai keberagaman suku, agama dan kepercayaan, di lingkungan satuan pendidikan, rumah dan masyarakat. Mengenal semboyan Bhinneka Tunggal Ika.",AUTO-119,https://kurikulum.kemendikdasmen.go.id/service/download.php?kategori=rujukan&id=119,extracted_machine
LO-PENDIDIKAN-KHUSUS-PENDIDIKAN-PANCASILA-E-5.4,SMA,E,Pendidikan Khusus Pendidikan Pancasila,Negara Kesatuan Republik Indonesia,"Menyanyikan Lagu Kebangsaan Indonesia Raya dan lagu wajib nasional. Membiasakan berperilaku hormat kepada bendera merah putih. Membiasakan berbahasa Indonesia di lingkungan satuan pendidikan, rumah, dan masyarakat. Mempraktikkan sikap dan perilaku gotong royong, menjaga lingkungan satuan pendidikan, rumah dan masyarakat untuk persatuan dan kesatuan. Menunjukkan sikap cinta tanah air di wilayahnya dalam konteks kabupaten/kota dan provinsi. Mengenal hari kemerdekaan Republik Indonesia, pulau-pulau besar di Indonesia, dan proklamator.",AUTO-119,https://kurikulum.kemendikdasmen.go.id/service/download.php?kategori=rujukan&id=119,extracted_machine
LO-PENDIDIKAN-KHUSUS-PENDIDIKAN-PANCASILA-F-6.1,SMA,F,Pendidikan Khusus Pendidikan Pancasila,Pancasila,"Mempraktikkan dan membiasakan berperilaku sesuai sila-sila Pancasila di lingkungan satuan pendidikan, rumah dan masyarakat (toleransi, tolong menolong, bersatu, musyawarah, menyatakan pendapat, empati, dan lainnya). Mengenal lambang negara Garuda Pancasila dan hari lahir Pancasila.",AUTO-119,https://kurikulum.kemendikdasmen.go.id/service/download.php?kategori=rujukan&id=119,extracted_machine
LO-PENDIDIKAN-KHUSUS-PENDIDIKAN-PANCASILA-F-6.2,SMA,F,Pendidikan Khusus Pendidikan Pancasila,Undang-Undang Dasar Negara Republik Indonesia Tahun 1945,"Mempraktikkan dan membiasakan menerima pemenuhan hak, melaksanakan kewajiban serta perilaku sesuai aturan di lingkungan alam dan sosial sekitar sebagai warga negara. Membiasakan menjaga diri dari perundungan dan kekerasan seksual sebagai hak warga satuan pendidikan, rumah, masyarakat, dan negara.",AUTO-119,https://kurikulum.kemendikdasmen.go.id/service/download.php?kategori=rujukan&id=119,extracted_machine
LO-PENDIDIKAN-KHUSUS-PENDIDIKAN-PANCASILA-F-6.3,SMA,F,Pendidikan Khusus Pendidikan Pancasila,Bhinneka Tunggal Ika,"Mengidentifikasi dan menghargai keberagaman suku, agama dan kepercayaan, di lingkungan, satuan pendidikan, rumah dan masyarakat. Mengenal semboyan Bhinneka Tunggal Ika",AUTO-119,https://kurikulum.kemendikdasmen.go.id/service/download.php?kategori=rujukan&id=119,extracted_machine
LO-PENDIDIKAN-KHUSUS-PENDIDIKAN-PANCASILA-F-6.4,SMA,F,Pendidikan Khusus Pendidikan Pancasila,Negara Kesatuan Republik Indonesia,"Menyanyikan Lagu Kebangsaan Indonesia Raya dan lagu wajib nasional. Membiasakan berperilaku hormat kepada bendera merah putih. Membiasakan berbahasa Indonesia di lingkungan satuan pendidikan, rumah, dan masyarakat. Mempraktikkan sikap dan perilaku gotong royong, menjaga lingkungan satuan pendidikan, rumah, dan masyarakat untuk keutuhan wilayah Negara Kesatuan Republik Indonesia. Menunjukkan sikap cinta tanah air di wilayahnya dalam konteks kabupaten/kota dan provinsi. Mengenal hari kemerdekaan Republik Indonesia, pulau-pulau besar di Indonesia, dan proklamator",AUTO-119,https://kurikulum.kemendikdasmen.go.id/service/download.php?kategori=rujukan&id=119,extracted_machine
LO-PENDIDIKAN-KHUSUS-BAHASA-INDONESIA-A-1.1,SD,A,Pendidikan Khusus Bahasa Indonesia,Menyimak,"Merespons perintah/arahan sederhana; dan memahami informasi dari teks aural ( teks yang dibacakan atau didengarkan), teks visual dan/atau teks audio visual.",AUTO-119,https://kurikulum.kemendikdasmen.go.id/service/download.php?kategori=rujukan&id=119,extracted_machine
LO-PENDIDIKAN-KHUSUS-BAHASA-INDONESIA-A-1.2,SD,A,Pendidikan Khusus Bahasa Indonesia,Membaca dan Memirsa,"Menerapkan pra-membaca (memegang buku, jarak mata dengan buku, cara membalik buku, dan memilih pencahayaan); dan membaca kata sederhana.",AUTO-119,https://kurikulum.kemendikdasmen.go.id/service/download.php?kategori=rujukan&id=119,extracted_machine
LO-PENDIDIKAN-KHUSUS-BAHASA-INDONESIA-A-1.3,SD,A,Pendidikan Khusus Bahasa Indonesia,Berbicara dan Mempresentasikan,Menerapkan pelafalan kata; merespons dengan bertanya jawab tentang topik sederhana; dan melakukan percakapan sederhana untuk mengungkapkan keinginan secara lisan dan/atau isyarat.,AUTO-119,https://kurikulum.kemendikdasmen.go.id/service/download.php?kategori=rujukan&id=119,extracted_machine
LO-PENDIDIKAN-KHUSUS-BAHASA-INDONESIA-A-1.4,SD,A,Pendidikan Khusus Bahasa Indonesia,Menulis,"Menerapkan pra-menulis (memegang alat tulis, menjiplak, menggambar, membuat coretan yang bermakna, menebalkan huruf dan menulis kata sederhana).",AUTO-119,https://kurikulum.kemendikdasmen.go.id/service/download.php?kategori=rujukan&id=119,extracted_machine
LO-PENDIDIKAN-KHUSUS-BAHASA-INDONESIA-B-2.1,SD,B,Pendidikan Khusus Bahasa Indonesia,Menyimak,Merespons perintah/arahan sederhana dengan menggunakan bahasa lisan atau isyarat; memahami pesan lisan atau informasi isi teks aural (teks yang dibacakan atau didengarkan) teks visual dan/atau teks audio visual.,AUTO-119,https://kurikulum.kemendikdasmen.go.id/service/download.php?kategori=rujukan&id=119,extracted_machine
LO-PENDIDIKAN-KHUSUS-BAHASA-INDONESIA-B-2.2,SD,B,Pendidikan Khusus Bahasa Indonesia,Membaca dan Memirsa,Membaca kata sederhana yang digunakan sehari-hari dengan fasih dari bacaan; dan membaca kata sederhana dari tayangan yang dipirsa dengan atau tanpa bantuan guru.,AUTO-119,https://kurikulum.kemendikdasmen.go.id/service/download.php?kategori=rujukan&id=119,extracted_machine
LO-PENDIDIKAN-KHUSUS-BAHASA-INDONESIA-B-2.3,SD,B,Pendidikan Khusus Bahasa Indonesia,Berbicara dan Mempresentasikan,Menerapkan pelafalan kata dari bacaan; merespon dengan bertanya jawab tentang sesuatu dengan santun; dan mampu menceritakan kembali isi bacaan.,AUTO-119,https://kurikulum.kemendikdasmen.go.id/service/download.php?kategori=rujukan&id=119,extracted_machine
LO-PENDIDIKAN-KHUSUS-BAHASA-INDONESIA-B-2.4,SD,B,Pendidikan Khusus Bahasa Indonesia,Menulis,Menulis kalimat sederhana dengan memperhatikan penggunaan tanda baca.,AUTO-119,https://kurikulum.kemendikdasmen.go.id/service/download.php?kategori=rujukan&id=119,extracted_machine
LO-PENDIDIKAN-KHUSUS-BAHASA-INDONESIA-C-3.1,SD,C,Pendidikan Khusus Bahasa Indonesia,Menyimak,Memahami instruksi sederhana secara lisan dan/atau isyarat; dan memahami pesan teks aural (teks yang dibacakan) dan/atau didengarkan berbentuk teks sastra.,AUTO-119,https://kurikulum.kemendikdasmen.go.id/service/download.php?kategori=rujukan&id=119,extracted_machine
LO-PENDIDIKAN-KHUSUS-BAHASA-INDONESIA-C-3.2,SD,C,Pendidikan Khusus Bahasa Indonesia,Membaca dan Memirsa,"Membaca nyaring kalimat sederhana dengan atau tanpa bantuan gambar/ilustrasi, dan memahami pesan dari teks sastra.",AUTO-119,https://kurikulum.kemendikdasmen.go.id/service/download.php?kategori=rujukan&id=119,extracted_machine
LO-PENDIDIKAN-KHUSUS-BAHASA-INDONESIA-C-3.3,SD,C,Pendidikan Khusus Bahasa Indonesia,Berbicara dan Mempresentasikan,"Merespon dengan menanggapi komentar orang lain (teman, guru, dan/atau orang dewasa) dengan baik dan santun dalam suatu percakapan; dan mampu menceritakan kembali isi berbagai tipe teks yang dibaca, dipirsa, atau didengar tentang diri, keluarga, kesehatan, dan/atau lingkungan sekitar secara lisan dan/atau isyarat.",AUTO-119,https://kurikulum.kemendikdasmen.go.id/service/download.php?kategori=rujukan&id=119,extracted_machine
LO-PENDIDIKAN-KHUSUS-BAHASA-INDONESIA-C-3.4,SD,C,Pendidikan Khusus Bahasa Indonesia,Menulis,"Menulis kalimat sederhana berbagai tipe teks tentang diri, keluarga, kesehatan, dan/atau lingkungan sekitar.",AUTO-119,https://kurikulum.kemendikdasmen.go.id/service/download.php?kategori=rujukan&id=119,extracted_machine
LO-PENDIDIKAN-KHUSUS-BAHASA-INDONESIA-D-4.1,SMP,D,Pendidikan Khusus Bahasa Indonesia,Menyimak,"Memahami isi berbagai tipe teks yang disajikan dalam bentuk teks aural (teks yang dibacakan dan/atau didengarkan), dan teks audio visual; dan mampu memahami isi teks aural berbentuk teks sastra.",AUTO-119,https://kurikulum.kemendikdasmen.go.id/service/download.php?kategori=rujukan&id=119,extracted_machine
LO-PENDIDIKAN-KHUSUS-BAHASA-INDONESIA-D-4.2,SMP,D,Pendidikan Khusus Bahasa Indonesia,Membaca dan Memirsa,Membaca lancar teks sederhana: dan membaca serta memahami kata- kata baru dari bacaan dan/atau tayangan yang dipirsa.,AUTO-119,https://kurikulum.kemendikdasmen.go.id/service/download.php?kategori=rujukan&id=119,extracted_machine
LO-PENDIDIKAN-KHUSUS-BAHASA-INDONESIA-D-4.3,SMP,D,Pendidikan Khusus Bahasa Indonesia,Berbicara dan Mempresentasikan,"Berbicara dengan pilihan kata, sikap/gesture yang santun dan tepat sesuai konteks; dan menceritakan kembali isi atau informasi dari berbagai tipe teks yang dibaca, dipirsa atau didengar.",AUTO-119,https://kurikulum.kemendikdasmen.go.id/service/download.php?kategori=rujukan&id=119,extracted_machine
LO-PENDIDIKAN-KHUSUS-BAHASA-INDONESIA-D-4.4,SMP,D,Pendidikan Khusus Bahasa Indonesia,Menulis,Menulis kata- kata baru dari teks yang dibaca; dan menulis teks sederhana dengan rangkaian kalimat yang beragam.,AUTO-119,https://kurikulum.kemendikdasmen.go.id/service/download.php?kategori=rujukan&id=119,extracted_machine
LO-PENDIDIKAN-KHUSUS-BAHASA-INDONESIA-E-5.1,SMA,E,Pendidikan Khusus Bahasa Indonesia,Menyimak,"Mengidentifikasi informasi dari teks aural (teks yang dibacakan dan/atau didengarkan), teks visual dan/atau teks audio visual; dan mengidentifikasi isi teks aural, teks visual dan/ atau teks audio visual berbentuk teks sastra melalui lisan, tulis dan/atau isyarat.",AUTO-119,https://kurikulum.kemendikdasmen.go.id/service/download.php?kategori=rujukan&id=119,extracted_machine
LO-PENDIDIKAN-KHUSUS-BAHASA-INDONESIA-E-5.2,SMA,E,Pendidikan Khusus Bahasa Indonesia,Membaca dan Memirsa,Membaca berbagai tipe teks untuk menemukan informasi berupa gagasan dan/atau pesan; dan mengidentifikasi unsur intrinsik dari teks sastra dalam bentuk aural (teks yang dibacakan dan/atau didengarkan) teks visual dan/ atau teks audio visual.,AUTO-119,https://kurikulum.kemendikdasmen.go.id/service/download.php?kategori=rujukan&id=119,extracted_machine
LO-PENDIDIKAN-KHUSUS-BAHASA-INDONESIA-E-5.3,SMA,E,Pendidikan Khusus Bahasa Indonesia,Berbicara dan Mempresentasikan,Mempresentasikan gagasan dan/atau pesan berbagai tipe teks secara lisan dan/atau isyarat; dan mempresentasikan unsur intrinsik dari teks sastra secara lisan dan/atau isyarat.,AUTO-119,https://kurikulum.kemendikdasmen.go.id/service/download.php?kategori=rujukan&id=119,extracted_machine
LO-PENDIDIKAN-KHUSUS-BAHASA-INDONESIA-E-5.4,SMA,E,Pendidikan Khusus Bahasa Indonesia,Menulis,"Menulis gagasan dan/atau pesan dari berbagai tipe teks secara kreatif, menarik, dan/atau indah; dan menulis ungkapan kepedulian dan/atau pendapat dalam berbagai tipe teks.",AUTO-119,https://kurikulum.kemendikdasmen.go.id/service/download.php?kategori=rujukan&id=119,extracted_machine
LO-PENDIDIKAN-KHUSUS-BAHASA-INDONESIA-F-6.1,SMA,F,Pendidikan Khusus Bahasa Indonesia,Menyimak,"Menganalisis informasi dari teks aural (teks yang dibacakan dan/atau didengarkan).teks visual dan/ atau teks audio visual; dan menganalisis isi teks aural, teks visual dan/ atau teks audio visual. berbentuk teks sastra melalui lisan, tulis dan/atau isyarat.",AUTO-119,https://kurikulum.kemendikdasmen.go.id/service/download.php?kategori=rujukan&id=119,extracted_machine
LO-PENDIDIKAN-KHUSUS-BAHASA-INDONESIA-F-6.2,SMA,F,Pendidikan Khusus Bahasa Indonesia,Membaca dan Memirsa,Menganalisis informasi dari berbagai tipe teks yang dibaca untuk menemukan makna tersurat dan tersirat; menginterpretasi informasi untuk mengungkapkan kepedulian dan/atau pendapat dari berbagai tipe teks berupa teks aural (teks yang dibacakan dan/atau didengarkan) teks visual dan/atau audio visual; dan menganalisis isi teks sastra untuk menemukan makna tersurat dan tersirat.,AUTO-119,https://kurikulum.kemendikdasmen.go.id/service/download.php?kategori=rujukan&id=119,extracted_machine
LO-PENDIDIKAN-KHUSUS-BAHASA-INDONESIA-F-6.3,SMA,F,Pendidikan Khusus Bahasa Indonesia,Berbicara dan Mempresentasikan,Menyampaikan gagasan untuk pengajuan usul dan/atau pemecahan masalah dengan bahasa yang santun; menyajikan ungkapan kepedulian dari berbagai tipe teks; dan mempresentasikan berbagai tipe teks secara lisan dan/atau isyarat berdasarkan hasil tulisan yang telah dibuat.,AUTO-119,https://kurikulum.kemendikdasmen.go.id/service/download.php?kategori=rujukan&id=119,extracted_machine
LO-PENDIDIKAN-KHUSUS-BAHASA-INDONESIA-F-6.4,SMA,F,Pendidikan Khusus Bahasa Indonesia,Menulis,Menulis informasi berupa gagasan dan/atau pesan dari berbagai tipe teks dengan memperhatikan penggunaan ejaan dan tanda baca; dan menulis ungkapan kepedulian dan/atau pendapat dalam berbagai tipe teks.,AUTO-119,https://kurikulum.kemendikdasmen.go.id/service/download.php?kategori=rujukan&id=119,extracted_machine
LO-PENDIDIKAN-KHUSUS-MATEMATIKA-A-1.1,SD,A,Pendidikan Khusus Matematika,Bilangan,"Membilang lambang bilangan asli sampai dengan 20; mengurutkan bilangan asli sampai dengan 20 menggunakan benda konkret, dan menuliskan lambang bilangan asli sampai dengan 20; dan menunjukkan cara penjumlahan bilangan asli yang hasilnya maksimal 10 dengan menggunakan benda konkret.",AUTO-119,https://kurikulum.kemendikdasmen.go.id/service/download.php?kategori=rujukan&id=119,extracted_machine
LO-PENDIDIKAN-KHUSUS-MATEMATIKA-A-1.2,SD,A,Pendidikan Khusus Matematika,Pengukuran,Membandingkan tinggi-rendah dan panjang-pendek menggunakan benda konkret,AUTO-119,https://kurikulum.kemendikdasmen.go.id/service/download.php?kategori=rujukan&id=119,extracted_machine
LO-PENDIDIKAN-KHUSUS-MATEMATIKA-A-1.3,SD,A,Pendidikan Khusus Matematika,Geometri,"Mengenal benda-benda bangun ruang (kubus, balok, dan bola) dan mengelompokkan bangun ruang sesuai dengan jenis dan sifatnya menggunakan benda konkret.",AUTO-119,https://kurikulum.kemendikdasmen.go.id/service/download.php?kategori=rujukan&id=119,extracted_machine
LO-PENDIDIKAN-KHUSUS-MATEMATIKA-A-1.4,SD,A,Pendidikan Khusus Matematika,Analisis Data dan Peluang,Mengurutkan dan membandingkan banyak-sedikit dengan benda konkret sampai dengan 10 serta memahami besar-kecil suatu benda,AUTO-119,https://kurikulum.kemendikdasmen.go.id/service/download.php?kategori=rujukan&id=119,extracted_machine
LO-PENDIDIKAN-KHUSUS-MATEMATIKA-B-2.1,SD,B,Pendidikan Khusus Matematika,Bilangan,"Membilang lambang bilangan asli sampai dengan 50; mengurutkan bilangan asli sampai dengan 50; menggunakan benda konkret dan menuliskan lambang bilangan asli sampai dengan 50; mengenal nilai tempat (puluhan dan satuan), menunjukkan cara melakukan penjumlahan dua bilangan yang hasilnya sampai 20 dengan menggunakan benda konkret; menghitung hasil penjumlahan dua bilangan sampai dengan 20 dengan benda konkret; menunjukkan cara melakukan pengurangan dua bilangan maksimal 20 dengan menggunakan benda konkret; menghitung hasil pengurangan dua bilangan maksimal 20 dengan benda konkret; dan menunjukkan dan menggunakan uang rupiah Rp500,00 sampai maksimal Rp20.000,00 dan menuliskan kesetaraan nilai uang Rp500,00 sampai Rp20.000,00.",AUTO-119,https://kurikulum.kemendikdasmen.go.id/service/download.php?kategori=rujukan&id=119,extracted_machine
LO-PENDIDIKAN-KHUSUS-MATEMATIKA-B-2.2,SD,B,Pendidikan Khusus Matematika,Pengukuran,"Mengidentifikasi berat-ringan benda dengan menggunakan benda-benda di sekitar rumah, sekolah, dan tempat bermain; dan mengurutkan benda dari berat ke ringan atau sebaliknya dan mengenal waktu (hari, tanggal, dan bulan).",AUTO-119,https://kurikulum.kemendikdasmen.go.id/service/download.php?kategori=rujukan&id=119,extracted_machine
LO-PENDIDIKAN-KHUSUS-MATEMATIKA-B-2.3,SD,B,Pendidikan Khusus Matematika,Geometri,"Mengidentifikasi benda-benda bangun datar (segi empat, segitiga dan lingkaran); menggambar bangun datar (segi empat, segitiga dan lingkaran) dengan mengikuti pola; dan mengilustrasikan gambar bangun datar dengan gerakan.",AUTO-119,https://kurikulum.kemendikdasmen.go.id/service/download.php?kategori=rujukan&id=119,extracted_machine
LO-PENDIDIKAN-KHUSUS-MATEMATIKA-B-2.4,SD,B,Pendidikan Khusus Matematika,Analisis Data dan Peluang,Mengurutkan dan membandingkan banyak-sedikit dengan benda konkret sampai dengan 20.,AUTO-119,https://kurikulum.kemendikdasmen.go.id/service/download.php?kategori=rujukan&id=119,extracted_machine
LO-PENDIDIKAN-KHUSUS-MATEMATIKA-C-3.1,SD,C,Pendidikan Khusus Matematika,Bilangan,"Membilang lambang bilangan asli sampai dengan 100, mengurutkan bilangan asli sampai dengan 100 menggunakan benda konkret, dan menuliskan lambang bilangan asli sampai dengan 100; memahami nilai tempat (satuan dan puluhan); menunjukkan cara melakukan penjumlahan dua bilangan yang hasilnya sampai 50 dengan menggunakan benda konkret; menghitung hasil penjumlahan dua bilangan sampai dengan 50 dengan benda konkret; menunjukkan cara melakukan pengurangan dua bilangan maksimal 50 dengan menggunakan benda konkret, menghitung hasil pengurangan dua bilangan maksimal 50 dengan benda konkret; dan menunjukkan uang rupiah Rp500,00 sampai Rp50.000,00, dan menuliskan kesetaraan nilai uang Rp500,00 sampai Rp50.000,00",AUTO-119,https://kurikulum.kemendikdasmen.go.id/service/download.php?kategori=rujukan&id=119,extracted_machine
LO-PENDIDIKAN-KHUSUS-MATEMATIKA-C-3.2,SD,C,Pendidikan Khusus Matematika,Pengukuran,"Melakukan pengukuran menggunakan satuan tidak baku (jengkal dan langkah), dan melakukan pengukuran panjang dengan satuan baku panjang (centimeter dan meter) dan mengenal satuan waktu (jam dan menit).",AUTO-119,https://kurikulum.kemendikdasmen.go.id/service/download.php?kategori=rujukan&id=119,extracted_machine
LO-PENDIDIKAN-KHUSUS-MATEMATIKA-C-3.3,SD,C,Pendidikan Khusus Matematika,Geometri,"Mengidentifikasi benda-benda bangun ruang (tabung dan kerucut), mengidentifikasi unsur-unsur bangun ruang kubus dan balok (titik sudut, garis, dan bidang) dan mengelompokkan bangun ruang sesuai jenis dan sifatnya.",AUTO-119,https://kurikulum.kemendikdasmen.go.id/service/download.php?kategori=rujukan&id=119,extracted_machine
LO-PENDIDIKAN-KHUSUS-MATEMATIKA-C-3.4,SD,C,Pendidikan Khusus Matematika,Analisis Data dan Peluang,"Mengumpulkan suatu kumpulan data berdasarkan karakteristik tertentu (warna, bentuk, dan jenis kelamin); dan menuliskan suatu kumpulan data dan menyajikan data dalam bentuk tabel.",AUTO-119,https://kurikulum.kemendikdasmen.go.id/service/download.php?kategori=rujukan&id=119,extracted_machine
LO-PENDIDIKAN-KHUSUS-MATEMATIKA-D-4.1,SMP,D,Pendidikan Khusus Matematika,Bilangan,"Menunjukkan cara melakukan penjumlahan dan menghitung hasil penjumlahan dua bilangan dua angka maksimal 100; menunjukkan cara melakukan pengurangan dan menghitung hasil pengurangan dua bilangan dua angka maksimal 100; melakukan operasi hitung perkalian sampai 20, melakukan operasi hitung pembagian sampai 20; mengenal bilangan pecahan sederhana menggunakan benda konkret; menuliskan bilangan pecahan sederhana; menghitung hasil penjumlahan dua pecahan dengan penyebut sama, menghitung hasil pengurangan pecahan dengan penyebut sama, mengenal cara penggunaan alat bantu hitung secara sederhana dalam kehidupan sehari-hari, memahami operasi hitung (penjumlahan, pengurangan, perkalian dan pembagian) menggunakan alat bantu hitung secara sederhana dalam kehidupan sehari-hari; dan menunjukkan pecahan uang Rp500,00 sampai dengan Rp100.000,00, dan menuliskan kesetaraan nilai uang Rp500,00 sampai dengan Rp100.000,00.",AUTO-119,https://kurikulum.kemendikdasmen.go.id/service/download.php?kategori=rujukan&id=119,extracted_machine
LO-PENDIDIKAN-KHUSUS-MATEMATIKA-D-4.2,SMP,D,Pendidikan Khusus Matematika,Pengukuran,Menunjukkan ukuran satuan berat (gram dan kilogram) dalam kehidupan sehari-hari; melakukan pengukuran satuan berat (gram dan kilogram); dan mengenal satuan volume (liter) dan menakar volume suatu benda menggunakan alat ukur liter.,AUTO-119,https://kurikulum.kemendikdasmen.go.id/service/download.php?kategori=rujukan&id=119,extracted_machine
LO-PENDIDIKAN-KHUSUS-MATEMATIKA-D-4.3,SMP,D,Pendidikan Khusus Matematika,Geometri,"Menunjukkan cara menentukan keliling segitiga, persegi, dan persegi panjang menggunakan benda konkret (benang, tali, batang korek api, lidi, dan berbagai benda yang dapat digunakan sebagai satu-satuan panjang); dan menghitung keliling segitiga, persegi, dan persegi panjang menggunakan benda konkret yang dapat digunakan sebagai satu satuan panjang.",AUTO-119,https://kurikulum.kemendikdasmen.go.id/service/download.php?kategori=rujukan&id=119,extracted_machine
LO-PENDIDIKAN-KHUSUS-MATEMATIKA-D-4.4,SMP,D,Pendidikan Khusus Matematika,Analisis Data dan Peluang,Mengidentifikasi harga barang dalam kehidupan sehari-hari (lebih mahal dan lebih murah) dan membandingkan harga barang (lebih mahal dan lebih murah) dalam kehidupan sehari-hari.,AUTO-119,https://kurikulum.kemendikdasmen.go.id/service/download.php?kategori=rujukan&id=119,extracted_machine
LO-PENDIDIKAN-KHUSUS-MATEMATIKA-E-5.1,SMA,E,Pendidikan Khusus Matematika,Bilangan,"Melakukan operasi hitung penjumlahan, pengurangan, perkalian, dan pembagian bilangan asli: mengenal bilangan desimal satu angka dibelakang koma 0,1 sampai 1,9; menunjukkan bentuk persen dan menghitung bentuk persen dengan alat bantu hitung dalam kehidupan sehari-hari.",AUTO-119,https://kurikulum.kemendikdasmen.go.id/service/download.php?kategori=rujukan&id=119,extracted_machine
LO-PENDIDIKAN-KHUSUS-MATEMATIKA-E-5.2,SMA,E,Pendidikan Khusus Matematika,Pengukuran,"Menentukan panjang benda dengan menggunakan alat ukur, menentukan berat benda (gram dan kilogram); dan menentukan volume (liter dan mililiter) dalam kehidupan sehari-hari.",AUTO-119,https://kurikulum.kemendikdasmen.go.id/service/download.php?kategori=rujukan&id=119,extracted_machine
LO-PENDIDIKAN-KHUSUS-MATEMATIKA-E-5.3,SMA,E,Pendidikan Khusus Matematika,Geometri,"Menunjukkan satuan luas (cm² dan m²) menggunakan benda konkret; dan menghitung luas bangun datar (persegi, persegi panjang dan segitiga) dengan menggunakan satuan luas.",AUTO-119,https://kurikulum.kemendikdasmen.go.id/service/download.php?kategori=rujukan&id=119,extracted_machine
LO-PENDIDIKAN-KHUSUS-MATEMATIKA-E-5.4,SMA,E,Pendidikan Khusus Matematika,Analisis Data dan Peluang,Mengidentifikasi daftar tabel kegiatan keterampilan vokasional; dan membuat tabel kebutuhan uang untuk belanja barang.,AUTO-119,https://kurikulum.kemendikdasmen.go.id/service/download.php?kategori=rujukan&id=119,extracted_machine
LO-PENDIDIKAN-KHUSUS-MATEMATIKA-F-6.1,SMA,F,Pendidikan Khusus Matematika,Bilangan,"Melakukan operasi hitung bilangan asli pembagian; menghitung operasi campuran penjumlahan dan pengurangan bilangan asli, melakukan operasi hitung penjumlahan desimal satu angka di belakang koma tanpa teknik menyimpan; melakukan operasi hitung pengurangan desimal satu angka di belakang koma tanpa teknik meminjam; menghitung operasi campuran perkalian dan penjumlahan bilangan asli dalam penyelesaian masalah pada kehidupan sehari-hari; mengidentifikasi untung atau rugi dalam jual beli pada kehidupan sehari-hari; menghitung untung atau rugi dalam jual beli pada kehidupan sehari-hari; dan menghitung untung atau rugi dalam kegiatan jual beli menggunakan alat bantu hitung.",AUTO-119,https://kurikulum.kemendikdasmen.go.id/service/download.php?kategori=rujukan&id=119,extracted_machine
LO-PENDIDIKAN-KHUSUS-MATEMATIKA-F-6.2,SMA,F,Pendidikan Khusus Matematika,Pengukuran,Menentukan dan menerapkan satuan waktu (jam dan menit) dalam kehidupan sehari-hari.,AUTO-119,https://kurikulum.kemendikdasmen.go.id/service/download.php?kategori=rujukan&id=119,extracted_machine
LO-PENDIDIKAN-KHUSUS-MATEMATIKA-F-6.3,SMA,F,Pendidikan Khusus Matematika,Geometri,Menunjukkan keberadaan bentuk bangun datar dan bangun ruang dalam kehidupan sehari-hari; dan pemanfaatan benda-benda berbentuk bangun bangun ruang dalam kehidupan sehari-hari serta menyusun benda,AUTO-119,https://kurikulum.kemendikdasmen.go.id/service/download.php?kategori=rujukan&id=119,extracted_machine
LO-PENDIDIKAN-KHUSUS-MATEMATIKA-F-6.4,SMA,F,Pendidikan Khusus Matematika,Analisis Data dan Peluang,Membaca tabel daftar harga/barang yang berkaitan dengan proses jual beli.,AUTO-119,https://kurikulum.kemendikdasmen.go.id/service/download.php?kategori=rujukan&id=119,extracted_machine
LO-PENDIDIKAN-KHUSUS-BAHASA-INGGRIS-B-1.1,SD,B,Pendidikan Khusus Bahasa Inggris,Menyimak-Berbicara (Listening-Speaking),"Merespons instruksi sederhana dengan gerakan tubuh atau menjawab pertanyaan pendek sederhana dengan kata, frasa, atau kalimat sederhana. (By the end of phase B, students respond to simple instructions using action-related language or answer short, simple questions using simple words, phrases, or sentences.)",AUTO-119,https://kurikulum.kemendikdasmen.go.id/service/download.php?kategori=rujukan&id=119,extracted_machine
LO-PENDIDIKAN-KHUSUS-BAHASA-INGGRIS-B-1.2,SD,B,Pendidikan Khusus Bahasa Inggris,Membaca-Memirsa (Reading-Viewing),"Merespons teks pendek sederhana dan familier dalam moda tulisan atau digital, termasuk teks visual, multimodal, atau interaktif secara lisan dan komunikasi nonverbal (By the end of phase B, students respond orally and non-verbally to short, simple, and familiar texts in written or digital modes, including visual, multimodal, or interactive texts.)",AUTO-119,https://kurikulum.kemendikdasmen.go.id/service/download.php?kategori=rujukan&id=119,extracted_machine
LO-PENDIDIKAN-KHUSUS-BAHASA-INGGRIS-C-2.1,SD,C,Pendidikan Khusus Bahasa Inggris,Menyimak-Berbicara (Listening-Speaking),"Memahami ide pokok dari informasi yang disampaikan secara lisan dan atau isyarat dengan bantuan audio atau visual menggunakan kosakata sederhana; dan menerapkan komunikasi sederhana dengan bantuan teks atau gambar. (By the end of phase C, students understand key points of information visually and or sign supported by audio or visual aids using simple vocabulary. They use texts or pictures to help them communicate.).",AUTO-119,https://kurikulum.kemendikdasmen.go.id/service/download.php?kategori=rujukan&id=119,extracted_machine
LO-PENDIDIKAN-KHUSUS-BAHASA-INGGRIS-C-2.2,SD,C,Pendidikan Khusus Bahasa Inggris,Membaca-Memirsa (Reading-Viewing),"Memahami teks yang dibacakan atau gambar/ilustrasi yang diperlihatkan, menggunakan komunikasi verbal dan nonverbal. (By the end of phase C, students show understanding of texts being read to or pictures/illustrations being shown, using verbal or nonverbal communication).",AUTO-119,https://kurikulum.kemendikdasmen.go.id/service/download.php?kategori=rujukan&id=119,extracted_machine
LO-PENDIDIKAN-KHUSUS-BAHASA-INGGRIS-D-3.1,SMP,D,Pendidikan Khusus Bahasa Inggris,Menyimak-Berbicara (Listening-Speaking),"Menggunakan bahasa Inggris sederhana untuk berinteraksi dalam lingkup situasi sosial dan situasi kelas; menggunakan kosakata sederhana dalam bahasa Inggris untuk menyampaikan perasaan, kebutuhan, dan meminta pertolongan; membuat pertanyaan sederhana dan/atau meminta izin; dan mengidentifikasi informasi penting dalam berbagai konteks, yang disampaikan secara lisan, tulisan atau isyarat dengan bantuan media audio-visual dan menggunakan kosakata sederhana. (By the end of phase D, students use English to interact in social and classroom situations. They use familiar English Vocabulary to expressing feelings, needs, requesting help, asking simple questions, and/or seek permission. They identify key information in most contexts of oral and written texts with support from audio-visual media and with familiar English vocabulary.)",AUTO-119,https://kurikulum.kemendikdasmen.go.id/service/download.php?kategori=rujukan&id=119,extracted_machine
LO-PENDIDIKAN-KHUSUS-BAHASA-INGGRIS-D-3.2,SMP,D,Pendidikan Khusus Bahasa Inggris,Membaca-Memirsa (Reading-Viewing),"Memahami kata-kata yang sering digunakan sehari-hari dan/ atau kata-kata baru dengan bantuan gambar/ilustrasi dan atau media audio-visual;.dan membaca serta memberikan respons terhadap teks pendek, sederhana, dan digital, atau familiar dalam bentuk tulisan atau termasuk teks visual, multimodal, interaktif. (By the end of phase D, students understand familiar and new vocabulary with support from visual cues of pictures/illustrations and/or audio-visual media. Students read and respond to a wide range of short, simple, and familiar texts in the form of print or digital texts, including visual, multimodal, or interactive texts.)",AUTO-119,https://kurikulum.kemendikdasmen.go.id/service/download.php?kategori=rujukan&id=119,extracted_machine
LO-PENDIDIKAN-KHUSUS-BAHASA-INGGRIS-D-3.3,SMP,D,Pendidikan Khusus Bahasa Inggris,Menulis,"- Mempresentasikan (Writing-Presenting) Mengkomunikasikan ide dan pengalaman mereka melalui paragraf sederhana dan terstruktur; dan menunjukkan pemahaman dalam penggunaan tanda baca dasar, huruf kapital, kosakata sederhana, dan struktur kalimat sederhana dengan menggunakan berbagai media. (By the end of phase D, students communicate their ideas and experiences through simple and structured paragraphs, showing awareness for the use of basic punctuation and capitalization, simple vocabulary, and simple sentence structure using various media.)",AUTO-119,https://kurikulum.kemendikdasmen.go.id/service/download.php?kategori=rujukan&id=119,extracted_machine
LO-PENDIDIKAN-KHUSUS-BAHASA-INGGRIS-E-4.1,SMA,E,Pendidikan Khusus Bahasa Inggris,Menyimak-Berbicara (Listening-Speaking),"Menggunakan bahasa Inggris sederhana untuk berinteraksi dalam situasi sosial maupun kelas yang sering digunakan sehari-hari; membuat dan menjawab pertanyaan sederhana; dan mengidentifikasi teks lisan sederhana yang relevan dengan kehidupan mereka. (By the end of phase E, students use simple English to interact in social and classroom situations. Students can create and answer simple questions. Students identify simple oral texts that are relevant to their lives)",AUTO-119,https://kurikulum.kemendikdasmen.go.id/service/download.php?kategori=rujukan&id=119,extracted_machine
LO-PENDIDIKAN-KHUSUS-BAHASA-INGGRIS-E-4.2,SMA,E,Pendidikan Khusus Bahasa Inggris,Membaca-Memirsa (Reading-Viewing),"Memahami kosakata akrab dan baru yang sering digunakan sehari-hari dengan bantuan gambar/ilustrasi, dukungan dari isyarat visual, atau petunjuk konteks; membaca dan menanggapi teks sederhana dan familiar dalam bentuk teks cetak atau digital, termasuk teks visual, multimoda, atau interaktif; dan menemukan informasi dasar dalam sebuah kalimat dan menjelaskan topik dalam teks yang dibaca atau dilihat. (By the end of phase E, students understand familiar and new words that are often used daily with the help of pictures/illustrations, visual or context cues. Students read and respond to simple, familiar texts in printed or digital form, including visual, multimoda, or interactive text. Students find basic information in a sentence and explain the topic in the text that is read or viewed. )",AUTO-119,https://kurikulum.kemendikdasmen.go.id/service/download.php?kategori=rujukan&id=119,extracted_machine
LO-PENDIDIKAN-KHUSUS-BAHASA-INGGRIS-E-4.3,SMA,E,Pendidikan Khusus Bahasa Inggris,Menulis,"-Mempresentasikan (Writing-Presenting) Mengkomunikasikan ide dan pengalamannya melalui tulisan sederhana dengan kalimatnya sendiri dan menunjukkan perkembangan pemahaman terhadap proses menulis serta menyajikan informasi sederhana dengan kaidah (konvensi) sesuai dengan konteks dan tujuannya. (By the end of phase E, students communicate their ideas and experiences through simple writing using their own sentences and showing evidence of a developing understanding of the writing process and presenting simple information with rules according to the context and its purpose.)",AUTO-119,https://kurikulum.kemendikdasmen.go.id/service/download.php?kategori=rujukan&id=119,extracted_machine
LO-PENDIDIKAN-KHUSUS-BAHASA-INGGRIS-F-5.1,SMA,F,Pendidikan Khusus Bahasa Inggris,Menyimak-Berbicara (Listening-Speaking),"Mengidentifikasi informasi atau teks penting/inti sederhana. Teks dapat berbentuk cetak atau digital termasuk teks visual, multimoda, atau interaktif; menggunakan dan merespons pertanyaan pembicara atau bertanya tentang arti sebuah kata, frase, atau kalimat, memberikan dan mempertahankan pendapat; dan mengikuti rangkaian instruksi sederhana yang berkaitan dengan prosedur kelas dan aktivitas belajar. (By the end of phase F, students identify simple important information/key points in simple text. Text can be printed or digital including visual, multimoda or interactive text. Students use and respond to speaker's questions or ask the meaning of a word, phrase or sentence, give and defend opinion. Students follow a series of simple instructions related to classroom procedures and learning activities.)",AUTO-119,https://kurikulum.kemendikdasmen.go.id/service/download.php?kategori=rujukan&id=119,extracted_machine
LO-PENDIDIKAN-KHUSUS-BAHASA-INGGRIS-F-5.2,SMA,F,Pendidikan Khusus Bahasa Inggris,Membaca-Memirsa (Reading-Viewing),"Membaca dan memberikan respons terhadap beragam teks sederhana dalam bentuk tulisan atau digital, termasuk teks visual, multimodal, atau interaktif; menemukan informasi pada sebuah kalimat dan menjelaskan topik sebuah teks yang dibaca atau diamatinya; dan melakukan inferensi sederhana untuk memahami informasi tersirat dalam sebuah teks sederhana. (By the end of phase F, students read and respond to a variety of simple texts in written or digital form, including visual, multimodal or interactive text. Students find information in a sentence and explain the topic of a text that they read or observe.They begin to make simple inferences to comprehend implicit information in a simple text.)",AUTO-119,https://kurikulum.kemendikdasmen.go.id/service/download.php?kategori=rujukan&id=119,extracted_machine
LO-PENDIDIKAN-KHUSUS-BAHASA-INGGRIS-F-5.3,SMA,F,Pendidikan Khusus Bahasa Inggris,Menulis,"- Mempresentasikan (Writing-Presenting) Menghasilkan teks sederhana menggunakan tata bahasa dan kalimat sederhana; menunjukkan kesadaran dan pemahaman atas pentingnya tanda baca dasar dan penggunaan huruf kapital, hubungan bunyi-huruf dalam bahasa Inggris dan ejaan dari kata-kata yang umum digunakan berkaitan dengan lingkungan sekitarnya; dan menuliskan serta menyajikan informasi/teks sederhana menggunakan berbagai moda presentasi dalam bentuk cetak dan digital dengan kaidah (konvensi) sesuai dengan konteks. (By the end of phase F, students produce simple texts using simple sentences. Students show awareness and understanding of the importance of basic punctuation and capitalization, sound-letter relationships in English and the spellings of commonly used words in relation to the environment. Students write and present simple information/ text using various modes of presentation by printed and digital form with conventions according to the context.)",AUTO-119,https://kurikulum.kemendikdasmen.go.id/service/download.php?kategori=rujukan&id=119,extracted_machine
LO-PENDIDIKAN-KHUSUS-ILMU-PENGETAHUAN-ALAM-DAN-SOSIAL-B-1.1,SD,B,Pendidikan Khusus Ilmu Pengetahuan Alam dan Sosial,Pemahaman Konsep,"Mengenali identitas diri dan anggota keluarga; mengenali hewan yang ada di lingkungan sekitarnya; mengidentifikasi benda-benda yang ada di lingkungan sekitar; mengidentifikasi kerja sama yang terjadi di lingkungan rumah dan satuan pendidikan; Mengenali uang dan kegunaannya secara sederhana; mengidentifikasi siang, malam, nama-nama hari dan bulan; dan mengingat cara memelihara kesehatan tubuh dan lingkungan sekitar dalam kehidupan sehari-hari.",AUTO-119,https://kurikulum.kemendikdasmen.go.id/service/download.php?kategori=rujukan&id=119,extracted_machine
LO-PENDIDIKAN-KHUSUS-ILMU-PENGETAHUAN-ALAM-DAN-SOSIAL-B-1.2,SD,B,Pendidikan Khusus Ilmu Pengetahuan Alam dan Sosial,Keterampilan Proses,"Mengamati. Mengamati fenomena dan peristiwa secara sederhana dengan menggunakan pancaindra dan dapat mencatat hasil pengamatannya menggunakan tulisan atau gambar. Mempertanyakan. Mengajukan pertanyaan yang dapat diselidiki secara ilmiah Menyelidiki. Melakukan langkah-langkah untuk menjawab pertanyaan yang diajukan; menggunakan alat dan bahan yang sesuai dengan mengutamakan keselamatan. Memproses data serta informasi. Menggunakan berbagai metode untuk mengorganisasikan informasi, termasuk gambar, dan tabel. Merefleksi. Menunjukkan kelebihan dan kekurangan aktivitas memproses data dan manfaatnya terhadap kehidupan sehari-hari. Mengomunikasikan hasil. Mengomunikasikan hasil penyelidikan secara verbal atau tertulis dalam berbagai format.",AUTO-119,https://kurikulum.kemendikdasmen.go.id/service/download.php?kategori=rujukan&id=119,extracted_machine
LO-PENDIDIKAN-KHUSUS-ILMU-PENGETAHUAN-ALAM-DAN-SOSIAL-C-2.1,SD,C,Pendidikan Khusus Ilmu Pengetahuan Alam dan Sosial,Pemahaman Konsep,"Mengenal benda cair, padat, dan gas serta perubahan wujudnya; mengenal tumbuhan yang ada di lingkungan sekitar; mengidentifikasi sumber energi yang ada di lingkungan sekitar; mengidentifikasi bentuk kasih sayang di lingkungan keluarga melalui pengamatan; mengenal keragaman agama, suku bangsa, bahasa, sosial; mengenal transaksi jual beli; dan mengenal perubahan iklim di Indonesia melalui pengamatan dalam kehidupan sehari-hari.",AUTO-119,https://kurikulum.kemendikdasmen.go.id/service/download.php?kategori=rujukan&id=119,extracted_machine
LO-PENDIDIKAN-KHUSUS-ILMU-PENGETAHUAN-ALAM-DAN-SOSIAL-C-2.2,SD,C,Pendidikan Khusus Ilmu Pengetahuan Alam dan Sosial,Keterampilan Proses,"Mengamati Mengamati fenomena dan peristiwa secara sederhana dengan menggunakan pancaindra dan dapat mencatat hasil pengamatannya menggunakan tulisan atau gambar. Mempertanyakan Mengajukan pertanyaan yang dapat diselidiki secara ilmiah. Menyelidiki. Melakukan langkah-langkah untuk menjawab pertanyaan yang diajukan; menggunakan alat dan bahan yang sesuai dengan mengutamakan keselamatan; dan menggunakan alat bantu penyelidikan untuk mendapatkan data yang akurat. Memproses data serta informasi. Menggunakan berbagai metode untuk mengorganisasikan informasi, termasuk gambar, dan tabel; mendiskusikan; dan mengorganisasikan data dalam bentuk tabel dan grafik sederhana untuk menyajikan data dan mengidentifikasi pola. Merefleksi. Menunjukkan kelebihan dan kekurangan proses penyelidikan dan manfaatnya terhadap kehidupan sehari-hari. Mengomunikasikan hasil. Mengomunikasikan hasil penyelidikan secara verbal atau tertulis dalam berbagai format.",AUTO-119,https://kurikulum.kemendikdasmen.go.id/service/download.php?kategori=rujukan&id=119,extracted_machine
LO-PENDIDIKAN-KHUSUS-ILMU-PENGETAHUAN-ALAM-D-1.1,SMP,D,Pendidikan Khusus Ilmu Pengetahuan Alam,Pemahaman Konsep,"Menjelaskan proses klasifikasi makhluk hidup, daur hidup hewan, perkembangbiakan hewan, dan perkembangbiakan tumbuhan; menerapkan cara merawat dan memelihara hewan serta tumbuhan; mengenali Pertumbuhan dan perkembangan manusia; menjelaskan ciri fisik laki-laki dan perempuan pada masa pubertas; mengidentifikasi proses perubahan wujud zat meliputi menguap, mengembun, mencair, membeku, dan menyublim pada benda padat, cair dan gas; membedakan sifat dan karakteristik zat; serta menerapkan pengetahuan kontekstual dalam kehidupan sehari-hari. Mengenali perubahan kimia dalam kehidupan sehari-hari seperti pada buah dan sayur; mengenali pemisahan campuran sederhana yang banyak digunakan dalam kehidupan sehari-hari seperti penjernihan air yang ramah lingkungan; dan menggambarkan pemahamannya tentang rotasi bumi (perubahan siang dan malam), sumber energi matahari, air, dan angin, serta upaya pelestarian lingkungannya.",AUTO-119,https://kurikulum.kemendikdasmen.go.id/service/download.php?kategori=rujukan&id=119,extracted_machine
LO-PENDIDIKAN-KHUSUS-ILMU-PENGETAHUAN-ALAM-D-1.2,SMP,D,Pendidikan Khusus Ilmu Pengetahuan Alam,Keterampilan Proses,"Mengamati Menemukan fenomena dan peristiwa secara sederhana dengan mengoptimalkan panca indra yang masih berfungsi, secara mandiri, dan sesuai dengan fakta empiris. Mempertanyakan dan Memprediksi Menyusun dan menjawab pertanyaan tentang hal-hal yang ingin diketahui saat melakukan pengamatan; dan membuat prediksi mengenai objek serta peristiwa di lingkungan sekitar melalui penalaran kritis. Merencanakan dan menyelidiki Berpartisipasi dalam penyelidikan untuk mengeksplorasi dan menjawab pertanyaan secara mandiri; melakukan pengukuran dengan alat sederhana yang ada disekitarnya untuk mendapatkan data melalui penalaran kritis dan tanggap terhadap lingkungannya. Memproses dan Menganalisis Data dan Informasi Menggunakan berbagai metode untuk menyimpulkan informasi, mendiskusikan, dan mencocokkan antara hasil pengamatan dan prediksi melalui penalaran kritis dan berkoordinasi dengan temannya. Mengevaluasi dan Merefleksi Membandingkan hasil pengamatan yang berbeda dengan mengacu pada teori melalui penalaran kritis dari berbagai sudut pandang. Mengomunikasikan Hasil Menjelaskan informasi secara terstruktur melalui lisan atau tulisan; dan untuk mendukung penjelasan serta menunjukkan pola berpikir sistematis menggunakan media digital atau non-digital sesuai kemampuan.",AUTO-119,https://kurikulum.kemendikdasmen.go.id/service/download.php?kategori=rujukan&id=119,extracted_machine
LO-PENDIDIKAN-KHUSUS-ILMU-PENGETAHUAN-ALAM-E-2.1,SMA,E,Pendidikan Khusus Ilmu Pengetahuan Alam,Pemahaman Konsep,"Mengidentifikasi benda-benda yang dijumpai di lingkungan tempat tinggalnya; Murid mampu menganalisis dan mengomunikasikan manfaat hewan dan tumbuhan bagi kehidupan manusia, serta cara menjaga dan melestarikannya. Murid mampu menjelaskan ekosistem dan keseimbangannya yang berpengaruh pada kehidupan; Murid mampu menjelaskan secara sederhana cara merawat panca indra; murid mampu menjelaskan rangka manusia dan mengenal organ tubuh manusia dan fungsinya.",AUTO-119,https://kurikulum.kemendikdasmen.go.id/service/download.php?kategori=rujukan&id=119,extracted_machine
LO-PENDIDIKAN-KHUSUS-ILMU-PENGETAHUAN-ALAM-E-2.2,SMA,E,Pendidikan Khusus Ilmu Pengetahuan Alam,Keterampilan Proses,"Mengamati Murid menemukan fenomena dan peristiwa secara sederhana dengan mengoptimalkan panca indra yang masih berfungsi secara mandiri, dan pengamatan secara langsung. Mempertanyakan dan Memprediksi Murid menyusun dan menjawab pertanyaan tentang hal-hal yang ingin diketahui saat melakukan pengamatan dan membuat prediksi mengenai objek dan peristiwa di lingkungan sekitar melalui penalaran kritis. Merencanakan dan menyelidiki Murid berpartisipasi dalam penyelidikan untuk mengeksplorasi dan menjawab pertanyaan secara mandiri. Murid melakukan pengukuran dengan alat sederhana yang ada disekitarnya untuk mendapatkan data melalui penalaran kritis dan tanggap terhadap lingkungannya. Memproses dan Menganalisis Data Murid menggunakan berbagai metode untuk mengorganisasikan informasi, mendiskusikan, dan membandingkan antara hasil pengamatan dan prediksi melalui penalaran kritis dan berkolaborasi dengan temannya. Mengevaluasi dan Merefleksi Murid mencocokkan hasil pengamatan yang berbeda dengan mengacu pada teori melalui penalaran kritis dari berbagai sudut pandang. Mengomunikasikan Hasil Murid dapat menjelaskan informasi secara terstruktur sesuai dengan kemampuannya secara lisan atau tulisan, menggunakan media digital atau non-digital, dan dapat dipublikasikan.",AUTO-119,https://kurikulum.kemendikdasmen.go.id/service/download.php?kategori=rujukan&id=119,extracted_machine
LO-PENDIDIKAN-KHUSUS-ILMU-PENGETAHUAN-ALAM-F-3.1,SMA,F,Pendidikan Khusus Ilmu Pengetahuan Alam,Pemahaman Konsep,"Mengidentifikasi bunyi dan sumber bunyi yang berhubungan dengan indra pendengaran; murid mampu mengidentifikasi sumber cahaya, sifat cahaya dan hubungannya dengan indra penglihatan; Murid mampu menerapkan energi listrik manfaatnya dalam kehidupan sehari-hari dan cara penghematannya untuk kelestarian alam; Murid mampu membedakan sumber daya alam dan pemanfaatan sumber daya alam yang dapat diperbaharui dan tidak dapat diperbaharui serta cara melestarikan sumber daya alam bagi kehidupan; Murid mampu menceritakan penyebab perubahan iklim, pemanasan global dan dampaknya bagi kehidupan manusia serta penanggulangannya.",AUTO-119,https://kurikulum.kemendikdasmen.go.id/service/download.php?kategori=rujukan&id=119,extracted_machine
LO-PENDIDIKAN-KHUSUS-ILMU-PENGETAHUAN-ALAM-F-3.2,SMA,F,Pendidikan Khusus Ilmu Pengetahuan Alam,Keterampilan Proses,"Mengamati Murid menemukan dengan mengoptimalkan panca indra yang masih berfungsi dan menggunakan alat bantu yang sesuai karakteristik dan kebutuhannya untuk melakukan pengukuran dan pengamatan, memperhatikan detail yang relevan dari objek yang diamati, serta membuat catatan pengamatan secara sederhana. Mempertanyakan dan Memprediksi Murid merumuskan pertanyaan ilmiah dan relevan yang dapat diselidiki secara keilmuan dan didasarkan pada ilmu pengetahuan sesuai dengan karakteristik dan kemampuannya. Merencanakan dan Menyelidiki Murid merencanakan dan memilih metode yang sesuai berdasarkan referensi untuk mengumpulkan data yang dapat dipercaya, mempertimbangkan risiko dalam penggunaan metode terhadap metode yang digunakan; memilih dan menggunakan alat dan bahan, termasuk penggunaan teknologi digital yang sesuai untuk mengumpulkan serta mencatat data secara sistematis dan akurat. Memproses dan Menganalisis Data dan Informasi Murid mengomunikasikan hasil penyelidikan secara utuh termasuk di dalamnya pertimbangan keamanan, lingkungan, dan etika yang ditunjang dengan argumen, bahasa serta teori IPA yang sesuai dengan konteks penyelidikan dengan pola berpikir sistematis. Mengevaluasi dan Merefleksi Murid menyimpulkan melalui perbandingan dengan teori yang ada; menunjukkan kelebihan dan kekurangan proses penyelidikan; melakukan refleksi dan mengusulkan saran perbaikan untuk proses penyelidikan selanjutnya. Mengomunikasikan Hasil Murid dapat menyampaikan atau menjelaskan informasi hasil penyelidikan termasuk di dalamnya pertimbangan keamanan, lingkungan, bahasa, serta pengetahuan IPA yang sesuai dengan konteks penyelidikan; Menunjukkan pola berpikir sistematis yang disesuaikan dengan kebutuhan, karakteristik, dan kondisi spesifik sekolah atau daerah.",AUTO-119,https://kurikulum.kemendikdasmen.go.id/service/download.php?kategori=rujukan&id=119,extracted_machine
LO-PENDIDIKAN-KHUSUS-ILMU-PENGETAHUAN-SOSIAL-D-1.1,SMP,D,Pendidikan Khusus Ilmu Pengetahuan Sosial,Pemahaman Konsep,"Menceritakan sejarah asal-usul keluarga, kedudukan, dan peran anggota keluarga. murid mengidentifikasi perubahan iklim, pengaruh cuaca dan musim serta dampaknya terhadap kehidupan sehari-hari; mengidentifikasi ketampakan alam dan buatan yang ada di lingkungan sekitar, dan menceritakan pengaruh ketampakan alam terhadap perilaku dan kehidupan manusia; mengenali sumber daya alam yang ada di lingkungan dan menerapkan manfaatnya terhadap kehidupan sehari-hari, pemanfaatan tumbuhan dan hewan untuk kesejahteraan manusia; mengenali jenis-jenis dan perkembangan teknologi yang ada di daerah setempat, menerapkan pemanfaatan perkembangan teknologi untuk diterapkan dalam kehidupan sehari-hari, menguraikan dampak perkembangan teknologi; mengidentifikasi tujuan dan jenis kegiatan ekonomi, mengenali kegiatan ekonomi yang ada di lingkungan sekitar masyarakat; dan mengenali tokoh-tokoh pahlawan nasional dan perjuangannya.",AUTO-119,https://kurikulum.kemendikdasmen.go.id/service/download.php?kategori=rujukan&id=119,extracted_machine
LO-PENDIDIKAN-KHUSUS-ILMU-PENGETAHUAN-SOSIAL-D-1.2,SMP,D,Pendidikan Khusus Ilmu Pengetahuan Sosial,Keterampilan Proses,"Mengamati Memiliki kemampuan untuk melakukan pengamatan secara sederhana terhadap objek, peristiwa dan fenomena menggunakan indra mereka. Mempertanyakan Mengajukan pertanyaan untuk memperoleh informasi, klarifikasi atau memahami suatu fenomena serta kemampuan berpikir kritis dan rasa ingin tahu. Merencanakan Mengidentifikasi, mengorganisasi dan menggambarkan langkah-langkah yang akan dilakukan serta dapat memahami dan menguraikan proses secara sederhana. Menyelidiki Mencari tahu secara sistematis mendalam dan terarah terhadap suatu objek - objek, fenomena atau masalah sesuai dengan kemampuannya. Memproses Mengolah informasi, bahan atau data menjadi hasil tertentu melalui tahapan atau langkah -langkah tertentu yang disesuaikan dengan kemampuan kognitif mereka yang konkrit dan terbatas. Menganalisis data serta informasi Menguraikan, membedakan, mengkategorikan, atau menarik kesimpulan dari data atau informasi yang telah dikumpulkan sesuai dengan kemampuannya. Mengkomunikasikan Hasil Menyampaikan atau menjelaskan informasi baik secara lisan tulisan atau melalui media visual pada proses yang telah mereka lakukan pada saat eksperimen atau pengamatan sesuai dengan kemampuannya.",AUTO-119,https://kurikulum.kemendikdasmen.go.id/service/download.php?kategori=rujukan&id=119,extracted_machine
LO-PENDIDIKAN-KHUSUS-ILMU-PENGETAHUAN-SOSIAL-E-2.1,SMA,E,Pendidikan Khusus Ilmu Pengetahuan Sosial,Pemahaman Konsep,"Memahami jenis, fungsi dan contoh lembaga sosial yang ada di masyarakat; mengenali peta lingkungan sederhana, meniru peta lingkungan sederhana dan pemanfaatan peta lingkungan bagi kehidupan sehari-hari; menyebutkan jenis-jenis pekerjaan berdasarkan bidang keterampilan yang ada di masyarakat; mengenali tempat kerja yang ada di masyarakat; menunjukkan kesadaran akan pentingnya semangat kerja; memahami kegiatan pengelolaan keuangan pribadi, mengendalikan keuangan untuk kegiatan memperoleh pendapatan, kegiatan jual-beli, konsumsi, tabungan dan investasi; dan menceritakan peristiwa dan peran tokoh pahlawan di wilayah setempat serta meniru sikap pahlawan yang harus diteladani dalam kehidupan sehari-hari.",AUTO-119,https://kurikulum.kemendikdasmen.go.id/service/download.php?kategori=rujukan&id=119,extracted_machine
LO-PENDIDIKAN-KHUSUS-ILMU-PENGETAHUAN-SOSIAL-E-2.2,SMA,E,Pendidikan Khusus Ilmu Pengetahuan Sosial,Keterampilan Proses,"Mengamati Mengamati fenomena dan peristiwa sosial di lingkungan sekitarnya dengan menggunakan pancaindra, dan mencatat hasil pengamatannya dengan memperhatikan karakteristik objek yang diamati sesuai dengan perkembangan, karakteristik, dan kebutuhan murid. Mempertanyakan Menyusun dan menjawab pertanyaan tentang hal-hal yang ingin diketahui saat melakukan pengamatan serta membuat prediksi mengenai objek dan peristiwa di lingkungan sekitarnya sesuai dengan perkembangan, karakteristik, dan kebutuhan murid. Merencanakan dan menyelidiki dengan panduan, Merencanakan dan melakukan langkah-langkah operasional untuk menjawab pertanyaan yang diajukan. Memproses data dan Informasi Menggunakan pemahaman yang dimiliki untuk mendiskusikan dan membandingkan antara hasil pengamatan sesuai dengan perkembangan, karakteristik, dan kebutuhan murid. Mengevaluasi dan Merefleksi Menjawab pertanyaan yang sudah diajukan sederhana dengan dan dan memberikan penjelasan berdasarkan data sesuai perkembangan, karakteristik, kebutuhan murid. Mengomunikasikan Hasil Mengomunikasikan hasil penyelidikan secara verbal dan tertulis dengan berbagai media sederhana yang adaptif dengan percaya diri ditunjang alasan sederhana.",AUTO-119,https://kurikulum.kemendikdasmen.go.id/service/download.php?kategori=rujukan&id=119,extracted_machine
LO-PENDIDIKAN-KHUSUS-ILMU-PENGETAHUAN-SOSIAL-F-3.1,SMA,F,Pendidikan Khusus Ilmu Pengetahuan Sosial,Pemahaman Konsep,"Menguraikan masalah-masalah sosial yang terjadi di masyarakat dan mengenali secara sederhana cara mengatasi masalah sosial; mengidentifikasi ragam jenis, potensi bencana dan upaya mengurangi resiko bencana di lingkungan tempat tinggal dan menerapkan simulasi penanggulangan bencana berdasarkan potensi kebencanaan di wilayah sekitar; Menguraikan pengertian, fungsi, jenis dan manfaat lembaga keuangan yang ada di masyarakat; mengurutkan rencana aktivitas pengelolaan keuangan di lembaga keuangan yang ada di masyarakat; menyebutkan jenis-jenis koperasi yang ada di masyarakat, menguraikan tujuan dan manfaat koperasi bagi kehidupan dan pentingnya usaha bersama melalui koperasi; menguraikan jenis-jenis serta manfaat peninggalan sejarah di wilayah setempat; dan menerapkan cara menjaga kelestarian peninggalan sejarah di setempat.",AUTO-119,https://kurikulum.kemendikdasmen.go.id/service/download.php?kategori=rujukan&id=119,extracted_machine
LO-PENDIDIKAN-KHUSUS-ILMU-PENGETAHUAN-SOSIAL-F-3.2,SMA,F,Pendidikan Khusus Ilmu Pengetahuan Sosial,Keterampilan Proses,"Mengamati Mengamati fenomena dan peristiwa sosial di lingkungan sekitarnya dengan menggunakan pancaindra, dan mencatat hasil pengamatannya dengan memperhatikan karakteristik objek yang diamati sesuai dengan perkembangan, karakteristik, dan kebutuhan murid. Mempertanyakan dan Memprediksi Menyusun dan menjawab pertanyaan tentang hal-hal yang ingin diketahui saat melakukan pengamatan; dan membuat prediksi mengenai objek dan peristiwa di lingkungan sekitarnya sesuai dengan perkembangan, karakteristik, serta kebutuhan murid. Merencanakan dan menyelidiki dengan panduan, Merencanakan dan melakukan langkah-langkah operasional untuk menjawab pertanyaan yang diajukan. ● Memproses data dan Informasi Menggunakan berbagai metode untuk mengorganisasikan informasi, termasuk gambar, tabel, dan media lainnya yang adaptif dengan karakteristiknya; dan menggunakan pemahaman yang dimilikinya untuk mendiskusikan dan membandingkan antara hasil pengamatan sesuai dengan perkembangan, karakteristik, serta kebutuhan murid. Mengevaluasi dan Merefleksi Menunjukkan kelebihan dan kekurangan proses penyelidikan serta menjawab pertanyaan yang sudah diajukan dan wilayah memberikan penjelasan sederhana berdasarkan data sesuai dengan perkembangan, karakteristik dan kebutuhan murid. ● Mengomunikasikan Hasil Mengomunikasikan hasil penyelidikan secara verbal dan tertulis dengan berbagai media sederhana yang adaptif dengan percaya diri ditunjang alasan sederhana sesuai konteks dengan perkembangan, karakteristik dan kebutuhan murid.",AUTO-119,https://kurikulum.kemendikdasmen.go.id/service/download.php?kategori=rujukan&id=119,extracted_machine
LO-PENDIDIKAN-KHUSUS-SENI-MUSIK-A-1.1,SD,A,Pendidikan Khusus Seni Musik,Mengalami (Experiencing),Mengenali bunyi bersumber dari musik sederhana. Mengidentifikasi unsur-unsur bunyi melalui lagu bertanda birama dua dan tiga.,AUTO-119,https://kurikulum.kemendikdasmen.go.id/service/download.php?kategori=rujukan&id=119,extracted_machine
LO-PENDIDIKAN-KHUSUS-SENI-MUSIK-A-1.2,SD,A,Pendidikan Khusus Seni Musik,Mengekspresikan (Expressing),Mengenali unsur-unsur bunyi baik intrinsik maupun ekstrinsik.,AUTO-119,https://kurikulum.kemendikdasmen.go.id/service/download.php?kategori=rujukan&id=119,extracted_machine
LO-PENDIDIKAN-KHUSUS-SENI-MUSIK-A-1.3,SD,A,Pendidikan Khusus Seni Musik,Merefleksikan (Reflecting),"Merefleksikan praktik musik sederhana melalui aktivitas bernyanyi lagu bertanda birama dua dan tiga atau bermain alat/media musik, baik sendiri maupun bersama-sama.",AUTO-119,https://kurikulum.kemendikdasmen.go.id/service/download.php?kategori=rujukan&id=119,extracted_machine
LO-PENDIDIKAN-KHUSUS-SENI-MUSIK-A-1.4,SD,A,Pendidikan Khusus Seni Musik,Berpikir dan Bekerja Artistik (Thinking and Working Artistically),Menunjukkan kebiasaan beraktivitas musik yang baik dan rutin dalam praktik musik sederhana melalui lagu birama dua dan tiga.,AUTO-119,https://kurikulum.kemendikdasmen.go.id/service/download.php?kategori=rujukan&id=119,extracted_machine
LO-PENDIDIKAN-KHUSUS-SENI-MUSIK-A-1.5,SD,A,Pendidikan Khusus Seni Musik,Berdampak (Impacting),-,AUTO-119,https://kurikulum.kemendikdasmen.go.id/service/download.php?kategori=rujukan&id=119,extracted_machine
LO-PENDIDIKAN-KHUSUS-SENI-MUSIK-B-2.1,SD,B,Pendidikan Khusus Seni Musik,Mengalami (Experiencing),"Mengidentifikasi bunyi sederhana berdasarkan imitasi akan kepekaan unsur-unsur bunyi, baik intrinsik maupun ekstrinsik melalui lagu birama empat dan irama musik ritmis.",AUTO-119,https://kurikulum.kemendikdasmen.go.id/service/download.php?kategori=rujukan&id=119,extracted_machine
LO-PENDIDIKAN-KHUSUS-SENI-MUSIK-B-2.2,SD,B,Pendidikan Khusus Seni Musik,,,AUTO-119,https://kurikulum.kemendikdasmen.go.id/service/download.php?kategori=rujukan&id=119,extracted_machine
LO-PENDIDIKAN-KHUSUS-SENI-MUSIK-B-2.3,SD,B,Pendidikan Khusus Seni Musik,Mengekspresikan (Expressing),"Membuat bunyi musik sederhana menjadi pola baru dengan menggunakan unsur-unsur bunyi musik baik intrinsik maupun ekstrinsik dengan menggunakan pola irama musik ritmis. Merefleksikan (Reflecting) Mengenali diri sendiri, sesama, dan lingkungan yang beragam (berkebinekaan), serta mampu memberi kesan atas praktik bermusik lewat bernyanyi lagu birama empat atau bermain alat/media musik, baik sendiri maupun bersama-sama dengan menggunakan pola irama musik ritmis.",AUTO-119,https://kurikulum.kemendikdasmen.go.id/service/download.php?kategori=rujukan&id=119,extracted_machine
LO-PENDIDIKAN-KHUSUS-SENI-MUSIK-B-2.4,SD,B,Pendidikan Khusus Seni Musik,Berpikir dan Bekerja Artistik (Thinking and Working Artistically),"Mengenali dan mendokumentasikan secara sederhana kebiasaan bermusik yang baik dan rutin dalam praktik musik sejak dari persiapan, saat bermusik, sampai selesai bermusik, dan memainkan karya musik sederhana secara artistik dengan mengandung nilai-nilai positifnya.",AUTO-119,https://kurikulum.kemendikdasmen.go.id/service/download.php?kategori=rujukan&id=119,extracted_machine
LO-PENDIDIKAN-KHUSUS-SENI-MUSIK-B-2.5,SD,B,Pendidikan Khusus Seni Musik,Berdampak (Impacting),-,AUTO-119,https://kurikulum.kemendikdasmen.go.id/service/download.php?kategori=rujukan&id=119,extracted_machine
LO-PENDIDIKAN-KHUSUS-SENI-MUSIK-C-3.1,SD,C,Pendidikan Khusus Seni Musik,Mengalami (Experiencing),Mengurutkan pola/tata bunyi dan unsur-unsur bunyi baik intrinsik maupun ekstrinsik melalui lagu berirama ritmis dan melodis.,AUTO-119,https://kurikulum.kemendikdasmen.go.id/service/download.php?kategori=rujukan&id=119,extracted_machine
LO-PENDIDIKAN-KHUSUS-SENI-MUSIK-C-3.2,SD,C,Pendidikan Khusus Seni Musik,Mengekspresikan (Expressing),"Menata pola/tata bunyi musik sederhana, memiliki kepekaan terhadap unsur bunyi musik dengan pola irama musik ritmis dan melodis.",AUTO-119,https://kurikulum.kemendikdasmen.go.id/service/download.php?kategori=rujukan&id=119,extracted_machine
LO-PENDIDIKAN-KHUSUS-SENI-MUSIK-C-3.3,SD,C,Pendidikan Khusus Seni Musik,Merefleksikan (Reflecting),Mengenali dan menceritakan praktik bermusik lewat bernyanyi lagu berirama ritmis dan melodis atau bermain alat/media musik baik sendiri maupun bersama-sama.,AUTO-119,https://kurikulum.kemendikdasmen.go.id/service/download.php?kategori=rujukan&id=119,extracted_machine
LO-PENDIDIKAN-KHUSUS-SENI-MUSIK-C-3.4,SD,C,Pendidikan Khusus Seni Musik,Berpikir dan Bekerja Artistik (Thinking and Working Artistically),"Mengurutkan praktik musik sejak dari persiapan, saat, sampai usai berpraktik musik ritmis dan melodis, serta memilih, memainkan, dan menghasilkan karya-karya musik sederhana yang mengandung nilai-nilai kearifan lokal dan global.",AUTO-119,https://kurikulum.kemendikdasmen.go.id/service/download.php?kategori=rujukan&id=119,extracted_machine
LO-PENDIDIKAN-KHUSUS-SENI-MUSIK-C-3.5,SD,C,Pendidikan Khusus Seni Musik,Berdampak (Impacting),-,AUTO-119,https://kurikulum.kemendikdasmen.go.id/service/download.php?kategori=rujukan&id=119,extracted_machine
LO-PENDIDIKAN-KHUSUS-SENI-MUSIK-D-4.1,SMP,D,Pendidikan Khusus Seni Musik,Mengalami (Experiencing),"Mengenali dan menerapkan pengalaman atas bunyi, serta secara aktif berpartisipasi dalam sajian musik ritmis dan melodis dalam lagu wajib dan nusantara maksimal delapan ruas birama.",AUTO-119,https://kurikulum.kemendikdasmen.go.id/service/download.php?kategori=rujukan&id=119,extracted_machine
LO-PENDIDIKAN-KHUSUS-SENI-MUSIK-D-4.2,SMP,D,Pendidikan Khusus Seni Musik,Mengekspresikan (Expressing),"Menghasilkan gagasan hingga menjadi karya musik yang autentik, berupa sebuah sajian dengan kepekaan akan unsur-unsur bunyi musik, baik intrinsik maupun ekstrinsik berupa, keragaman konteks, baik secara terencana maupun situasional, sesuai dengan kaidah tata bunyi/ musik ritmis dan melodis dalam lagu wajib dan nusantara maksimal delapan atau lebih ruas birama.",AUTO-119,https://kurikulum.kemendikdasmen.go.id/service/download.php?kategori=rujukan&id=119,extracted_machine
LO-PENDIDIKAN-KHUSUS-SENI-MUSIK-D-4.3,SMP,D,Pendidikan Khusus Seni Musik,Merefleksikan (Reflecting),"Mengenali, menceritakan, dan memadukan beragam praktik bermusik ritmis dan melodis, baik sendiri maupun bersama-sama. Menerapkan hubungannya dengan konteks dan kesenian lain akan kaidah tata bunyi/musik ritmis dan melodis dalam lagu wajib dan nusantara maksimal delapan atau lebih ruas.",AUTO-119,https://kurikulum.kemendikdasmen.go.id/service/download.php?kategori=rujukan&id=119,extracted_machine
LO-PENDIDIKAN-KHUSUS-SENI-MUSIK-D-4.4,SMP,D,Pendidikan Khusus Seni Musik,Berpikir dan Bekerja Artistik (Thinking and Working Artistically),"Menerapkan berpraktik musik sejak dari persiapan, saat, sampai usai berpraktik musik; dan memadukan konteks bermusik dimulai dari memilih, memainkan, menghasilkan, menganalisis karya-karya musik yang mengandung nilai-nilai kearifan lokal, baik secara individu maupun secara berkelompok akan kaidah tata bunyi/ musik ritmis dan melodis dalam lagu wajib dan nusantara maksimal delapan atau lebih ruas.",AUTO-119,https://kurikulum.kemendikdasmen.go.id/service/download.php?kategori=rujukan&id=119,extracted_machine
LO-PENDIDIKAN-KHUSUS-SENI-MUSIK-D-4.5,SMP,D,Pendidikan Khusus Seni Musik,Berdampak (Impacting),"Merefleksikan kegiatan-kegiatan bermusik lewat bernyanyi lagu wajib maksimal delapan atau lebih ruas birama dan lagu nusantara; dan memainkan media bunyi-musik, memperluas ragam praktik musiknya, dan terus berusaha mendapatkan pengalaman, serta kesan baik dan berharga bagi perbaikan dan kemajuan diri sendiri secara utuh dan bersama.",AUTO-119,https://kurikulum.kemendikdasmen.go.id/service/download.php?kategori=rujukan&id=119,extracted_machine
LO-PENDIDIKAN-KHUSUS-SENI-MUSIK-E-5.1,SMA,E,Pendidikan Khusus Seni Musik,Mengalami (Experiencing),"Mengenali serta menerapkan pengalaman atas bunyi/musik, serta secara sadar berpartisipasi dalam sajian musik dan lagu daerah setempat; dan berpartisipasi aktif dalam sajian musik yang berguna bagi perbaikan hidup baik untuk diri sendiri, sesama, lingkungan, maupun alam semesta.",AUTO-119,https://kurikulum.kemendikdasmen.go.id/service/download.php?kategori=rujukan&id=119,extracted_machine
LO-PENDIDIKAN-KHUSUS-SENI-MUSIK-E-5.2,SMA,E,Pendidikan Khusus Seni Musik,Mengekspresikan (Expressing),"Menghasilkan gagasan dan karya musik yang autentik, berupa sajian musik dan menyanyikan lagu daerah setempat serta keragaman konteks; dan melibatkan diri dalam praktikpraktik selain musik (bentuk seni yang lain) baik secara terencana maupun situasional yang berguna bagi perbaikan hidup diri sendiri, sesama, lingkungan, dan alam semesta",AUTO-119,https://kurikulum.kemendikdasmen.go.id/service/download.php?kategori=rujukan&id=119,extracted_machine
LO-PENDIDIKAN-KHUSUS-SENI-MUSIK-E-5.3,SMA,E,Pendidikan Khusus Seni Musik,Merefleksikan (Reflecting),"Menceritakan, memadukan dan merefleksi secara aktif beragam praktik bermusik daerah dan menyanyikan lagu daerah setempat, baik sendiri maupun bersama-sama yang berfungsi sebagai alat komunikasi secara lebih umum; dan memadukan konteks dan praktik-praktik lain yang lebih luas untuk perbaikan hidup baik bagi diri sendiri, sesama, lingkungan, maupun alam semesta.",AUTO-119,https://kurikulum.kemendikdasmen.go.id/service/download.php?kategori=rujukan&id=119,extracted_machine
LO-PENDIDIKAN-KHUSUS-SENI-MUSIK-E-5.4,SMA,E,Pendidikan Khusus Seni Musik,Berpikir dan Bekerja Artistik (Thinking and Working Artistically),"Menerapkan praktik bermusik sejak dari persiapan, saat, sampai usai berpraktik musik dengan kesadaran untuk perkembangan dan perbaikan kelancaran serta keluwesan bermusik dan bernyanyi lagu yang berasal dari daerah setempat; dan memilih, memainkan, menghasilkan, menganalisis, dan merefleksi karya-karya musik secara bebas dan bertanggung jawab serta sensitif terhadap fenomena kehidupan manusia.",AUTO-119,https://kurikulum.kemendikdasmen.go.id/service/download.php?kategori=rujukan&id=119,extracted_machine
LO-PENDIDIKAN-KHUSUS-SENI-MUSIK-E-5.5,SMA,E,Pendidikan Khusus Seni Musik,Berdampak (Impacting),"Merefleksikan praktik bermusik dan aktif dalam kegiatan-kegiatan bermusik lewat bernyanyi lagu yang berasal dari daerah setempat; dan memainkan media bunyi-musik dan memperluas wilayah praktik musiknya dengan praktik-praktik lain di luar musik, serta terus berusaha mendapatkan pengalaman dan kesan baik serta berharga bagi perbaikan dan kemajuan diri sendiri secara utuh dan bersama.",AUTO-119,https://kurikulum.kemendikdasmen.go.id/service/download.php?kategori=rujukan&id=119,extracted_machine
LO-PENDIDIKAN-KHUSUS-SENI-MUSIK-F-6.1,SMA,F,Pendidikan Khusus Seni Musik,Mengalami (Experiencing),Mengenali dan menerapkan pengalaman atas bunyi musik dan berpartisipasi secara sadar dalam sajian musik modern serta sajian musik secara luas.,AUTO-119,https://kurikulum.kemendikdasmen.go.id/service/download.php?kategori=rujukan&id=119,extracted_machine
LO-PENDIDIKAN-KHUSUS-SENI-MUSIK-F-6.2,SMA,F,Pendidikan Khusus Seni Musik,Mengekspresikan (Expressing),"Menghasilkan gagasan dan karya musik yang autentik, berupa sajian alat musik modern, keragaman konteks, melibatkan praktik-praktik selain musik (bentuk seni yang lain, penerapan dan penggunaan teknologi yang sesuai) baik secara terencana maupun situasional sesuai dan sadar akan kaidah tata bunyi musik modern dalam menyanyikan lagu nusantara dan mancanegara.",AUTO-119,https://kurikulum.kemendikdasmen.go.id/service/download.php?kategori=rujukan&id=119,extracted_machine
LO-PENDIDIKAN-KHUSUS-SENI-MUSIK-F-6.3,SMA,F,Pendidikan Khusus Seni Musik,Merefleksikan (Reflecting),"Menganalisis, merefleksikan secara aktif dan kreatif (peka); merekam beragam praktik bermusik berupa jenis musik modern, baik sendiri maupun bersama-sama yang berfungsi sebagai dokumentasi dan alat komunikasi secara lebih umum; dan menyadari hubungannya dengan konteks, praktik-praktik lain yang sesuai dengan kaidah-kaidah bermusik secara sadar, mendalam, autentik, baik secara terencana maupun situasional.",AUTO-119,https://kurikulum.kemendikdasmen.go.id/service/download.php?kategori=rujukan&id=119,extracted_machine
LO-PENDIDIKAN-KHUSUS-SENI-MUSIK-F-6.4,SMA,F,Pendidikan Khusus Seni Musik,Berpikir dan Bekerja Artistik (Thinking and Working Artistically),"Menerapkan kebiasaan bermusik secara baik dan cermat, dan menunjukkan tingkat kepekaan yang tinggi akan unsur-unsur bunyi musik, pengetahuan dan pemahaman bermusik berupa jenis musik modern, keberagaman konteks musik dalam praktik musik yang terencana baik secara sadar maupun situasional akan kaidah tata bunyi/musik.",AUTO-119,https://kurikulum.kemendikdasmen.go.id/service/download.php?kategori=rujukan&id=119,extracted_machine
LO-PENDIDIKAN-KHUSUS-SENI-MUSIK-F-6.5,SMA,F,Pendidikan Khusus Seni Musik,Berdampak (Impacting),"Merefleksikan praktik bermusik dan aktif dalam kegiatan bermusik berupa jenis musik modern lewat bernyanyi lagu nusantara dan mancanegara; dan memainkan media bunyi-musik dan memperluas wilayah praktik musiknya dengan praktik-praktik lain di luar musik, serta penambahan wawasan akan keberagaman konteks bermusik: lirik lagu, kegunaan musik yang dimainkan, era, style, kondisi sosial budaya, ekologis, dan lainlainnya, yang dapat berdampak bagi perbaikan dan kemajuan diri sendiri secara utuh dan bersama.",AUTO-119,https://kurikulum.kemendikdasmen.go.id/service/download.php?kategori=rujukan&id=119,extracted_machine
LO-PENDIDIKAN-KHUSUS-SENI-RUPA-A-1.1,SD,A,Pendidikan Khusus Seni Rupa,Mengalami (Experiencing),"Mengidentifikasi, mengenali, mengingat, menggambar dan menerapkan pengalamannya secara visual dengan bentuk-bentuk dasar geometris, gambar ekspresi, kolase atau montase pada karya dua dimensi atau tiga dimensi; dan mengenali dan menerapkan alat dan bahan dasar dalam berkarya seni rupa.",AUTO-119,https://kurikulum.kemendikdasmen.go.id/service/download.php?kategori=rujukan&id=119,extracted_machine
LO-PENDIDIKAN-KHUSUS-SENI-RUPA-A-1.2,SD,A,Pendidikan Khusus Seni Rupa,Mengekspresikan (Expressing),"Mengekspresikan dan menciptakan karya berupa karya geometris, gambar ekspresi, kolase, atau montase dengan mengilustrasikan, menerapkan; dan memadukan penggunaan elemen seni rupa berupa garis, bentuk, tekstur, ruang, dan warna.",AUTO-119,https://kurikulum.kemendikdasmen.go.id/service/download.php?kategori=rujukan&id=119,extracted_machine
LO-PENDIDIKAN-KHUSUS-SENI-RUPA-A-1.3,SD,A,Pendidikan Khusus Seni Rupa,Merefleksikan (Reflecting),"Mengenali, merefleksikan, menjelaskan dan menceritakan karya yang diciptakannya; dan mengidentifikasi serta memberikan penilaian pada karya orang lain.",AUTO-119,https://kurikulum.kemendikdasmen.go.id/service/download.php?kategori=rujukan&id=119,extracted_machine
LO-PENDIDIKAN-KHUSUS-SENI-RUPA-A-1.4,SD,A,Pendidikan Khusus Seni Rupa,Berpikir dan Bekerja Artistik (Thinking and Working Artistically),Mengenali dan menerapkan berbagai prosedur dasar sederhana untuk berkarya dengan aneka pilihan media yang tersedia di sekitar; dan mengidentifikasi serta menerapkan faktor keselamatan dalam bekerja.,AUTO-119,https://kurikulum.kemendikdasmen.go.id/service/download.php?kategori=rujukan&id=119,extracted_machine
LO-PENDIDIKAN-KHUSUS-SENI-RUPA-A-1.5,SD,A,Pendidikan Khusus Seni Rupa,Berdampak (Impacting),-,AUTO-119,https://kurikulum.kemendikdasmen.go.id/service/download.php?kategori=rujukan&id=119,extracted_machine
LO-PENDIDIKAN-KHUSUS-SENI-RUPA-B-2.1,SD,B,Pendidikan Khusus Seni Rupa,Mengalami (Experiencing),"Mengidentifikasi, mengenali, mengingat, dan menggambar pengalamannya dalam bentuk visual pada media dua dimensi atau tiga dimensi dalam bentuk karya mozaik, cetak tinggi, atau kerajinan ikat celup dengan tema (flora dan fauna); dan mengenali, membedakan serta menerapkan alat, bahan dan teknik dalam berkarya seni rupa.",AUTO-119,https://kurikulum.kemendikdasmen.go.id/service/download.php?kategori=rujukan&id=119,extracted_machine
LO-PENDIDIKAN-KHUSUS-SENI-RUPA-B-2.2,SD,B,Pendidikan Khusus Seni Rupa,Mengekspresikan (Expressing),"Mengekspresikan dan menciptakan karya dengan bimbingan pendidik atau mandiri dalam bentuk karya mozaik, cetak tinggi, dan kerajinan ikat celup dengan tema (flora dan fauna) sehingga mampu menghasilkan karya dua dimensi atau tiga dimensi sesuai dengan tahap perkembangannya.",AUTO-119,https://kurikulum.kemendikdasmen.go.id/service/download.php?kategori=rujukan&id=119,extracted_machine
LO-PENDIDIKAN-KHUSUS-SENI-RUPA-B-2.3,SD,B,Pendidikan Khusus Seni Rupa,Merefleksikan (Reflecting),Mengenali dan menceritakan karya yang diciptakannya; dan meninjau serta memberikan penilaian pada karya orang lain.,AUTO-119,https://kurikulum.kemendikdasmen.go.id/service/download.php?kategori=rujukan&id=119,extracted_machine
LO-PENDIDIKAN-KHUSUS-SENI-RUPA-B-2.4,SD,B,Pendidikan Khusus Seni Rupa,Berpikir dan bekerja artistik (Thinking and Working Artistically),"Mengenali dan menerapkan berbagai prosedur dasar sederhana untuk berkarya dengan aneka pilihan media yang tersedia di sekitar; dan mengidentifikasi, mengenali, serta menerapkan faktor keselamatan dalam bekerja.",AUTO-119,https://kurikulum.kemendikdasmen.go.id/service/download.php?kategori=rujukan&id=119,extracted_machine
LO-PENDIDIKAN-KHUSUS-SENI-RUPA-B-2.5,SD,B,Pendidikan Khusus Seni Rupa,Berdampak (Impacting),-,AUTO-119,https://kurikulum.kemendikdasmen.go.id/service/download.php?kategori=rujukan&id=119,extracted_machine
LO-PENDIDIKAN-KHUSUS-SENI-RUPA-C-3.1,SD,C,Pendidikan Khusus Seni Rupa,Mengalami (Experiencing),"Mengidentifikasi, mengenali, menggambar dan menerapkan pengalamannya secara visual dalam karya seni rupa dua atau tiga dimensi dengan menerapkan berbagai tema flora, fauna, atau alam benda kedalam karya seni rupa.",AUTO-119,https://kurikulum.kemendikdasmen.go.id/service/download.php?kategori=rujukan&id=119,extracted_machine
LO-PENDIDIKAN-KHUSUS-SENI-RUPA-C-3.2,SD,C,Pendidikan Khusus Seni Rupa,Mengekspresikan (expressing),"Mengekspresikan karya seni rupa dengan bimbingan pendidik atau secara mandiri dengan kegiatan menggambar, mengilustrasikan dan menciptakan karya dari elemen seni rupa berupa garis, bentuk, tekstur, ruang, dan warna dengan menerapkan tema flora, fauna atau alam benda sehingga menghasilkan karya seni rupa dua atau tiga dimensi.",AUTO-119,https://kurikulum.kemendikdasmen.go.id/service/download.php?kategori=rujukan&id=119,extracted_machine
LO-PENDIDIKAN-KHUSUS-SENI-RUPA-C-3.3,SD,C,Pendidikan Khusus Seni Rupa,Merefleksikan (Reflecting),"Menerapkan, menjelaskan, membedakan dan merefleksikan mengenai karya seni rupa yang dibuatnya. Murid dapat mengenali dan menceritakan karya orang lain.",AUTO-119,https://kurikulum.kemendikdasmen.go.id/service/download.php?kategori=rujukan&id=119,extracted_machine
LO-PENDIDIKAN-KHUSUS-SENI-RUPA-C-3.4,SD,C,Pendidikan Khusus Seni Rupa,Berpikir dan bekerja artistik (Thinking and Working Artistically),Menggunakan berbagai prosedur dasar sederhana untuk berkarya dengan aneka pilihan media yang tersedia di sekitar; dan memahami faktor keselamatan dalam bekerja.,AUTO-119,https://kurikulum.kemendikdasmen.go.id/service/download.php?kategori=rujukan&id=119,extracted_machine
LO-PENDIDIKAN-KHUSUS-SENI-RUPA-C-3.5,SD,C,Pendidikan Khusus Seni Rupa,Berdampak (Impacting),-,AUTO-119,https://kurikulum.kemendikdasmen.go.id/service/download.php?kategori=rujukan&id=119,extracted_machine
LO-PENDIDIKAN-KHUSUS-SENI-RUPA-D-4.1,SMP,D,Pendidikan Khusus Seni Rupa,Mengalami (Experiencing),"Mengenali, meniru dan memberitahu pengalamannya secara visual terhadap karya seni rupa dengan tema flora, fauna, alam benda dan manusia pada media dua atau tiga dimensi; dan menerapkan serta memadukan proporsi, gaya dan ruang.",AUTO-119,https://kurikulum.kemendikdasmen.go.id/service/download.php?kategori=rujukan&id=119,extracted_machine
LO-PENDIDIKAN-KHUSUS-SENI-RUPA-D-4.2,SMP,D,Pendidikan Khusus Seni Rupa,Mengekspresikan (Expressing),"Mengekspresikan karya seni rupa dalam konteks menggambar, mengilustrasikan dan menciptakan gambar ekspresi pribadi atau gambar dengan tema flora, fauna, alam benda serta manusia dengan bimbingan pendidik atau mandiri; menerapkan serta memadukan pengetahuan unsur seni rupa serta prinsip seni rupa dalam berkarya seni rupa dua atau tiga dimensi.",AUTO-119,https://kurikulum.kemendikdasmen.go.id/service/download.php?kategori=rujukan&id=119,extracted_machine
LO-PENDIDIKAN-KHUSUS-SENI-RUPA-D-4.3,SMP,D,Pendidikan Khusus Seni Rupa,Merefleksikan (Reflecting),"Membedakan serta merefleksikan karya seni rupa dalam konteks ekspresi pribadi atau sesuai dengan tema flora, fauna, alam benda dan manusia dengan bimbingan pendidik atau mandiri; dan menulis, menyusun serta melaporkan karya seni rupa dalam bentuk deskripsi.",AUTO-119,https://kurikulum.kemendikdasmen.go.id/service/download.php?kategori=rujukan&id=119,extracted_machine
LO-PENDIDIKAN-KHUSUS-SENI-RUPA-D-4.4,SMP,D,Pendidikan Khusus Seni Rupa,Berpikir dan bekerja artistik (Thinking and Working Artistically),Mengenali dan menerapkan penggunaan berbagai prosedur dasar sederhana untuk berkarya dengan aneka pilihan media yang tersedia di sekitar secara mandiri; dan menerapkan upaya menjaga keselamatan dalam bekerja.,AUTO-119,https://kurikulum.kemendikdasmen.go.id/service/download.php?kategori=rujukan&id=119,extracted_machine
LO-PENDIDIKAN-KHUSUS-SENI-RUPA-D-4.5,SMP,D,Pendidikan Khusus Seni Rupa,Berdampak (Impacting),"Menciptakan dan menceritakan karya sendiri yang sesuai dengan perasaan, minat, atau konteks lingkungannya.",AUTO-119,https://kurikulum.kemendikdasmen.go.id/service/download.php?kategori=rujukan&id=119,extracted_machine
LO-PENDIDIKAN-KHUSUS-SENI-RUPA-E-5.1,SMA,E,Pendidikan Khusus Seni Rupa,Mengalami (Experiencing),"Mengidentifikasi, mengurutkan, dan mengilustrasikan pengalaman dan pengamatannya terhadap lingkungan, perasaan, atau topik tertentu secara visual pada karya dua atau tiga dimensi dengan tema flora, fauna, alam benda atau manusia.",AUTO-119,https://kurikulum.kemendikdasmen.go.id/service/download.php?kategori=rujukan&id=119,extracted_machine
LO-PENDIDIKAN-KHUSUS-SENI-RUPA-E-5.2,SMA,E,Pendidikan Khusus Seni Rupa,Mengekspresikan (Expressing),"Memilih dan mengilustrasikan unsur seni rupa, serta mulai menerapkan dan memadukan garis, bentuk, tekstur, ruang, dan warna secara visual sehingga menghasilkan karya dua atau tiga dimensi dengan menggunakan tema flora, fauna, alam benda atau manusia.",AUTO-119,https://kurikulum.kemendikdasmen.go.id/service/download.php?kategori=rujukan&id=119,extracted_machine
LO-PENDIDIKAN-KHUSUS-SENI-RUPA-E-5.3,SMA,E,Pendidikan Khusus Seni Rupa,Merefleksikan (Reflecting),"memahami fokus dari karya yang diciptakan sesuai dengan pengalaman dan perasaannya mengenai karya tersebut, serta menyusun rencana pembelajaran selanjutnya berdasarkan hasil refleksi; dan melakukan pemeriksaan dan memberikan penilaian terhadap karya seni rupa orang lain dengan menggunakan kosakata seni rupa atau bahasa visual yang sesuai.",AUTO-119,https://kurikulum.kemendikdasmen.go.id/service/download.php?kategori=rujukan&id=119,extracted_machine
LO-PENDIDIKAN-KHUSUS-SENI-RUPA-E-5.4,SMA,E,Pendidikan Khusus Seni Rupa,Berpikir dan Bekerja Artistik (Thinking and Working Artistically),"Menentukan tahapan dan tema dalam membuat karya seni rupa dua atau tiga dimensi secara mandiri menggunakan berbagai prosedur dasar sederhana untuk berkarya dengan aneka pilihan media yang tersedia di sekitar; dan menyusun, menggunakan prosedur kerja, serta memeriksa faktor keselamatan sebagai bagian dari pembiasaan berkarya.",AUTO-119,https://kurikulum.kemendikdasmen.go.id/service/download.php?kategori=rujukan&id=119,extracted_machine
LO-PENDIDIKAN-KHUSUS-SENI-RUPA-E-5.5,SMA,E,Pendidikan Khusus Seni Rupa,Berdampak (Impacting),"Menciptakan karya dua atau tiga dimensi sesuai dengan bimbingan pendidik atau karya sendiri yang sesuai dengan perasaan, minat atau konteks lingkungannya.",AUTO-119,https://kurikulum.kemendikdasmen.go.id/service/download.php?kategori=rujukan&id=119,extracted_machine
LO-PENDIDIKAN-KHUSUS-SENI-RUPA-F-6.1,SMA,F,Pendidikan Khusus Seni Rupa,Mengalami (Experiencing),"Mengidentifikasi, mengurutkan, dan mengilustrasikan pengalaman dan pengamatannya terhadap karya dua atau tiga dimensi dengan memilih tema tertentu sesuai dengan minat dan bakatnya.",AUTO-119,https://kurikulum.kemendikdasmen.go.id/service/download.php?kategori=rujukan&id=119,extracted_machine
LO-PENDIDIKAN-KHUSUS-SENI-RUPA-F-6.2,SMA,F,Pendidikan Khusus Seni Rupa,Mengekspresikan (Expressing),"Menerapkan dan memadukan pilihan tema, teknik, dan gaya dalam karya seni dua atau tiga dimensi yang sesuai dengan tujuan karyanya.",AUTO-119,https://kurikulum.kemendikdasmen.go.id/service/download.php?kategori=rujukan&id=119,extracted_machine
LO-PENDIDIKAN-KHUSUS-SENI-RUPA-F-6.3,SMA,F,Pendidikan Khusus Seni Rupa,Merefleksikan (Reflecting),"Meninjau dan menyimpulkan efektivitas pesan dan penggunaan media sebuah karya secara kritis, baik pribadi maupun orang lain serta merencanakan langkah pembelajaran selanjutnya; dan melaksanakan pemeriksaan serta penilaian pada karya sendiri dan orang lain.",AUTO-119,https://kurikulum.kemendikdasmen.go.id/service/download.php?kategori=rujukan&id=119,extracted_machine
LO-PENDIDIKAN-KHUSUS-SENI-RUPA-F-6.4,SMA,F,Pendidikan Khusus Seni Rupa,Berpikir dan Bekerja Artistik (Thinking and Working Artistically),"Menciptakan dan merefleksikan karya berdasarkan perasaan, empati, dan penilaian secara ekspresif, produktif, inventif, dan inovatif; menggeneralisasi gagasan serta mengembangkan berbagai sudut pandang untuk mendapatkan ide, menciptakan peluang; dan mengelola tantangan dalam berkarya seni rupa.",AUTO-119,https://kurikulum.kemendikdasmen.go.id/service/download.php?kategori=rujukan&id=119,extracted_machine
LO-PENDIDIKAN-KHUSUS-SENI-RUPA-F-6.5,SMA,F,Pendidikan Khusus Seni Rupa,Berdampak (Impacting),"Menciptakan karya sendiri berupa karya dua atau tiga dimensi atas dasar perasaan, minat, nalar, dan sesuai minatnya.",AUTO-119,https://kurikulum.kemendikdasmen.go.id/service/download.php?kategori=rujukan&id=119,extracted_machine
LO-PENDIDIKAN-KHUSUS-SENI-TARI-A-1.1,SD,A,Pendidikan Khusus Seni Tari,Mengalami (Experiencing),"Mengamati gerak bagian-bagian anggota tubuh dengan tidak berpindah dan berpindah tempat dalam kehidupan sehari-hari (sesuai dengan kemampuan) menggunakan tempo, irama dan kode ketukan sebagai media komunikasi secara berulang-ulang dengan bimbingan.",AUTO-119,https://kurikulum.kemendikdasmen.go.id/service/download.php?kategori=rujukan&id=119,extracted_machine
LO-PENDIDIKAN-KHUSUS-SENI-TARI-A-1.2,SD,A,Pendidikan Khusus Seni Tari,Merefleksikan (Reflecting),Mengenal gerak sehari-hari anggota tubuh dengan tidak berpindah dan berpindah tempat menggunakan irama dan kode ketukan yang memiliki kesatuan gerak,AUTO-119,https://kurikulum.kemendikdasmen.go.id/service/download.php?kategori=rujukan&id=119,extracted_machine
LO-PENDIDIKAN-KHUSUS-SENI-TARI-A-1.3,SD,A,Pendidikan Khusus Seni Tari,Berpikir dan Bekerja Artistik (Thinking and Working Artistically),Menunjukkan hasil gerak sangat sederhana dengan tidak berpindah dan berpindah tempat dengan percaya diri saat mengekspresikan kepada penonton di lingkungan sekitar.,AUTO-119,https://kurikulum.kemendikdasmen.go.id/service/download.php?kategori=rujukan&id=119,extracted_machine
LO-PENDIDIKAN-KHUSUS-SENI-TARI-A-1.4,SD,A,Pendidikan Khusus Seni Tari,Mengekspresikan (Expressing),Mengembangkan gerak bagian-bagian anggota tubuh dengan tidak berpindah dan berpindah tempat dalam sehari-hari dengan sangat sederhana menggunakan irama dan kode ketukan yang memiliki kesatuan gerak.,AUTO-119,https://kurikulum.kemendikdasmen.go.id/service/download.php?kategori=rujukan&id=119,extracted_machine
LO-PENDIDIKAN-KHUSUS-SENI-TARI-B-2.1,SD,B,Pendidikan Khusus Seni Tari,Mengalami (Experiencing),"Mengamati, mengidentifikasi dan melakukan gerak sehari-hari dengan kode ketukan, berdasarkan level, dengan memperhatikan tempo, dan tema menjadi gerak tari sangat sederhana, tempo, dan tema menjadi gerak tari sangat sederhana dengan bimbingan sesuai tari daerah setempat.",AUTO-119,https://kurikulum.kemendikdasmen.go.id/service/download.php?kategori=rujukan&id=119,extracted_machine
LO-PENDIDIKAN-KHUSUS-SENI-TARI-B-2.2,SD,B,Pendidikan Khusus Seni Tari,Merefleksikan (Reflecting),"Mengenal dan melakukan gerak tari sangat sederhana dengan kode ketukan, berdasarkan level, dengan memperhatikan tempo, dan tema sesuai dengan tari daerah setempat.",AUTO-119,https://kurikulum.kemendikdasmen.go.id/service/download.php?kategori=rujukan&id=119,extracted_machine
LO-PENDIDIKAN-KHUSUS-SENI-TARI-B-2.3,SD,B,Pendidikan Khusus Seni Tari,Berpikir dan Bekerja Artistik (Thinking and Working Artistically),"Menunjukkan dan atau memperagakan rangkaian gerak tari sangat sederhana dengan kode ketukan, berdasarkan level, dengan memperhatikan tempo, dan tema sesuai dengan tari daerah setempat melalui kerjasama",AUTO-119,https://kurikulum.kemendikdasmen.go.id/service/download.php?kategori=rujukan&id=119,extracted_machine
LO-PENDIDIKAN-KHUSUS-SENI-TARI-B-2.4,SD,B,Pendidikan Khusus Seni Tari,Mengekspresikan (Expressing),"Mengembangkan gerak sehari-hari dengan kode ketukan, berdasarkan level, dengan memperhatikan tempo dan tema sesuai dengan tari daerah setempat menjadi gerak tari sangat sederhana yang memiliki kesatuan gerak",AUTO-119,https://kurikulum.kemendikdasmen.go.id/service/download.php?kategori=rujukan&id=119,extracted_machine
LO-PENDIDIKAN-KHUSUS-SENI-TARI-C-3.1,SD,C,Pendidikan Khusus Seni Tari,Mengalami (Experiencing),"Mengamati berbagai bentuk gerak tari daerah dengan unsur-unsur tari, memperhatikan irama dan busana.",AUTO-119,https://kurikulum.kemendikdasmen.go.id/service/download.php?kategori=rujukan&id=119,extracted_machine
LO-PENDIDIKAN-KHUSUS-SENI-TARI-C-3.2,SD,C,Pendidikan Khusus Seni Tari,Merefleksikan (Reflecting),Menghargai hasil pencapaian karya tari daerah dengan unsur-unsur memperhatikan irama dan busana dengan mempertimbangkan pendapat orang lain dan mengekspresikan diri.,AUTO-119,https://kurikulum.kemendikdasmen.go.id/service/download.php?kategori=rujukan&id=119,extracted_machine
LO-PENDIDIKAN-KHUSUS-SENI-TARI-C-3.3,SD,C,Pendidikan Khusus Seni Tari,Berpikir dan Bekerja Artistik (Thinking and Working Artistically),"Menunjukkan gerak tari daerah dengan unsur tari, memperhatikan irama dan busana dengan kooperatif dan berperan aktif dalam kelompok.",AUTO-119,https://kurikulum.kemendikdasmen.go.id/service/download.php?kategori=rujukan&id=119,extracted_machine
LO-PENDIDIKAN-KHUSUS-SENI-TARI-C-3.4,SD,C,Pendidikan Khusus Seni Tari,Mengekspresikan (Expressing),"mengaplikasikan gerak tari daerah dengan unsur- unsur tari, memperhatikan irama dan busana sesuai dengan kemampuan murid.",AUTO-119,https://kurikulum.kemendikdasmen.go.id/service/download.php?kategori=rujukan&id=119,extracted_machine
LO-PENDIDIKAN-KHUSUS-SENI-TARI-D-4.1,SMP,D,Pendidikan Khusus Seni Tari,Mengalami (Experiencing),"Mengidentifikasi dengan bimbingan mengenai tari daerah, pola lantai, tari nusantara dengan unsur-unsur tari (wiraga, wirasa, dan wirama), tari kreasi baru.",AUTO-119,https://kurikulum.kemendikdasmen.go.id/service/download.php?kategori=rujukan&id=119,extracted_machine
LO-PENDIDIKAN-KHUSUS-SENI-TARI-D-4.2,SMP,D,Pendidikan Khusus Seni Tari,Merefleksikan (Reflecting),Mengevaluasi hasil penciptaan karya tari dengan mengapresiasi nilai estetis tari nusantara dan kreasi dalam menciptakan ide-ide baru ke dalam karyanya.,AUTO-119,https://kurikulum.kemendikdasmen.go.id/service/download.php?kategori=rujukan&id=119,extracted_machine
LO-PENDIDIKAN-KHUSUS-SENI-TARI-D-4.3,SMP,D,Pendidikan Khusus Seni Tari,Berpikir dan Bekerja Artistik (Thinking and Working Artistically),"Mempertunjukkan hasil gerak tari nusantara dan kreasi sangat sederhana berdasarkan nilai, jenis, dan fungsi dari tari tradisi dalam berbagai bentuk penyajian baik individu ataupun kelompok dengan unsur utama dan pendukung tari.",AUTO-119,https://kurikulum.kemendikdasmen.go.id/service/download.php?kategori=rujukan&id=119,extracted_machine
LO-PENDIDIKAN-KHUSUS-SENI-TARI-D-4.4,SMP,D,Pendidikan Khusus Seni Tari,Mengekspresikan (Expressing),"Membuat gerak tari nusantara dan kreasi sederhana yang merefleksikan nilai, jenis dan fungsi dari tari tradisi dengan mempertimbangkan unsur utama dan pendukung tari sesuai dengan kemampuan murid.",AUTO-119,https://kurikulum.kemendikdasmen.go.id/service/download.php?kategori=rujukan&id=119,extracted_machine
LO-PENDIDIKAN-KHUSUS-SENI-TARI-D-4.5,SMP,D,Pendidikan Khusus Seni Tari,Berdampak (Impacting),Menghargai dan mengajak orang lain untuk mencintai dan merasa bangga atas warisan keanekaragaman budaya Indonesia khususnya tari nusantara dan kreasi melalui proses kreatif yang dilakukan berulang-ulang.,AUTO-119,https://kurikulum.kemendikdasmen.go.id/service/download.php?kategori=rujukan&id=119,extracted_machine
LO-PENDIDIKAN-KHUSUS-SENI-TARI-E-5.1,SMA,E,Pendidikan Khusus Seni Tari,Mengalami (Experiencing),Memahami dan menggali makna dari unsur gerak tari pada tari nusantara dan kreasi modern dalam bentuk karya seni melalui pengamatan sebuah video atau pementasan secara langsung,AUTO-119,https://kurikulum.kemendikdasmen.go.id/service/download.php?kategori=rujukan&id=119,extracted_machine
LO-PENDIDIKAN-KHUSUS-SENI-TARI-E-5.2,SMA,E,Pendidikan Khusus Seni Tari,Merefleksikan (Reflecting),Mengevaluasi hasil penciptaan karya gerak tari nusantara dan tari modern dengan mengapresiasi nilai estetis dalam menciptakan ide-ide baru ke dalam karyanya dengan kreatif dan mandiri.,AUTO-119,https://kurikulum.kemendikdasmen.go.id/service/download.php?kategori=rujukan&id=119,extracted_machine
LO-PENDIDIKAN-KHUSUS-SENI-TARI-E-5.3,SMA,E,Pendidikan Khusus Seni Tari,Berpikir dan Bekerja Artistik (Thinking and Working Artistically),Menunjukkan hasil karya gerak tari kreasi nusantara atau modern sederhana secara individu maupun kelompok.,AUTO-119,https://kurikulum.kemendikdasmen.go.id/service/download.php?kategori=rujukan&id=119,extracted_machine
LO-PENDIDIKAN-KHUSUS-SENI-TARI-E-5.4,SMA,E,Pendidikan Khusus Seni Tari,Mengekspresikan (Expressing),Mengekspresikan karya gerak tari kreasi modern atau tari nusantara sangat sederhana berdasarkan makna dan unsur tari dari tari tradisi modern atau tari nusantara sesuai dengan kemampuan murid,AUTO-119,https://kurikulum.kemendikdasmen.go.id/service/download.php?kategori=rujukan&id=119,extracted_machine
LO-PENDIDIKAN-KHUSUS-SENI-TARI-E-5.5,SMA,E,Pendidikan Khusus Seni Tari,Berdampak (Impacting),"Mengaktualisasikan diri melalui pertunjukan tari pada lingkungan sekitar dan menumbuhkan rasa keanekaragaman, kreatif, dan mandiri.",AUTO-119,https://kurikulum.kemendikdasmen.go.id/service/download.php?kategori=rujukan&id=119,extracted_machine
LO-PENDIDIKAN-KHUSUS-SENI-TARI-F-6.1,SMA,F,Pendidikan Khusus Seni Tari,Mengalami (Experiencing),"Memahami dan membandingkan berbagai macam pertunjukan tari kreasi baru dan tari kontemporer berdasarkan makna, unsur tari dan nilai estetis dari perspektif berbagai aspek seni sesuai dengan pengalaman dan wawasan.",AUTO-119,https://kurikulum.kemendikdasmen.go.id/service/download.php?kategori=rujukan&id=119,extracted_machine
LO-PENDIDIKAN-KHUSUS-SENI-TARI-F-6.2,SMA,F,Pendidikan Khusus Seni Tari,Merefleksikan (Reflecting),Mengevaluasi hasil penciptaan karya tari dengan mengapresiasi nilai estetis tari tradisi sesuai kemampuan.,AUTO-119,https://kurikulum.kemendikdasmen.go.id/service/download.php?kategori=rujukan&id=119,extracted_machine
LO-PENDIDIKAN-KHUSUS-SENI-TARI-F-6.3,SMA,F,Pendidikan Khusus Seni Tari,Berpikir dan Bekerja Artistik (Thinking and Working Artistically),"Menunjukkan hasil penciptaan tari kreasi baru, tari kontemporer dan tari mancanegara secara individu maupun kelompok dalam pertunjukan.",AUTO-119,https://kurikulum.kemendikdasmen.go.id/service/download.php?kategori=rujukan&id=119,extracted_machine
LO-PENDIDIKAN-KHUSUS-SENI-TARI-F-6.4,SMA,F,Pendidikan Khusus Seni Tari,Mengekspresikan (Expressing),"Mengekspresikan tari kreasi sederhana yang terinspirasi dari hasil membandingkan berbagai pertunjukkan tari tradisi, kreasi, dan kontemporer berdasarkan kemampuan masing-masing.",AUTO-119,https://kurikulum.kemendikdasmen.go.id/service/download.php?kategori=rujukan&id=119,extracted_machine
LO-PENDIDIKAN-KHUSUS-SENI-TARI-F-6.5,SMA,F,Pendidikan Khusus Seni Tari,Berdampak (Impacting),"Mengaktualisasikan diri dalam mempengaruhi orang lain untuk mengapresiasi pertunjukan tari tradisi, kreasi, dan kontemporer berdasarkan kemampuan masing-masing",AUTO-119,https://kurikulum.kemendikdasmen.go.id/service/download.php?kategori=rujukan&id=119,extracted_machine
LO-PENDIDIKAN-KHUSUS-SENI-TEATER-A-1.1,SD,A,Pendidikan Khusus Seni Teater,Mengalami (Experiencing),"Mengenali teater: tokoh (lingkungan terdekat), gerak (gerakan satu sampai dua anggota tubuh), dialog (olah vokal dasar berupa huruf A, I, U, E, O), dan pantomim (gerak tubuh, ekspresi wajah) secara dasar melalui pengamatan pertunjukan sederhana baik langsung maupun tidak langsung.",AUTO-119,https://kurikulum.kemendikdasmen.go.id/service/download.php?kategori=rujukan&id=119,extracted_machine
LO-PENDIDIKAN-KHUSUS-SENI-TEATER-A-1.2,SD,A,Pendidikan Khusus Seni Teater,Merefleksikan (Reflecting),"Menemukan teater (tokoh), dan pantomim (gerak tubuh, ekspresi wajah) yang sudah dilihat/didengarkan.",AUTO-119,https://kurikulum.kemendikdasmen.go.id/service/download.php?kategori=rujukan&id=119,extracted_machine
LO-PENDIDIKAN-KHUSUS-SENI-TEATER-A-1.3,SD,A,Pendidikan Khusus Seni Teater,Berpikir dan Bekerja Artistik (Thinking and Working Artistically),"Menemukan kostum, riasan, dan, hands props.",AUTO-119,https://kurikulum.kemendikdasmen.go.id/service/download.php?kategori=rujukan&id=119,extracted_machine
LO-PENDIDIKAN-KHUSUS-SENI-TEATER-A-1.4,SD,A,Pendidikan Khusus Seni Teater,Mengekspresikan (Expressing),"Meniru teater (tokoh, gerak, dialog), dan pantomim (gerak tubuh, ekspresi wajah) yang sangat sederhana.",AUTO-119,https://kurikulum.kemendikdasmen.go.id/service/download.php?kategori=rujukan&id=119,extracted_machine
LO-PENDIDIKAN-KHUSUS-SENI-TEATER-B-2.1,SD,B,Pendidikan Khusus Seni Teater,Mengalami (Experiencing),"Mengenali teater: tokoh (lingkungan sekitar), gerak mengkombinasikan beberapa gerak tubuh), dialog (suara alam) dan pantomim: gerak tubuh (gerak-gerak tunggal) dan ekspresi wajah melalui pengamatan pertunjukan sederhana, baik langsung maupun tidak langsung.",AUTO-119,https://kurikulum.kemendikdasmen.go.id/service/download.php?kategori=rujukan&id=119,extracted_machine
LO-PENDIDIKAN-KHUSUS-SENI-TEATER-B-2.2,SD,B,Pendidikan Khusus Seni Teater,Merefleksikan (Reflecting),"Memberi tahu teater (peran) dan pantomim (gerak tubuh, ekspresi wajah) yang sudah dilihat/didengarnya.",AUTO-119,https://kurikulum.kemendikdasmen.go.id/service/download.php?kategori=rujukan&id=119,extracted_machine
LO-PENDIDIKAN-KHUSUS-SENI-TEATER-B-2.3,SD,B,Pendidikan Khusus Seni Teater,Berpikir dan Bekerja Artistik (Thinking and Working Artistically),"Menerapkan kostum, riasan, dan hands props dengan bantuan.",AUTO-119,https://kurikulum.kemendikdasmen.go.id/service/download.php?kategori=rujukan&id=119,extracted_machine
LO-PENDIDIKAN-KHUSUS-SENI-TEATER-B-2.4,SD,B,Pendidikan Khusus Seni Teater,Mengekspresikan (Expressing),"Menghafal, meniru teater (tokoh, gerak, dialog), dan pantomim (gerak tubuh, ekspresi wajah), melalui pertunjukan tunggal.",AUTO-119,https://kurikulum.kemendikdasmen.go.id/service/download.php?kategori=rujukan&id=119,extracted_machine
LO-PENDIDIKAN-KHUSUS-SENI-TEATER-C-3.1,SD,C,Pendidikan Khusus Seni Teater,Mengalami (Experiencing),"Mengidentifikasi teater (tokoh, gerak, dialog), juga pantomim (gerak tubuh, ekspresi wajah) melalui pengamatan pertunjukan sederhana baik langsung maupun tidak langsung.",AUTO-119,https://kurikulum.kemendikdasmen.go.id/service/download.php?kategori=rujukan&id=119,extracted_machine
LO-PENDIDIKAN-KHUSUS-SENI-TEATER-C-3.2,SD,C,Pendidikan Khusus Seni Teater,Merefleksikan (Reflecting),"Menemukan, menceritakan (peran) dalam teater, pantomim yang sudah dimainkan.",AUTO-119,https://kurikulum.kemendikdasmen.go.id/service/download.php?kategori=rujukan&id=119,extracted_machine
LO-PENDIDIKAN-KHUSUS-SENI-TEATER-C-3.3,SD,C,Pendidikan Khusus Seni Teater,Berpikir dan Bekerja Artistik (Thinking and Working Artistically),"Menerapkan kostum, riasan, dan hands props tanpa bantuan.",AUTO-119,https://kurikulum.kemendikdasmen.go.id/service/download.php?kategori=rujukan&id=119,extracted_machine
LO-PENDIDIKAN-KHUSUS-SENI-TEATER-C-3.4,SD,C,Pendidikan Khusus Seni Teater,Mengekspresikan (Expressing),"Menghafal, meniru teater (tokoh, gerak, dialog), dan pantomim (gerak tubuh, ekspresi wajah), melalui pertunjukan yang sangat sederhana.",AUTO-119,https://kurikulum.kemendikdasmen.go.id/service/download.php?kategori=rujukan&id=119,extracted_machine
LO-PENDIDIKAN-KHUSUS-SENI-TEATER-D-4.1,SMP,D,Pendidikan Khusus Seni Teater,Mengalami (Experiencing),"Mengidentifikasi teater (tokoh, karakter, gerak, dan dialog), pantomim (gerak tubuh, ekspresi wajah), dan melakukan dramatic reading (bedah naskah) melalui pengamatan langsung dan tidak langsung.",AUTO-119,https://kurikulum.kemendikdasmen.go.id/service/download.php?kategori=rujukan&id=119,extracted_machine
LO-PENDIDIKAN-KHUSUS-SENI-TEATER-D-4.2,SMP,D,Pendidikan Khusus Seni Teater,Merefleksikan (Reflecting),"Menceritakan teater, dramatic reading, dan pantomim yang sudah dimainkan dengan kosakata sederhana dan bimbingan.",AUTO-119,https://kurikulum.kemendikdasmen.go.id/service/download.php?kategori=rujukan&id=119,extracted_machine
LO-PENDIDIKAN-KHUSUS-SENI-TEATER-D-4.3,SMP,D,Pendidikan Khusus Seni Teater,Berpikir dan Bekerja Artistik (Thinking and Working Artistically),"Menjelaskan fungsi kostum, riasan, dan properti.",AUTO-119,https://kurikulum.kemendikdasmen.go.id/service/download.php?kategori=rujukan&id=119,extracted_machine
LO-PENDIDIKAN-KHUSUS-SENI-TEATER-D-4.4,SMP,D,Pendidikan Khusus Seni Teater,Mengekspresikan (Expressing),"Mengontraskan teater atau pantomim melalui pertunjukan yang sangat sederhana dengan tema kehidupan sehari-sehari; dan menceritakan isi naskah dengan benar, dan utuh disertai bimbingan.",AUTO-119,https://kurikulum.kemendikdasmen.go.id/service/download.php?kategori=rujukan&id=119,extracted_machine
LO-PENDIDIKAN-KHUSUS-SENI-TEATER-D-4.5,SMP,D,Pendidikan Khusus Seni Teater,Berdampak (Impacting),"Menghasilkan dalam sebuah pertunjukan teater, dramatic reading, dan melakukan pantomim dengan bimbingan dan percaya diri.",AUTO-119,https://kurikulum.kemendikdasmen.go.id/service/download.php?kategori=rujukan&id=119,extracted_machine
LO-PENDIDIKAN-KHUSUS-SENI-TEATER-E-5.1,SMA,E,Pendidikan Khusus Seni Teater,Mengalami (Experiencing),"Menjelaskan teater (tokoh, karakter, gerak, dialog), drama audio (naskah, dialog); dan melakukan pantomim (gerak tubuh, ekspresi wajah) melalui pengamatan tidak langsung.",AUTO-119,https://kurikulum.kemendikdasmen.go.id/service/download.php?kategori=rujukan&id=119,extracted_machine
LO-PENDIDIKAN-KHUSUS-SENI-TEATER-E-5.2,SMA,E,Pendidikan Khusus Seni Teater,Merefleksikan (Reflecting),"Menganalisis pertunjukan teater, drama audio, dan pantomim, yang sudah dimainkan dengan kosakata sederhana dan bimbingan.",AUTO-119,https://kurikulum.kemendikdasmen.go.id/service/download.php?kategori=rujukan&id=119,extracted_machine
LO-PENDIDIKAN-KHUSUS-SENI-TEATER-E-5.3,SMA,E,Pendidikan Khusus Seni Teater,Berpikir dan Bekerja Artistik (Thinking and Working Artistically),"Menciptakan kostum, riasan, properti, dan multimedia secara sederhana.",AUTO-119,https://kurikulum.kemendikdasmen.go.id/service/download.php?kategori=rujukan&id=119,extracted_machine
LO-PENDIDIKAN-KHUSUS-SENI-TEATER-E-5.4,SMA,E,Pendidikan Khusus Seni Teater,Mengekspresikan (Expressing),"Menerapkan, membuat rencana pertunjukan teater, drama audio, dan melakukan pantomim melalui pertunjukan yang sederhana dan berdurasi singkat.",AUTO-119,https://kurikulum.kemendikdasmen.go.id/service/download.php?kategori=rujukan&id=119,extracted_machine
LO-PENDIDIKAN-KHUSUS-SENI-TEATER-E-5.5,SMA,E,Pendidikan Khusus Seni Teater,Berdampak (Impacting),"Menghasilkan sebuah pertunjukan teater, drama audio, dan melakukan pantomim dengan mandiri dan percaya diri.",AUTO-119,https://kurikulum.kemendikdasmen.go.id/service/download.php?kategori=rujukan&id=119,extracted_machine
LO-PENDIDIKAN-KHUSUS-SENI-TEATER-F-6.1,SMA,F,Pendidikan Khusus Seni Teater,Mengalami (Experiencing),"Menjelaskan teater (tokoh, karakter, gerak, dialog), drama audio (naskah, dialog) dan melakukan pantomim (gerak tubuh, ekspresi wajah) melalui pengamatan langsung.",AUTO-119,https://kurikulum.kemendikdasmen.go.id/service/download.php?kategori=rujukan&id=119,extracted_machine
LO-PENDIDIKAN-KHUSUS-SENI-TEATER-F-6.2,SMA,F,Pendidikan Khusus Seni Teater,Merefleksikan (Reflecting),"Menganalisis pertunjukan teater, drama audio, dan melakukan pantomim yang sudah dimainkan dengan kosakata sederhana.",AUTO-119,https://kurikulum.kemendikdasmen.go.id/service/download.php?kategori=rujukan&id=119,extracted_machine
LO-PENDIDIKAN-KHUSUS-SENI-TEATER-F-6.3,SMA,F,Pendidikan Khusus Seni Teater,Berpikir dan Bekerja Artistik (Thinking and Working Artistically),"Menciptakan kostum, riasan, properti, dan multimedia secara sederhana dengan mandiri.",AUTO-119,https://kurikulum.kemendikdasmen.go.id/service/download.php?kategori=rujukan&id=119,extracted_machine
LO-PENDIDIKAN-KHUSUS-SENI-TEATER-F-6.4,SMA,F,Pendidikan Khusus Seni Teater,Mengekspresikan (Expressing),"Menerapkan, membuat rencana pertunjukan teater, drama audio; dan melakukan pantomim melalui pertunjukan yang sederhana dan berdurasi singkat.",AUTO-119,https://kurikulum.kemendikdasmen.go.id/service/download.php?kategori=rujukan&id=119,extracted_machine
LO-PENDIDIKAN-KHUSUS-SENI-TEATER-F-6.5,SMA,F,Pendidikan Khusus Seni Teater,Berdampak (Impacting),"Menghasilkan sebuah pertunjukan teater, drama audio; dan melakukan pantomim dengan mandiri, percaya diri, dan bekerja sama.",AUTO-119,https://kurikulum.kemendikdasmen.go.id/service/download.php?kategori=rujukan&id=119,extracted_machine
LO-PENDIDIKAN-KHUSUS-PENDIDIKAN-JASMANI-OLAHRAGA-DAN-KESEHATAN-A-1.1,SD,A,"Pendidikan Khusus Pendidikan Jasmani, Olahraga, dan Kesehatan",Terampil Bergerak,karakteristik murid (kondisional).,AUTO-119,https://kurikulum.kemendikdasmen.go.id/service/download.php?kategori=rujukan&id=119,extracted_machine
LO-PENDIDIKAN-KHUSUS-PENDIDIKAN-JASMANI-OLAHRAGA-DAN-KESEHATAN-A-1.2,SD,A,"Pendidikan Khusus Pendidikan Jasmani, Olahraga, dan Kesehatan",Belajar melalui Gerak,"Menaati dan menerapkan peraturan untuk mengembangkan bermain sportif di dalam berbagai aktivitas jasmani; menerapkan kerja sama ketika melakukan aktivitas jasmani, yang disesuaikan dengan kemampuan dan karakteristik murid (kondisional).",AUTO-119,https://kurikulum.kemendikdasmen.go.id/service/download.php?kategori=rujukan&id=119,extracted_machine
LO-PENDIDIKAN-KHUSUS-PENDIDIKAN-JASMANI-OLAHRAGA-DAN-KESEHATAN-A-1.3,SD,A,"Pendidikan Khusus Pendidikan Jasmani, Olahraga, dan Kesehatan",Bergaya Hidup Aktif,Berpartisipasi di dalam berbagai aktivitas jasmani dan mengeksplorasi manfaat yang disesuaikan dengan kemampuan karakteristik murid.,AUTO-119,https://kurikulum.kemendikdasmen.go.id/service/download.php?kategori=rujukan&id=119,extracted_machine
LO-PENDIDIKAN-KHUSUS-PENDIDIKAN-JASMANI-OLAHRAGA-DAN-KESEHATAN-A-1.4,SD,A,"Pendidikan Khusus Pendidikan Jasmani, Olahraga, dan Kesehatan",Memilih Hidup yang Menyehatkan,Mengenali gaya hidup aktif dan sehat; dan mengenali manfaat menjaga kebersihan diri yang disesuaikan dengan kemampuan dan karakteristik murid.,AUTO-119,https://kurikulum.kemendikdasmen.go.id/service/download.php?kategori=rujukan&id=119,extracted_machine
LO-PENDIDIKAN-KHUSUS-PENDIDIKAN-JASMANI-OLAHRAGA-DAN-KESEHATAN-B-2.1,SD,B,"Pendidikan Khusus Pendidikan Jasmani, Olahraga, dan Kesehatan",Terampil Bergerak,Menunjukkan keterampilan gerak fundamental dan menerapkan aktivitas permainan olahraga; menerapkan dan menyesuaikan strategi gerak untuk mendapatkan capaian keterampilan gerak; dan memperagakan konsep gerak yang dapat diterapkan dalam rangkaian gerak yang disesuaikan dengan kemampuan karakteristik murid (kondisional).,AUTO-119,https://kurikulum.kemendikdasmen.go.id/service/download.php?kategori=rujukan&id=119,extracted_machine
LO-PENDIDIKAN-KHUSUS-PENDIDIKAN-JASMANI-OLAHRAGA-DAN-KESEHATAN-B-2.2,SD,B,"Pendidikan Khusus Pendidikan Jasmani, Olahraga, dan Kesehatan",Belajar melalui Gerak,Mengamati strategi gerak sederhana; menerapkan peraturan untuk mengembangkan bermain sportif ketika berpartisipasi atau merancang aktivitas jasmani; mempertunjukkan berbagai peran dengan cara yang terhormat untuk mendapatkan keberhasilan capaian di dalam aktivitas gerak kelompok atau tim disesuaikan dengan kemampuan karakteristik murid (kondisional).,AUTO-119,https://kurikulum.kemendikdasmen.go.id/service/download.php?kategori=rujukan&id=119,extracted_machine
LO-PENDIDIKAN-KHUSUS-PENDIDIKAN-JASMANI-OLAHRAGA-DAN-KESEHATAN-B-2.3,SD,B,"Pendidikan Khusus Pendidikan Jasmani, Olahraga, dan Kesehatan",Bergaya Hidup Aktif,Berpartisipasi dalam berbagai aktivitas jasmani dan mengenali manfaat aktivitas jasmani.,AUTO-119,https://kurikulum.kemendikdasmen.go.id/service/download.php?kategori=rujukan&id=119,extracted_machine
LO-PENDIDIKAN-KHUSUS-PENDIDIKAN-JASMANI-OLAHRAGA-DAN-KESEHATAN-B-2.4,SD,B,"Pendidikan Khusus Pendidikan Jasmani, Olahraga, dan Kesehatan",Memilih Hidup yang Menyehatkan,Mengenali risiko kesehatan akibat gaya hidup dan berbagai aktivitas jasmani untuk pencegahannya; memahami pola makan sehat dan bergizi seimbang sesuai rekomendasi kesehatan untuk menunjang aktivitas sehari-hari; dan mempraktikkan penanganan cedera ringan sesuai pemahaman tentang prinsip pertolongan pertama disesuaikan dengan kemampuan karakteristik murid (kondisional).,AUTO-119,https://kurikulum.kemendikdasmen.go.id/service/download.php?kategori=rujukan&id=119,extracted_machine
LO-PENDIDIKAN-KHUSUS-PENDIDIKAN-JASMANI-OLAHRAGA-DAN-KESEHATAN-C-3.1,SD,C,"Pendidikan Khusus Pendidikan Jasmani, Olahraga, dan Kesehatan",Terampil Bergerak,Mempraktikkan variasi dan kombinasi berbagai keterampilan gerak; menerapkan gerak yang sudah dikuasai ke dalam berbagai aktivitas permainan olahraga disesuaikan dengan kemampuan karakteristik murid (kondisional).,AUTO-119,https://kurikulum.kemendikdasmen.go.id/service/download.php?kategori=rujukan&id=119,extracted_machine
LO-PENDIDIKAN-KHUSUS-PENDIDIKAN-JASMANI-OLAHRAGA-DAN-KESEHATAN-C-3.2,SD,C,"Pendidikan Khusus Pendidikan Jasmani, Olahraga, dan Kesehatan",Belajar melalui Gerak,"Menerapkan strategi gerak dalam berbagai situasi gerak; merancang dan modifikasi permainan untuk mendukung fair play dan partisipasi inklusif; dan berpartisipasi secara positif dalam kelompok atau tim dengan memberi kontribusi pada aktivitas kelompok, mendorong orang lain dan menegosiasikan peran dan tanggung jawab disesuaikan dengan kemampuan karakteristik murid.",AUTO-119,https://kurikulum.kemendikdasmen.go.id/service/download.php?kategori=rujukan&id=119,extracted_machine
LO-PENDIDIKAN-KHUSUS-PENDIDIKAN-JASMANI-OLAHRAGA-DAN-KESEHATAN-C-3.3,SD,C,"Pendidikan Khusus Pendidikan Jasmani, Olahraga, dan Kesehatan",Bergaya Hidup Aktif,"Memahami manfaat aktivitas jasmani untuk menggambarkan pengaruh terhadap kesehatan; berpartisipasi dalam aktivitas jasmani di luar ruang dan/atau lingkungan alam dan menggambarkan faktor-faktor yang mempengaruhi kesehatan, baik secara pribadi maupun kelompok.",AUTO-119,https://kurikulum.kemendikdasmen.go.id/service/download.php?kategori=rujukan&id=119,extracted_machine
LO-PENDIDIKAN-KHUSUS-PENDIDIKAN-JASMANI-OLAHRAGA-DAN-KESEHATAN-C-3.4,SD,C,"Pendidikan Khusus Pendidikan Jasmani, Olahraga, dan Kesehatan",Memilih Hidup yang Menyehatkan,Mengetahui risiko kesehatan akibat gaya hidup dan pencegahan melalui aktivitas jasmani berdasarkan gaya hidup sehat; memilih makanan sehat untuk menunjang aktivitas jasmani berdasarkan informasi kandungan gizi pada makanan; dan mempraktikkan penanganan cedera sedang sesuai pemahaman tentang prinsip pertolongan pertama yang disesuaikan dengan kemampuan karakteristik murid.,AUTO-119,https://kurikulum.kemendikdasmen.go.id/service/download.php?kategori=rujukan&id=119,extracted_machine
LO-PENDIDIKAN-KHUSUS-PENDIDIKAN-JASMANI-OLAHRAGA-DAN-KESEHATAN-D-4.1,SMP,D,"Pendidikan Khusus Pendidikan Jasmani, Olahraga, dan Kesehatan",Terampil Bergerak,Menunjukkan kemampuan keterampilan gerak serta mentransfernya ke dalam berbagai situasi gerak; menyusun dan memperagakan strategi gerak yang dapat dimanfaatkan untuk meningkatkan capaian keterampilan gerak; memperagakan dan menjelaskan konsep gerak yang dapat dimanfaatkan untuk meningkatkan capaian keterampilan gerak yang disesuaikan dengan kemampuan karakteristik murid (kondisional).,AUTO-119,https://kurikulum.kemendikdasmen.go.id/service/download.php?kategori=rujukan&id=119,extracted_machine
LO-PENDIDIKAN-KHUSUS-PENDIDIKAN-JASMANI-OLAHRAGA-DAN-KESEHATAN-D-4.2,SMP,D,"Pendidikan Khusus Pendidikan Jasmani, Olahraga, dan Kesehatan",Belajar melalui Gerak,"Mempraktikkan dan memahami strategi gerak yang paling efektif dalam situasi gerak yang berbeda; memodifikasi peralatan, peraturan, dan sistem skoring yang mendukung fair play dan partisipasi inklusif; dan menerapkan kepemimpinan, kolaborasi, serta proses pengambilan keputusan kelompok ketika berpartisipasi di dalam berbagai aktivitas jasmani.",AUTO-119,https://kurikulum.kemendikdasmen.go.id/service/download.php?kategori=rujukan&id=119,extracted_machine
LO-PENDIDIKAN-KHUSUS-PENDIDIKAN-JASMANI-OLAHRAGA-DAN-KESEHATAN-D-4.3,SMP,D,"Pendidikan Khusus Pendidikan Jasmani, Olahraga, dan Kesehatan",Bergaya Hidup Aktif,Berpartisipasi dalam aktivitas jasmani untuk menggambarkan reaksi tubuh terhadap berbagai tingkat intensitas yang berbeda; berpartisipasi dalam aktivitas jasmani yang menyehatkan di luar ruang dan/atau lingkungan alam dan menggambarkan sumber daya yang dibutuhkan untuk meningkatkan partisipasi; dan menjelaskan dan mengusulkan strategi peningkatan aktivitas jasmani dan perilaku pencegahan penyakit disesuaikan dengan kemampuan dan karakteristik murid (kondisional).,AUTO-119,https://kurikulum.kemendikdasmen.go.id/service/download.php?kategori=rujukan&id=119,extracted_machine
LO-PENDIDIKAN-KHUSUS-PENDIDIKAN-JASMANI-OLAHRAGA-DAN-KESEHATAN-D-4.4,SMP,D,"Pendidikan Khusus Pendidikan Jasmani, Olahraga, dan Kesehatan",Memilih Hidup yang Menyehatkan,Mengevaluasi risiko kesehatan akibat gaya hidup dan tindakan pencegahan melalui aktivitas jasmani;. merancang pilihan makanan sehat berdasarkan analisis kandungan gizi sesuai kebutuhan aktivitas jasmani; dan mempraktikkan prosedur untuk menangani cedera yang berisiko terhadap Kesehatan dan keselamatan berdasarkan prinsip pertolongan pertama.,AUTO-119,https://kurikulum.kemendikdasmen.go.id/service/download.php?kategori=rujukan&id=119,extracted_machine
LO-PENDIDIKAN-KHUSUS-PENDIDIKAN-JASMANI-OLAHRAGA-DAN-KESEHATAN-E-5.1,SMA,E,"Pendidikan Khusus Pendidikan Jasmani, Olahraga, dan Kesehatan",Terampil Bergerak,"Merancang, menerapkan dan menghaluskan keterampilan gerak spesifik di dalam berbagai situasi gerak yang menantang. Menciptakan dan mengembangkan strategi gerak untuk mendapatkan keberhasilan capaian keterampilan gerak melintasi berbagai situasi gerak yang menantang. Menerapkan konsep gerak di dalam situasi gerak baru yang menantang dan menganalisis dampak tiap konsep pada capaian keterampilan gerak.",AUTO-119,https://kurikulum.kemendikdasmen.go.id/service/download.php?kategori=rujukan&id=119,extracted_machine
LO-PENDIDIKAN-KHUSUS-PENDIDIKAN-JASMANI-OLAHRAGA-DAN-KESEHATAN-E-5.2,SMA,E,"Pendidikan Khusus Pendidikan Jasmani, Olahraga, dan Kesehatan",Belajar melalui Gerak,"Mengevaluasi strategi gerak yang telah dikuasai dalam situasi gerak yang berbeda. Murid memperagakan bermain jujur dan mengevaluasi pengaruh perilaku etis terhadap capaian aktivitas jasmani bagi individu dan kelompok. Murid merencanakan, menerapkan, dan menyempurnakan strategi pengambilan keputusan dalam kerja tim yang mempertunjukkan keterampilan kepemimpinan dan kolaborasi.",AUTO-119,https://kurikulum.kemendikdasmen.go.id/service/download.php?kategori=rujukan&id=119,extracted_machine
LO-PENDIDIKAN-KHUSUS-PENDIDIKAN-JASMANI-OLAHRAGA-DAN-KESEHATAN-E-5.3,SMA,E,"Pendidikan Khusus Pendidikan Jasmani, Olahraga, dan Kesehatan",Bergaya Hidup Aktif,"Mengevaluasi aktivitas kebugaran dan mengetahui dampak partisipasi yang teratur terhadap kesehatan. Berpartisipasi dalam aktivitas kebugaran di luar ruang dan/atau lingkungan alam, dan merancang strategi peningkatan pemanfaatannya. Merancang strategi peningkatan aktivitas kebugaran untuk kesehatan dan mempraktikkan latihan pengembangan kebugaran jasmani yang disesuaikan dengan kemampuan dan karakteristik Murid (kondisional).",AUTO-119,https://kurikulum.kemendikdasmen.go.id/service/download.php?kategori=rujukan&id=119,extracted_machine
LO-PENDIDIKAN-KHUSUS-PENDIDIKAN-JASMANI-OLAHRAGA-DAN-KESEHATAN-E-5.4,SMA,E,"Pendidikan Khusus Pendidikan Jasmani, Olahraga, dan Kesehatan",Memilih Hidup yang Menyehatkan,"Mengevaluasi sikap dan kebiasaan untuk menjadi individu yang sehat, aktif, menyukai tantangan, dan cara menghadapinya secara positif dalam konteks aktivitas jasmani dengan menunjukkan perilaku menghormati diri sendiri dan orang lain sesuai dengan kemampuan dan karakteristik murid.",AUTO-119,https://kurikulum.kemendikdasmen.go.id/service/download.php?kategori=rujukan&id=119,extracted_machine
LO-PENDIDIKAN-KHUSUS-PENDIDIKAN-JASMANI-OLAHRAGA-DAN-KESEHATAN-F-6.1,SMA,F,"Pendidikan Khusus Pendidikan Jasmani, Olahraga, dan Kesehatan",Terampil Bergerak,"Menunjukkan, menerapkan, menghaluskan dan mengevaluasi keterampilan gerak spesifik di dalam berbagai situasi gerak yang menantang untuk meningkatkan kinerja gerak. Menciptakan, mengembangkan dan mengevaluasi strategi gerak untuk mendapatkan keberhasilan capaian keterampilan gerak melintasi berbagai situasi gerak yang menantang. Menerapkan konsep gerak di dalam situasi gerak baru yang menantang dan mengevaluasi dampak tiap konsep pada capaian keterampilan gerak.",AUTO-119,https://kurikulum.kemendikdasmen.go.id/service/download.php?kategori=rujukan&id=119,extracted_machine
LO-PENDIDIKAN-KHUSUS-PENDIDIKAN-JASMANI-OLAHRAGA-DAN-KESEHATAN-F-6.2,SMA,F,"Pendidikan Khusus Pendidikan Jasmani, Olahraga, dan Kesehatan",Belajar melalui Gerak,Mengevaluasi strategi gerak yang telah dikuasai dalam situasi gerak baru yang menantang. Murid mengevaluasi fair play dan merefleksikan pengaruh perilaku etis terhadap capaian aktivitas jasmani bagi individu dan kelompok. Merancang dan mengevaluasi strategi pengambilan keputusan dalam kerja tim yang mempertunjukkan keterampilan kepemimpinan dan kolaborasi sesuai dengan kemampuan dan karakteristik Murid. (kondisional).,AUTO-119,https://kurikulum.kemendikdasmen.go.id/service/download.php?kategori=rujukan&id=119,extracted_machine
LO-PENDIDIKAN-KHUSUS-PENDIDIKAN-JASMANI-OLAHRAGA-DAN-KESEHATAN-F-6.3,SMA,F,"Pendidikan Khusus Pendidikan Jasmani, Olahraga, dan Kesehatan",Bergaya Hidup Aktif,"Berpartisipasi dalam aktivitas kebugaran dan mengevaluasi dampak partisipasi yang teratur terhadap kesehatan. Berpartisipasi dalam aktivitas kebugaran di luar ruang dan /atau lingkungan alam, dan mengevaluasi strategi peningkatan pemanfaatannya. Mengevaluasi efektivitas strategi peningkatan aktivitas kebugaran untuk kesehatan.",AUTO-119,https://kurikulum.kemendikdasmen.go.id/service/download.php?kategori=rujukan&id=119,extracted_machine
LO-PENDIDIKAN-KHUSUS-PENDIDIKAN-JASMANI-OLAHRAGA-DAN-KESEHATAN-F-6.4,SMA,F,"Pendidikan Khusus Pendidikan Jasmani, Olahraga, dan Kesehatan",Memilih Hidup yang Menyehatkan,Menjelaskan gaya hidup aktif dan sehat melalui aktivitas jasmani menggunakan berbagai media; menjelaskan makanan sehat dan bergizi seimbang kepada orang lain sesuai kebutuhan aktivitas jasmaninya.,AUTO-119,https://kurikulum.kemendikdasmen.go.id/service/download.php?kategori=rujukan&id=119,extracted_machine
LO-PENDIDIKAN-KHUSUS-KETERAMPILAN-PERBENGKELAN-SEPEDA-MOTOR-D-1.1,SMP,D,Pendidikan Khusus Keterampilan Perbengkelan Sepeda Motor,Keselamatan dan Kesehatan Kerja (K3),Menerapkan prosedur keselamatan dan kesehatan di tempat kerja,AUTO-119,https://kurikulum.kemendikdasmen.go.id/service/download.php?kategori=rujukan&id=119,extracted_machine
LO-PENDIDIKAN-KHUSUS-KETERAMPILAN-PERBENGKELAN-SEPEDA-MOTOR-D-1.2,SMP,D,Pendidikan Khusus Keterampilan Perbengkelan Sepeda Motor,Peralatan Tangan Perbengkelan,Menerapkan pemilihan peralatan tangan di tempat kerja,AUTO-119,https://kurikulum.kemendikdasmen.go.id/service/download.php?kategori=rujukan&id=119,extracted_machine
LO-PENDIDIKAN-KHUSUS-KETERAMPILAN-PERBENGKELAN-SEPEDA-MOTOR-D-1.3,SMP,D,Pendidikan Khusus Keterampilan Perbengkelan Sepeda Motor,Perawatan Mesin,"Mengevaluasi pemeliharaan kompresor udara, sistem pendinginan sepeda motor, perawatan filter udara sepeda motor",AUTO-119,https://kurikulum.kemendikdasmen.go.id/service/download.php?kategori=rujukan&id=119,extracted_machine
LO-PENDIDIKAN-KHUSUS-KETERAMPILAN-PERBENGKELAN-SEPEDA-MOTOR-D-1.4,SMP,D,Pendidikan Khusus Keterampilan Perbengkelan Sepeda Motor,Perawatan Kelistrikan kelistrikan sepeda,Mengevaluasi kinerja instrumen pada sistem penerangan dan sinyal motor sesuai standar.,AUTO-119,https://kurikulum.kemendikdasmen.go.id/service/download.php?kategori=rujukan&id=119,extracted_machine
LO-PENDIDIKAN-KHUSUS-KETERAMPILAN-PERBENGKELAN-SEPEDA-MOTOR-D-1.5,SMP,D,Pendidikan Khusus Keterampilan Perbengkelan Sepeda Motor,Perawatan Rangka,Mengevaluasi fungsi setiap bagian roda sepeda motor dan memeriksa roda sepeda motor,AUTO-119,https://kurikulum.kemendikdasmen.go.id/service/download.php?kategori=rujukan&id=119,extracted_machine
LO-PENDIDIKAN-KHUSUS-KETERAMPILAN-PERBENGKELAN-SEPEDA-MOTOR-E-2.1,SMA,E,Pendidikan Khusus Keterampilan Perbengkelan Sepeda Motor,Keselamatan dan Kesehatan Kerja (K3),Mengevaluasi prosedur kebersihan peralatan dan area kerja,AUTO-119,https://kurikulum.kemendikdasmen.go.id/service/download.php?kategori=rujukan&id=119,extracted_machine
LO-PENDIDIKAN-KHUSUS-KETERAMPILAN-PERBENGKELAN-SEPEDA-MOTOR-E-2.2,SMA,E,Pendidikan Khusus Keterampilan Perbengkelan Sepeda Motor,Peralatan Tangan Perbengkelan,Menerapkan penggunaan peralatan tangan di tempat kerja secara aman,AUTO-119,https://kurikulum.kemendikdasmen.go.id/service/download.php?kategori=rujukan&id=119,extracted_machine
LO-PENDIDIKAN-KHUSUS-KETERAMPILAN-PERBENGKELAN-SEPEDA-MOTOR-E-2.3,SMA,E,Pendidikan Khusus Keterampilan Perbengkelan Sepeda Motor,Perawatan Mesin,"Mengevaluasi perawatan ringan mesin sepeda motor,mengganti oli mesin sepeda motor",AUTO-119,https://kurikulum.kemendikdasmen.go.id/service/download.php?kategori=rujukan&id=119,extracted_machine
LO-PENDIDIKAN-KHUSUS-KETERAMPILAN-PERBENGKELAN-SEPEDA-MOTOR-E-2.4,SMA,E,Pendidikan Khusus Keterampilan Perbengkelan Sepeda Motor,Perawatan Kelistrikan,Mengevaluasi pemeriksaan baterai sepeda motor dan komponen instrumen kelistrikan pada sistem penerangan dan sinyal sepeda motor.,AUTO-119,https://kurikulum.kemendikdasmen.go.id/service/download.php?kategori=rujukan&id=119,extracted_machine
LO-PENDIDIKAN-KHUSUS-KETERAMPILAN-PERBENGKELAN-SEPEDA-MOTOR-E-2.5,SMA,E,Pendidikan Khusus Keterampilan Perbengkelan Sepeda Motor,Perawatan Rangka,"Mengevaluasi pemeriksaan roda sepeda motor, sistem pemeliharaan konstruksi roda sepeda motor dan pemasangannya; serta bodi/pencucian sepeda motor.",AUTO-119,https://kurikulum.kemendikdasmen.go.id/service/download.php?kategori=rujukan&id=119,extracted_machine
LO-PENDIDIKAN-KHUSUS-KETERAMPILAN-PERBENGKELAN-SEPEDA-MOTOR-F-3.1,SMA,F,Pendidikan Khusus Keterampilan Perbengkelan Sepeda Motor,Keselamatan dan Kesehatan Kerja (K3),Mengevaluasi prosedur keselamatan dan kesehatan kerja (K3).,AUTO-119,https://kurikulum.kemendikdasmen.go.id/service/download.php?kategori=rujukan&id=119,extracted_machine
LO-PENDIDIKAN-KHUSUS-KETERAMPILAN-PERBENGKELAN-SEPEDA-MOTOR-F-3.2,SMA,F,Pendidikan Khusus Keterampilan Perbengkelan Sepeda Motor,Peralatan Tangan Perbengkelan,Mengevaluasi pemeliharaan dan perawatan peralatan tangan.,AUTO-119,https://kurikulum.kemendikdasmen.go.id/service/download.php?kategori=rujukan&id=119,extracted_machine
LO-PENDIDIKAN-KHUSUS-KETERAMPILAN-PERBENGKELAN-SEPEDA-MOTOR-F-3.3,SMA,F,Pendidikan Khusus Keterampilan Perbengkelan Sepeda Motor,Perawatan Mesin,"Mengevaluasi penggantian, perawatan dan pemeriksaan oli gardan, busi, dan karburator sepeda motor; dan CVT.",AUTO-119,https://kurikulum.kemendikdasmen.go.id/service/download.php?kategori=rujukan&id=119,extracted_machine
LO-PENDIDIKAN-KHUSUS-KETERAMPILAN-PERBENGKELAN-SEPEDA-MOTOR-F-3.4,SMA,F,Pendidikan Khusus Keterampilan Perbengkelan Sepeda Motor,Perawatan Kelistrikan,Mengevaluasi komponen dari instrumen kelistrikan (sistem penerangan dan sinyal) pada sepeda motor.,AUTO-119,https://kurikulum.kemendikdasmen.go.id/service/download.php?kategori=rujukan&id=119,extracted_machine
LO-PENDIDIKAN-KHUSUS-KETERAMPILAN-PERBENGKELAN-SEPEDA-MOTOR-F-3.5,SMA,F,Pendidikan Khusus Keterampilan Perbengkelan Sepeda Motor,Perawatan Rangka,"Mengevaluasi pemeriksaan dan pemeliharaan pada sistem rem, rantai roda sepeda motor.",AUTO-119,https://kurikulum.kemendikdasmen.go.id/service/download.php?kategori=rujukan&id=119,extracted_machine
LO-PENDIDIKAN-KHUSUS-KETERAMPILAN-SENI-MEMBATIK-D-1.1,SMP,D,Pendidikan Khusus Keterampilan Seni Membatik,Prosedur Keselamatan dan Kesehatan Kerja (K3),Mengidentifikasi prosedur Kesehatan dan Keselamatan Kerja (K3); mengidentifikasi Alat Pelindung Diri (APD); menunjukkan sikap disiplin untuk pencegahan penyakit akibat kerja sesuai simbol-simbol K3; dan mengidentifikasi alat serta bahan yang berbahaya sehingga diharapkan peserta didik lebih berhati- hati dalam bekerja.,AUTO-119,https://kurikulum.kemendikdasmen.go.id/service/download.php?kategori=rujukan&id=119,extracted_machine
LO-PENDIDIKAN-KHUSUS-KETERAMPILAN-SENI-MEMBATIK-D-1.2,SMP,D,Pendidikan Khusus Keterampilan Seni Membatik,Pelayanan Prima kepada Pelanggan,"Memilih bahasa yang baik, bersikap santun, ramah pada pelanggan sopan se; mengkomunikasikan proses dan hasil kain batik dengan sopan.",AUTO-119,https://kurikulum.kemendikdasmen.go.id/service/download.php?kategori=rujukan&id=119,extracted_machine
LO-PENDIDIKAN-KHUSUS-KETERAMPILAN-SENI-MEMBATIK-D-1.3,SMP,D,Pendidikan Khusus Keterampilan Seni Membatik,Alat dan Bahan,"Mengidentifikasi peralatan dan bahan dalam membuat batik; memahami jenis, fungsi peralatan dan bahan yang digunakan; menentukan ukuran kain kecil yang akan digunakan saat membatik; dan menguraikan bahan pewarna bubuk sebelum dicairkan untuk dipakai saat mewarnai kain.",AUTO-119,https://kurikulum.kemendikdasmen.go.id/service/download.php?kategori=rujukan&id=119,extracted_machine
LO-PENDIDIKAN-KHUSUS-KETERAMPILAN-SENI-MEMBATIK-D-1.4,SMP,D,Pendidikan Khusus Keterampilan Seni Membatik,Proses Membatik yang akan digunakan,"Mengukur kain kecil dalam proses membatik; memahami jenis-jenis pola desain motif batik unsur geometris dan nongeometris sesuai lingkungan daerah sekitar; memahami teknik batik tulis, cap, ciprat, dan kombinasi; menemukenali gambar desain motif batik unsur geometris dan nongeometris sesuai lingkungan daerah sekitar; menentukan pola gambar desain motif batik; mengenal prosedur penggunaan canting atau kuas; menentukan nama-nama warna dasar primer; dan memahami pewarna alam; mengenal cara merebus kain (nglorod) serta memahami prosedur menjemur kain hingga kering.",AUTO-119,https://kurikulum.kemendikdasmen.go.id/service/download.php?kategori=rujukan&id=119,extracted_machine
LO-PENDIDIKAN-KHUSUS-KETERAMPILAN-SENI-MEMBATIK-D-1.5,SMP,D,Pendidikan Khusus Keterampilan Seni Membatik,Penyelesaian Akhir Hasil Kain Batik,Memahami prosedur menyetrika hasil kain batik; memahami teknik melipat hasil kain batik hingga rapi; memahami cara memasukkan hasil kain batik ke dalam kemasan; melakukan kegiatan penempelan label nama produk dan identitas instansi pembuat kain batik; dan menuliskan serta menempelkan label harga kain batik.,AUTO-119,https://kurikulum.kemendikdasmen.go.id/service/download.php?kategori=rujukan&id=119,extracted_machine
LO-PENDIDIKAN-KHUSUS-KETERAMPILAN-SENI-MEMBATIK-D-1.6,SMP,D,Pendidikan Khusus Keterampilan Seni Membatik,Pelaporan Membatik,"Menuliskan laporan terkait pelaksanaan Keselamatan dan Kesehatan Kerja (K3), dan pelayanan prima kepada pelanggan, penyiapan alat, bahan membatik, pelaksanaan proses membatik, serta penyelesaian akhir hasil kain batik.",AUTO-119,https://kurikulum.kemendikdasmen.go.id/service/download.php?kategori=rujukan&id=119,extracted_machine
LO-PENDIDIKAN-KHUSUS-KETERAMPILAN-SENI-MEMBATIK-E-2.1,SMA,E,Pendidikan Khusus Keterampilan Seni Membatik,Prosedur Keselamatan dan Kesehatan Kerja (K3),Menerapkan prosedur Kesehatan dan Keselamatan Kerja (K3); memahami manfaat Alat Pelindung Diri (APD) saat membuat batik tulis; menampilkan sikap yang baik untuk pencegahan penyakit akibat kerja sesuai simbol-simbol K3; dan menunjukkan alat serta bahan yang berbahaya sehingga diharapkan peserta didik lebih berhati- hati dalam bekerja.,AUTO-119,https://kurikulum.kemendikdasmen.go.id/service/download.php?kategori=rujukan&id=119,extracted_machine
LO-PENDIDIKAN-KHUSUS-KETERAMPILAN-SENI-MEMBATIK-E-2.2,SMA,E,Pendidikan Khusus Keterampilan Seni Membatik,Pelayanan Prima kepada Pelanggan,"Menunjukkan cara berkomunikasi dengan bahasa yang baik, bersikap sopan, santun, dan ramah pada pelanggan dalam rangkaian kegiatan membatik; dan menginterpretasikan hasil kain batik tulis dengan sopan.",AUTO-119,https://kurikulum.kemendikdasmen.go.id/service/download.php?kategori=rujukan&id=119,extracted_machine
LO-PENDIDIKAN-KHUSUS-KETERAMPILAN-SENI-MEMBATIK-E-2.3,SMA,E,Pendidikan Khusus Keterampilan Seni Membatik,Alat dan Bahan,"Mengkomunikasikan alat dan bahan membuat batik tulis; mengklasifikasikan, mengidentifikasi jenis dan fungsi peralatan serta bahan yang dibutuhkan; menunjukkan ukuran kain besar yang akan digunakan saat membatik tulis; menunjukkan ukuran bahan pewarna bubuk sebelum dicairkan untuk dipakai saat mewarnai kain; dan mengorganisir penempatan alat dan bahan ke tempat semula.",AUTO-119,https://kurikulum.kemendikdasmen.go.id/service/download.php?kategori=rujukan&id=119,extracted_machine
LO-PENDIDIKAN-KHUSUS-KETERAMPILAN-SENI-MEMBATIK-E-2.4,SMA,E,Pendidikan Khusus Keterampilan Seni Membatik,Proses Membatik,Menunjukkan cara mengukur dan menggunting kain ukuran besar yang dibutuhkan untuk membatik kain; memahami jenis pola desain motif batik tulis unsur geometris dan nongeometris; memahami teknik batik tulis; membedakan gambar desain motif batik tulis unsur geometris dan nongeometris; menunjukkan cara mengoleskan atau menorehkan lilin malam pada kain sesuai desain motif batik tulis; menunjukkan prosedur mewarnai kain dengan teknik colet/usap/celup sesuai karakteristik murid; memahami nama-nama warna dasar primer dan warna campuran tersier; menguraikan sumber pewarna alam; menunjukkan prosedur melepaskan lilin malam pada kain dengan cara direbus (nglorod); dan menunjukkan cara menjemur kain sampai kering.,AUTO-119,https://kurikulum.kemendikdasmen.go.id/service/download.php?kategori=rujukan&id=119,extracted_machine
LO-PENDIDIKAN-KHUSUS-KETERAMPILAN-SENI-MEMBATIK-E-2.5,SMA,E,Pendidikan Khusus Keterampilan Seni Membatik,Penyelesaian Akhir Hasil Kain Batik,"Menampilkan prosedur menyetrika, prosedur melipat hasil kain batik tulis, memasukkan hasil kain batik tulis ke dalam kemasan; menunjukkan prosedur menempel label nama produk; identitas instansi pembuat kain batik tulis; label harga jual hasil kain batik tulis yang telah dituliskan.",AUTO-119,https://kurikulum.kemendikdasmen.go.id/service/download.php?kategori=rujukan&id=119,extracted_machine
LO-PENDIDIKAN-KHUSUS-KETERAMPILAN-SENI-MEMBATIK-E-2.6,SMA,E,Pendidikan Khusus Keterampilan Seni Membatik,Pelaporan Membatik,"Melakukan pelaporan kegiatan penerapan Keselamatan dan Kesehatan Kerja (K3), pelayanan prima kepada pelanggan, persiapan alat dan bahan membatik tulis, proses membatik tulis, dan penyelesaian akhir hasil kain batik tulis.",AUTO-119,https://kurikulum.kemendikdasmen.go.id/service/download.php?kategori=rujukan&id=119,extracted_machine
LO-PENDIDIKAN-KHUSUS-KETERAMPILAN-SENI-MEMBATIK-F-3.1,SMA,F,Pendidikan Khusus Keterampilan Seni Membatik,Prosedur Keselamatan dan Kesehatan Kerja (K3),Melakukan prosedur Kesehatan dan Keselamatan Kerja (K3) dalam membuat batik cap dan kombinasi; menggunakan Alat Pelindung Diri (APD) saat membuat batik cap dan kombinasi; melakukan sikap yang baik untuk pencegahan penyakit akibat kerja sesuai simbol-simbol K3; memahami alat dan bahan yang berbahaya sehingga murid diharapkan lebih berhati-hati dalam bekerja membuat batik cap dan kombinasi.,AUTO-119,https://kurikulum.kemendikdasmen.go.id/service/download.php?kategori=rujukan&id=119,extracted_machine
LO-PENDIDIKAN-KHUSUS-KETERAMPILAN-SENI-MEMBATIK-F-3.2,SMA,F,Pendidikan Khusus Keterampilan Seni Membatik,Pelayanan Prima kepada Pelanggan,"Menunjukkan sikap sopan, santun, dan ramah kepada pelanggan; melakukan komunikasi dengan baik; dan melakukan pekerjaan secara kolaboratif/ tim.",AUTO-119,https://kurikulum.kemendikdasmen.go.id/service/download.php?kategori=rujukan&id=119,extracted_machine
LO-PENDIDIKAN-KHUSUS-KETERAMPILAN-SENI-MEMBATIK-F-3.3,SMA,F,Pendidikan Khusus Keterampilan Seni Membatik,Alat dan Bahan,Menggunakan peralatan serta bahan membatik cap dan kombinasi; mendemonstrasikan gambar pola desain motif batik tulis unsur geometris dan nongeometris untuk pembuatan batik cap dan kombinasi; menggunakan bahan pewarna alam/sintetis/tekstil; melakukan cara membersihkan peralatan setelah digunakan; menyesuaikan takaran bahan pewarna bubuk sesuai ukuran kain besar; dan mengorganisir peralatan dan bahan yang telah digunakan ke tempat semula.,AUTO-119,https://kurikulum.kemendikdasmen.go.id/service/download.php?kategori=rujukan&id=119,extracted_machine
LO-PENDIDIKAN-KHUSUS-KETERAMPILAN-SENI-MEMBATIK-F-3.4,SMA,F,Pendidikan Khusus Keterampilan Seni Membatik,Proses Membatik,Mengukur dan menghitung kain ukuran besar; melakukan aktivitas pemotongan kain ukuran besar; melakukan kegiatan menjiplak gambar desain motif batik cap dan kombinasi dari kertas ke kain (ngeblat); melakukan prosedur pengolesan lilin malam pada teknik batik cap dan kombinasi; menerapkan teknik colet mewarnai kain batik cap dan kombinasi; melakukan kegiatan nglorod; dan melakukan prosedur kegiatan menjemur kain batik cap serta kombinasi.,AUTO-119,https://kurikulum.kemendikdasmen.go.id/service/download.php?kategori=rujukan&id=119,extracted_machine
LO-PENDIDIKAN-KHUSUS-KETERAMPILAN-SENI-MEMBATIK-F-3.5,SMA,F,Pendidikan Khusus Keterampilan Seni Membatik,Penyelesaian Akhir Hasil Kain Batik,Melakukan prosedur menyetrika hasil kain batik cap dan kombinasi; melakukan kegiatan melipat hasil kain batik cap dan kombinasi; memasukkan hasil kain batik cap dan kombinasi ke dalam kemasan; melakukan kegiatan menempel label nama produk dan identitas instansi pembuat kain batik cap dan kombinasi; menghitung harga jual hasil kain batik cap dan kombinasi; dan melakukan kegiatan menempelkan harga yang telah dituliskan,AUTO-119,https://kurikulum.kemendikdasmen.go.id/service/download.php?kategori=rujukan&id=119,extracted_machine
LO-PENDIDIKAN-KHUSUS-KETERAMPILAN-SENI-MEMBATIK-F-3.6,SMA,F,Pendidikan Khusus Keterampilan Seni Membatik,Pelaporan Membatik,"Melakukan pelaporan dan melengkapinya dengan gambar kegiatan penerapan Keselamatan dan Kesehatan Kerja (K3), pelayanan prima kepada pelanggan, persiapan alat dan bahan membatik, proses membatik cap dan kombinasi, serta penyelesaian akhir hasil kain batik cap dan kombinasi.",AUTO-119,https://kurikulum.kemendikdasmen.go.id/service/download.php?kategori=rujukan&id=119,extracted_machine
LO-PENDIDIKAN-KHUSUS-KETERAMPILAN-TATA-GERHA-D-1.1,SMP,D,Pendidikan Khusus Keterampilan Tata Gerha,Keselamatan dan Kesehatan Kerja (K3),Mengenali prosedur keselamatan dan kesehatan jenis peralatan kebersihan; dan mempraktikkan tata cara penggunaan APD dalam penggunaan alat kerja pada pengoperasian berbagai kebersihan manual.,AUTO-119,https://kurikulum.kemendikdasmen.go.id/service/download.php?kategori=rujukan&id=119,extracted_machine
LO-PENDIDIKAN-KHUSUS-KETERAMPILAN-TATA-GERHA-D-1.2,SMP,D,Pendidikan Khusus Keterampilan Tata Gerha,Persiapan alat dan bahan,"Mengenali alat dan bahan yang akan digunakan dalam pekerjaan pembersihan, alat kebersihan manual; dan mengenali alat manual dan bahan yang akan digunakan dalam pekerjaan penatu (laundry).",AUTO-119,https://kurikulum.kemendikdasmen.go.id/service/download.php?kategori=rujukan&id=119,extracted_machine
LO-PENDIDIKAN-KHUSUS-KETERAMPILAN-TATA-GERHA-D-1.3,SMP,D,Pendidikan Khusus Keterampilan Tata Gerha,Proses Pekerjaan,Mengidentifikasi proses pengoperasian peralatan kebersihan manual untuk pekerjaan pembersihan; dan mengenali proses pengoperasian peralatan manual untuk jenis pekerjaan penatu (laundry).,AUTO-119,https://kurikulum.kemendikdasmen.go.id/service/download.php?kategori=rujukan&id=119,extracted_machine
LO-PENDIDIKAN-KHUSUS-KETERAMPILAN-TATA-GERHA-D-1.4,SMP,D,Pendidikan Khusus Keterampilan Tata Gerha,,Mengenali prosedur penyusunan sesuai dengan bidang pekerjaan melaksanakan pelaporan secara sederhana. Pelaporan pelaporan secara sederhana dengan cara yang sudah disediakan;,AUTO-119,https://kurikulum.kemendikdasmen.go.id/service/download.php?kategori=rujukan&id=119,extracted_machine
LO-PENDIDIKAN-KHUSUS-KETERAMPILAN-TATA-GERHA-D-1.5,SMP,D,Pendidikan Khusus Keterampilan Tata Gerha,Pelayanan prima kepada pelanggan,"Menunjukkan sikap sopan, dan mampu berkomunikasi sederhana kepada pelanggan; dan menunjukkan kesadaran untuk membantu pelanggan.",AUTO-119,https://kurikulum.kemendikdasmen.go.id/service/download.php?kategori=rujukan&id=119,extracted_machine
LO-PENDIDIKAN-KHUSUS-KETERAMPILAN-TATA-GERHA-E-2.1,SMA,E,Pendidikan Khusus Keterampilan Tata Gerha,Keselamatan dan Kesehatan Kerja (K3),Mengidentifikasi simbol-simbol K3; menerapkan prosedur kesehatan dan keselamatan di tempat kerja pada pengoperasian berbagai jenis peralatan kebersihan; dan menggunakan APD.,AUTO-119,https://kurikulum.kemendikdasmen.go.id/service/download.php?kategori=rujukan&id=119,extracted_machine
LO-PENDIDIKAN-KHUSUS-KETERAMPILAN-TATA-GERHA-E-2.2,SMA,E,Pendidikan Khusus Keterampilan Tata Gerha,Persiapan alat dan bahan,Mengidentifikasi alat kebersihan masinal serta bahan pembersih yang sesuai untuk pekerjaan pembersihan area kering dan basah; dan mengidentifikasi alat masinal dan bahan yang akan digunakan dalam pekerjaan penatu (laundry).,AUTO-119,https://kurikulum.kemendikdasmen.go.id/service/download.php?kategori=rujukan&id=119,extracted_machine
LO-PENDIDIKAN-KHUSUS-KETERAMPILAN-TATA-GERHA-E-2.3,SMA,E,Pendidikan Khusus Keterampilan Tata Gerha,Proses Pekerjaan,Melaksanakan pekerjaan kebersihan dengan menggunakan peralatan masinal dan mengikuti prosedur kerja pada area kering dan basah; dan melaksanakan pekerjaan penatu (laundry) dengan alat masinal.,AUTO-119,https://kurikulum.kemendikdasmen.go.id/service/download.php?kategori=rujukan&id=119,extracted_machine
LO-PENDIDIKAN-KHUSUS-KETERAMPILAN-TATA-GERHA-E-2.4,SMA,E,Pendidikan Khusus Keterampilan Tata Gerha,Pelaporan,Mengembangkan laporan sesuai jenis pekerjaan kebersihan dan penatu (laundry) dan menyampaikan hasil secara lisan atau tertulis.,AUTO-119,https://kurikulum.kemendikdasmen.go.id/service/download.php?kategori=rujukan&id=119,extracted_machine
LO-PENDIDIKAN-KHUSUS-KETERAMPILAN-TATA-GERHA-E-2.5,SMA,E,Pendidikan Khusus Keterampilan Tata Gerha,Pelayanan prima kepada pelanggan,Menerapkan sikap sopan; melaksanakan berkomunikasi sederhana kepada pelanggan dan memberikan bantuan kepada pelanggan.,AUTO-119,https://kurikulum.kemendikdasmen.go.id/service/download.php?kategori=rujukan&id=119,extracted_machine
LO-PENDIDIKAN-KHUSUS-KETERAMPILAN-TATA-GERHA-F-3.1,SMA,F,Pendidikan Khusus Keterampilan Tata Gerha,Keselamatan dan Kesehatan Kerja (K3),Menerapkan simbol dan prosedur keselamatan dan kesehatan kerja (K3); dan menggunakan alat pelindung diri (APD) sesuai prosedur secara mandiri dalam pengoperasian alat kebersihan dan penatu.,AUTO-119,https://kurikulum.kemendikdasmen.go.id/service/download.php?kategori=rujukan&id=119,extracted_machine
LO-PENDIDIKAN-KHUSUS-KETERAMPILAN-TATA-GERHA-F-3.2,SMA,F,Pendidikan Khusus Keterampilan Tata Gerha,Persiapan alat dan bahan,Memilih alat serta bahan yang sesuai dengan jenis pekerjaan pembersihan area basah dan kering; menggunakan alat kebersihan masinal; dan menerapkan penggunaan alat masinal dan memilih bahan yang akan digunakan pada jenis pekerjaan penatu (laundry).,AUTO-119,https://kurikulum.kemendikdasmen.go.id/service/download.php?kategori=rujukan&id=119,extracted_machine
LO-PENDIDIKAN-KHUSUS-KETERAMPILAN-TATA-GERHA-F-3.3,SMA,F,Pendidikan Khusus Keterampilan Tata Gerha,Proses Pekerjaan,Menerapkan peralatan kebersihan masinal dan prosedur pembersihan area basah dan kering; dan mempraktikkan proses pengoperasian peralatan masinal untuk jenis pekerjaan penatu (laundry).,AUTO-119,https://kurikulum.kemendikdasmen.go.id/service/download.php?kategori=rujukan&id=119,extracted_machine
LO-PENDIDIKAN-KHUSUS-KETERAMPILAN-TATA-GERHA-F-3.4,SMA,F,Pendidikan Khusus Keterampilan Tata Gerha,Pelaporan,sederhana terkait hasil pekerjaan kebersihan dan penatu yang tersedia serta menyimpulkan isi laporan secara Mengembangkan laporan secara dengan menggunakan format laporan tepat.,AUTO-119,https://kurikulum.kemendikdasmen.go.id/service/download.php?kategori=rujukan&id=119,extracted_machine
LO-PENDIDIKAN-KHUSUS-KETERAMPILAN-TATA-GERHA-F-3.5,SMA,F,Pendidikan Khusus Keterampilan Tata Gerha,Pelayanan prima kepada pelanggan,"Menerapkan sikap sopan, mampu berkomunikasi efektif kepada pelanggan; melaksanakan kegiatan membantu kepada pelanggan; dan melaksanakan penyelesaian tugas secara kolaboratif.",AUTO-119,https://kurikulum.kemendikdasmen.go.id/service/download.php?kategori=rujukan&id=119,extracted_machine
LO-PENDIDIKAN-KHUSUS-KETERAMPILAN-BUDI-DAYA-PETERNAKAN-UNGGAS-D-1.1,SMP,D,Pendidikan Khusus Keterampilan Budi Daya Peternakan Unggas,Keselamatan dan Kesehatan Kerja (K3),"Menerapkan fungsi simbol-simbol K3, mengidentifikasi bahaya saat bekerja, mengenali prosedur keselamatan dan kesehatan di lingkungan kerja; mengenali pertolongan pertama pada kecelakaan di tempat kerja, mengidentifikasi fungsi dan jenis-jenis Alat Pelindung Diri (APD); mengidentifikasi prosedur penggunaan APD, mengenali tata cara kebersihan diri (personal hygiene); dan mengenali cara pencegahan penyakit yang mungkin ditimbulkan setelah bekerja.",AUTO-119,https://kurikulum.kemendikdasmen.go.id/service/download.php?kategori=rujukan&id=119,extracted_machine
LO-PENDIDIKAN-KHUSUS-KETERAMPILAN-BUDI-DAYA-PETERNAKAN-UNGGAS-D-1.2,SMP,D,Pendidikan Khusus Keterampilan Budi Daya Peternakan Unggas,Hewan Ternak Unggas,"Mengenali jenis-jenis hewan ternak unggas, mengidentifikasi ciri-ciri atau perbedaan antara hewan ternak unggas berdasarkan pengalaman yang disajikan, membandingkan jenis-jenis hewan ternak unggas; mengenali macam-macam periode hidup ternak unggas, mengklasifikasikan hewan ternak unggas berdasarkan periode hidup; dan mengidentifikasi prosedur pemeliharaan hewan ternak unggas periode grower (pembesaran) dan layer (produksi).",AUTO-119,https://kurikulum.kemendikdasmen.go.id/service/download.php?kategori=rujukan&id=119,extracted_machine
LO-PENDIDIKAN-KHUSUS-KETERAMPILAN-BUDI-DAYA-PETERNAKAN-UNGGAS-D-1.3,SMP,D,Pendidikan Khusus Keterampilan Budi Daya Peternakan Unggas,Pengelolaan Kesehatan Hewan,"Mengenali program tiga zona keselamatan/biosekuriti (hijau, kuning, merah), mengenali ciri atau perbedaan hewan ternak unggas yang sakit dan sehat; mengklasifikasikan hewan ternak unggas berdasarkan kondisi kesehatan di lapangan; mengidentifikasi hewan ternak unggas yang sakit; membuat rencana daftar hewan ternak unggas yang sakit; mengenali prosedur pemindahan hewan ternak unggas yang sakit; mengenali pentingnya program vaksinasi ternak unggas; dan mengenali macam-macam vaksin ternak unggas, mengidentifikasi peralatan vaksinasi.",AUTO-119,https://kurikulum.kemendikdasmen.go.id/service/download.php?kategori=rujukan&id=119,extracted_machine
LO-PENDIDIKAN-KHUSUS-KETERAMPILAN-BUDI-DAYA-PETERNAKAN-UNGGAS-D-1.4,SMP,D,Pendidikan Khusus Keterampilan Budi Daya Peternakan Unggas,Pengelolaan Pakan,"Mengidentifikasi macam-macam pakan ternak unggas; membandingkan pakan ternak unggas (kandungan nutrisi, harga dan lain-lain) yang ada di lapangan atau sesuai pengalaman yang disajikan; membedakan pakan ternak unggas setiap fase; menghitung jumlah kebutuhan pakan periode pembesaran dan layer (produksi); mengidentifikasi tata cara penyimpanan pakan ternak unggas; mengidentifikasi lokasi penyimpanan pakan ternak unggas; dan mengilustrasikan teknik prosedur penyimpanan pakan ternak unggas.",AUTO-119,https://kurikulum.kemendikdasmen.go.id/service/download.php?kategori=rujukan&id=119,extracted_machine
LO-PENDIDIKAN-KHUSUS-KETERAMPILAN-BUDI-DAYA-PETERNAKAN-UNGGAS-D-1.5,SMP,D,Pendidikan Khusus Keterampilan Budi Daya Peternakan Unggas,Pengelolaan Kandang,"Mengidentifikasi macam-macam kandang ternak unggas periode pembesaran dan produksi; mengidentifikasi kebutuhan kandang hewan ternak unggas periode pembesaran dan produksi sesuai dengan kondisi yang ada; mengidentifikasi cara membuat kandang hewan ternak unggas periode pembesaran dan produksi; dan mengidentifikasi cara menggunakan peralatan kandang, bahan, serta perlengkapan lainnya untuk menunjang hidup ternak unggas guna meningkatkan hasil produksi hewan ternak unggas.",AUTO-119,https://kurikulum.kemendikdasmen.go.id/service/download.php?kategori=rujukan&id=119,extracted_machine
LO-PENDIDIKAN-KHUSUS-KETERAMPILAN-BUDI-DAYA-PETERNAKAN-UNGGAS-D-1.6,SMP,D,Pendidikan Khusus Keterampilan Budi Daya Peternakan Unggas,Pengelolaan Panen dan Pascapanen,"Menerapkan teknik prosedur pemanenan macam-macam hasil ternak unggas periode pembesaran dan produksi; mengidentifikasi telur hasil panen, menerapkan teknik prosedur penetasan telur dengan mesin penetas; menerapkan teknik prosedur penanganan masalah produksi sederhana; membuat rencana pelaporan jumlah hasil panen ternak unggas periode pembesaran dan produksi per hari; menerapkan pencatatan (pembukuan) jumlah hasil panen ternak unggas untuk memantau produktivitas hewan ternak unggas; menerapkan prosedur pemasaran telur hewan ternak unggas; dan mengidentifikasi prosedur penanganan masalah pada tingkat produktivitas ternak unggas.",AUTO-119,https://kurikulum.kemendikdasmen.go.id/service/download.php?kategori=rujukan&id=119,extracted_machine
LO-PENDIDIKAN-KHUSUS-KETERAMPILAN-BUDI-DAYA-PETERNAKAN-UNGGAS-E-2.1,SMA,E,Pendidikan Khusus Keterampilan Budi Daya Peternakan Unggas,Keselamatan dan Kesehatan Kerja (K3),K3; Mengidentifikasi Sistem Manajemen menerapkan prosedur keselamatan dan kesehatan di lingkungan kerja; mengilustrasikan pertolongan pertama pada kecelakaan di tempat kerja; memilih APD sesuai tempat kerja; menerapkan perawatan dan pembersihan diri serta seragam kerja (uniform); dan menerapkan pencegahan penyakit yang mungkin ditimbulkan setelah bekerja.,AUTO-119,https://kurikulum.kemendikdasmen.go.id/service/download.php?kategori=rujukan&id=119,extracted_machine
LO-PENDIDIKAN-KHUSUS-KETERAMPILAN-BUDI-DAYA-PETERNAKAN-UNGGAS-E-2.2,SMA,E,Pendidikan Khusus Keterampilan Budi Daya Peternakan Unggas,Hewan Ternak Unggas,Mengidentifikasi potensi daerah yang dimiliki terkait budidaya hewan ternak unggas; menjelaskan periode finisher (akhir) hewan ternak unggas; membedakan periode akhir hewan ternak unggas dengan periode lain; mengklasifikasikan hewan ternak unggas periode akhir berdasarkan kondisi; dan menerapkan prosedur pemeliharaan hewan ternak unggas periode akhir.,AUTO-119,https://kurikulum.kemendikdasmen.go.id/service/download.php?kategori=rujukan&id=119,extracted_machine
LO-PENDIDIKAN-KHUSUS-KETERAMPILAN-BUDI-DAYA-PETERNAKAN-UNGGAS-E-2.3,SMA,E,Pendidikan Khusus Keterampilan Budi Daya Peternakan Unggas,Pengelolaan Kesehatan Hewan,"Menerapkan program tiga zona keselamatan/biosekuriti (hijau, kuning, merah), menerapkan prosedur pemindahan hewan ternak unggas yang sakit; mengidentifikasi macam-macam metode pemberian vaksin ternak unggas; mengilustrasikan program vaksinasi tetes; dan mengidentifikasi prosedur pemusnahan hewan ternak unggas yang mati karena sakit atau mati mendadak.",AUTO-119,https://kurikulum.kemendikdasmen.go.id/service/download.php?kategori=rujukan&id=119,extracted_machine
LO-PENDIDIKAN-KHUSUS-KETERAMPILAN-BUDI-DAYA-PETERNAKAN-UNGGAS-E-2.4,SMA,E,Pendidikan Khusus Keterampilan Budi Daya Peternakan Unggas,Pengelolaan Pakan,Menghitung jumlah kebutuhan pakan ternak unggas periode akhir; memilih pakan ternak unggas periode akhir yang akan dibuat; menerapkan prosedur penyimpanan pakan ternak unggas; dan mengidentifikasi prosedur pertama masuk pertama keluar (first in first out) pada pakan ternak unggas.,AUTO-119,https://kurikulum.kemendikdasmen.go.id/service/download.php?kategori=rujukan&id=119,extracted_machine
LO-PENDIDIKAN-KHUSUS-KETERAMPILAN-BUDI-DAYA-PETERNAKAN-UNGGAS-E-2.5,SMA,E,Pendidikan Khusus Keterampilan Budi Daya Peternakan Unggas,Pengelolaan Kandang,"Mengatur bahan dan peralatan untuk membuat kandang ternak unggas; dan memilih kandang ternak unggas periode finisher (akhir) yang akan dibuat dengan memperhatikan bentuk, bahan, dan perlengkapan lainnya untuk menunjang hidup ternak unggas guna meningkatkan hasil (produksi) hewan ternak unggas.",AUTO-119,https://kurikulum.kemendikdasmen.go.id/service/download.php?kategori=rujukan&id=119,extracted_machine
LO-PENDIDIKAN-KHUSUS-KETERAMPILAN-BUDI-DAYA-PETERNAKAN-UNGGAS-E-2.6,SMA,E,Pendidikan Khusus Keterampilan Budi Daya Peternakan Unggas,Pengelolaan Panen dan Pascapanen,Menghitung hasil panen ternak unggas per hari/ minggu/ bulan pada periode akhir; menghitung biaya modal; memilih harga jual hasil panen ternak unggas periode akhir dengan bantuan alat hitung; menerapkan prosedur pemasaran hasil panen ternak unggas pada periode akhir; menghitung hasil usaha macam-macam produk ternak unggas periode akhir; dan menerapkan prosedur penanganan masalah yang muncul terkait hasil panen ternak unggas periode akhir.,AUTO-119,https://kurikulum.kemendikdasmen.go.id/service/download.php?kategori=rujukan&id=119,extracted_machine
LO-PENDIDIKAN-KHUSUS-KETERAMPILAN-BUDI-DAYA-PETERNAKAN-UNGGAS-F-3.1,SMA,F,Pendidikan Khusus Keterampilan Budi Daya Peternakan Unggas,Keselamatan dan Kesehatan Kerja (K3),"Menerapkan pencegahan kecelakaan kerja; mengatur prosedur keselamatan dan kesehatan sesuai lingkungan kerja; membuat rencana pertolongan pertama pada kecelakaan di tempat kerja, menerapkan penggunaan APD di tempat kerja; menerapkan perawatan dan pembersihan yang meliputi kebersihan diri (personal hygiene), seragam kerja (uniform), baju pelapis (pelindung diri) dan lingkungan sekitar tempat kerja; menerapkan pemeliharaan alat-alat peternakan, mengenali tata cara investigasi kecelakaan kerja; dan menerapkan budaya keselamatan kerja.",AUTO-119,https://kurikulum.kemendikdasmen.go.id/service/download.php?kategori=rujukan&id=119,extracted_machine
LO-PENDIDIKAN-KHUSUS-KETERAMPILAN-BUDI-DAYA-PETERNAKAN-UNGGAS-F-3.2,SMA,F,Pendidikan Khusus Keterampilan Budi Daya Peternakan Unggas,Hewan Ternak Unggas,Memilih ternak unggas yang dibudidayakan berdasarkan potensi daerah; membandingkan budi daya hewan ternak unggas untuk menganalisis peluang budi daya hewan ternak unggas baru; menjelaskan periode starter (permulaan) hewan ternak unggas; membedakan periode permulaan hewan ternak unggas dengan periode lain; mengklasifikasikan hewan ternak unggas periode permulaan berdasarkan kondisi; dan menerapkan prosedur pemeliharaan hewan ternak unggas periode starter.,AUTO-119,https://kurikulum.kemendikdasmen.go.id/service/download.php?kategori=rujukan&id=119,extracted_machine
LO-PENDIDIKAN-KHUSUS-KETERAMPILAN-BUDI-DAYA-PETERNAKAN-UNGGAS-F-3.3,SMA,F,Pendidikan Khusus Keterampilan Budi Daya Peternakan Unggas,Pengelolaan Kesehatan Hewan,"Membuat rencana program tiga zona keselamatan/biosekuriti (hijau, kuning, merah); mengatur kebutuhan program tiga zona keselamatan/ biosekuriti (hijau, kuning, merah); membandingkan obat vaksinasi dengan memperhatikan kualitas, efektivitas dan biaya yang dikeluarkan; menerapkan program vaksinasi sesuai kebutuhan; dan menerapkan prosedur pemusnahan hewan ternak unggas yang mati karena sakit atau mati mendadak.",AUTO-119,https://kurikulum.kemendikdasmen.go.id/service/download.php?kategori=rujukan&id=119,extracted_machine
LO-PENDIDIKAN-KHUSUS-KETERAMPILAN-BUDI-DAYA-PETERNAKAN-UNGGAS-F-3.4,SMA,F,Pendidikan Khusus Keterampilan Budi Daya Peternakan Unggas,Pengelolaan Pakan,Menghitung jumlah kebutuhan pakan ternak unggas periode permulaan; mengatur bahan-bahan pakan unggas ternak periode starter (permulaan); memilih pakan ternak unggas periode permulaan yang akan dibuat; membuat rencana tempat penyimpanan pakan ternak unggas sesuai dengan prosedur; mengatur kebutuhan tempat penyimpanan pakan ternak unggas; dan menerapkan prosedur pertama masuk pertama keluar (first in first out) pada pakan ternak unggas.,AUTO-119,https://kurikulum.kemendikdasmen.go.id/service/download.php?kategori=rujukan&id=119,extracted_machine
LO-PENDIDIKAN-KHUSUS-KETERAMPILAN-BUDI-DAYA-PETERNAKAN-UNGGAS-F-3.5,SMA,F,Pendidikan Khusus Keterampilan Budi Daya Peternakan Unggas,Pengelolaan Kandang,"Mengatur bahan dan peralatan untuk membuat kandang ternak unggas; dan memilih kandang ternak unggas periode permulaan yang akan dibuat dengan memperhatikan bentuk, ukuran, bahan, dan perlengkapan lainnya untuk menunjang hidup ternak unggas guna meningkatkan hasil (produksi) hewan ternak unggas.",AUTO-119,https://kurikulum.kemendikdasmen.go.id/service/download.php?kategori=rujukan&id=119,extracted_machine
LO-PENDIDIKAN-KHUSUS-KETERAMPILAN-BUDI-DAYA-PETERNAKAN-UNGGAS-F-3.6,SMA,F,Pendidikan Khusus Keterampilan Budi Daya Peternakan Unggas,Pengelolaan Panen dan Pascapanen,"Mengidentifikasi ciri-ciri kelamin ternak unggas (jantan dan betina) periode permulaan; mengklasifikasikan ternak unggas periode permulaan berdasarkan kondisi; menerapkan prosedur penyortiran ternak unggas berdasarkan jenis kelamin; menghitung biaya modal, memilih harga jual hasil panen ternak unggas periode permulaan; menerapkan prosedur pemasaran hasil panen ternak unggas pada periode starter (permulaan); menghitung hasil usaha macam-macam produk ternak unggas periode permulaan dengan bantuan alat hitung; dan menerapkan prosedur penanganan masalah yang muncul terkait hasil panen ternak unggas periode permulaan.",AUTO-119,https://kurikulum.kemendikdasmen.go.id/service/download.php?kategori=rujukan&id=119,extracted_machine
LO-PENDIDIKAN-KHUSUS-KETERAMPILAN-CETAK-SABLON-D-1.1,SMP,D,Pendidikan Khusus Keterampilan Cetak Sablon,Keselamatan dan Kesehatan Kerja (K3),"Menerapkan Keselamatan dan Kesehatan kerja (K3) di lingkungan tempat kerja, memahami simbol-simbol K3; menerapkan pencegahan kecelakaan kerja; menerapkan pertolongan pertama pada kecelakaan kerja; menerapkan prosedur penggunaan Alat Pelindung Diri (APD); menerapkan personal hygiene (kebersihan dan kesehatan diri); dan menerapkan prosedur penggunaan alat.",AUTO-119,https://kurikulum.kemendikdasmen.go.id/service/download.php?kategori=rujukan&id=119,extracted_machine
LO-PENDIDIKAN-KHUSUS-KETERAMPILAN-CETAK-SABLON-D-1.2,SMP,D,Pendidikan Khusus Keterampilan Cetak Sablon,Persiapan alat dan bahan cetak sablon manual atau digital,Memahami dan menerapkan penggunaan alat dan bahan pembuatan produk cetak sablon manual dan/atau digital; mengelompokkan jenis peralatan; menentukan alat dan bahan pembuatan sablon manual dan/atau digital; mengidentifikasi kegunaan peralatan; mengidentifikasi kebutuhan bahan untuk membuat produk cetak sablon manual dan/atau digital; dan memilih media yang sesuai dengan kebutuhan untuk membuat produk cetak sablon manual dan/atau digital.,AUTO-119,https://kurikulum.kemendikdasmen.go.id/service/download.php?kategori=rujukan&id=119,extracted_machine
LO-PENDIDIKAN-KHUSUS-KETERAMPILAN-CETAK-SABLON-D-1.3,SMP,D,Pendidikan Khusus Keterampilan Cetak Sablon,Proses cetak sablon manual atau digital,Melakukan pembuatan film positif satu warna; melakukan proses afdruk satu warna; mendemonstrasikan teknik cetak sablon manual satu warna pada berbagai media; mempersiapkan desain pada cetak sablon digital menggunakan perangkat lunak (software) sesuai dengan kebutuhan murid; mendemonstrasikan teknik cetak sablon digital pada berbagai macam media yang dapat disesuaikan dengan kondisi daerah masing-masing; dan melakukan proses produksi cetak sablon manual dan/atau digital pada berbagai media.,AUTO-119,https://kurikulum.kemendikdasmen.go.id/service/download.php?kategori=rujukan&id=119,extracted_machine
LO-PENDIDIKAN-KHUSUS-KETERAMPILAN-CETAK-SABLON-D-1.4,SMP,D,Pendidikan Khusus Keterampilan Cetak Sablon,Penyelesaian akhir,Melakukan pembersihan peralatan dan perlengkapan cetak sablon manual dan/atau digital; menerapkan kerapian peralatan dan perlengkapan cetak sablon manual dan/atau digital; mengelompokkan jenis peralatan; melakukan pemeliharaan berkala pada alat cetak sablon manual dan/atau digital; dan melakukan pengemasan hasil produksi cetak sablon manual dan/atau digital.,AUTO-119,https://kurikulum.kemendikdasmen.go.id/service/download.php?kategori=rujukan&id=119,extracted_machine
LO-PENDIDIKAN-KHUSUS-KETERAMPILAN-CETAK-SABLON-E-2.1,SMA,E,Pendidikan Khusus Keterampilan Cetak Sablon,Keselamatan dan Kesehatan Kerja (K3),Menerapkan prosedur keselamatan dan kesehatan di tempat kerja baik secara mandiri dan bergotong royong; menerapkan prosedur penggunaan alat pelindung diri (APD); menerapkan personal hygiene (kebersihan dan kesehatan diri); dan menerapkan Prosedur Operasi Standar (POS) penggunaan alat.,AUTO-119,https://kurikulum.kemendikdasmen.go.id/service/download.php?kategori=rujukan&id=119,extracted_machine
LO-PENDIDIKAN-KHUSUS-KETERAMPILAN-CETAK-SABLON-E-2.2,SMA,E,Pendidikan Khusus Keterampilan Cetak Sablon,Persiapan alat dan bahan cetak sablon manual atau digital,Menentukan kelengkapan alat dan bahan; melakukan ceklist laporan persiapan alat dan bahan; memilih alat dan bahan sesuai kebutuhan untuk membuat produk cetak sablon manual dan/atau digital; dan memilih media yang sesuai dengan kebutuhan untuk membuat produk cetak sablon manual dan/atau digital.,AUTO-119,https://kurikulum.kemendikdasmen.go.id/service/download.php?kategori=rujukan&id=119,extracted_machine
LO-PENDIDIKAN-KHUSUS-KETERAMPILAN-CETAK-SABLON-E-2.3,SMA,E,Pendidikan Khusus Keterampilan Cetak Sablon,Proses cetak sablon manual atau digital,Melakukan pembuatan film positif dua warna atau lebih; melakukan proses afdruk dua warna atau lebih; melakukan proses produksi cetak sablon manual dan/atau digital pada berbagai media; mendemonstrasikan teknik cetak sablon manual dua warna pada berbagai media; dan melakukan pembuatan desain berbagai media sablon digital melalui berbagai perangkat lunak (software) sesuai dengan kebutuhan murid; dan melakukan proses produksi cetak sablon digital pada berbagai media.,AUTO-119,https://kurikulum.kemendikdasmen.go.id/service/download.php?kategori=rujukan&id=119,extracted_machine
LO-PENDIDIKAN-KHUSUS-KETERAMPILAN-CETAK-SABLON-E-2.4,SMA,E,Pendidikan Khusus Keterampilan Cetak Sablon,Penyelesaian akhir,Melakukan kegiatan pembersihan peralatan dan perlengkapan; melakukan pemeliharaan peralatan secara berkala; melakukan penyimpanan peralatan cetak sablon manual dan/atau digital dengan rapi; melakukan pengemasan dari hasil produksi; dan melakukan penghitungan hasil cetak sablon yang berhasil dibuat.,AUTO-119,https://kurikulum.kemendikdasmen.go.id/service/download.php?kategori=rujukan&id=119,extracted_machine
LO-PENDIDIKAN-KHUSUS-KETERAMPILAN-CETAK-SABLON-F-3.1,SMA,F,Pendidikan Khusus Keterampilan Cetak Sablon,Keselamatan dan Kesehatan Kerja (K3),Menerapkan prosedur keselamatan dan kesehatan kerja di tempat kerja baik secara mandiri dan bergotong royong; menerapkan kebersihan diri (personal hygiene) dan kesehatan diri; menerapkan prosedur penggunaan alat pelindung diri (APD); dan menerapkan prosedur operasional standar (POS) penggunaan alat.,AUTO-119,https://kurikulum.kemendikdasmen.go.id/service/download.php?kategori=rujukan&id=119,extracted_machine
LO-PENDIDIKAN-KHUSUS-KETERAMPILAN-CETAK-SABLON-F-3.2,SMA,F,Pendidikan Khusus Keterampilan Cetak Sablon,Persiapan alat dan bahan cetak sablon manual atau digital,Menerapkan penggunaan alat dan bahan sesuai dengan kebutuhan untuk membuat produk cetak sablon manual dan/atau digital; dan menentukan media yang sesuai untuk membuat produk cetak sablon manual dan/atau digital.,AUTO-119,https://kurikulum.kemendikdasmen.go.id/service/download.php?kategori=rujukan&id=119,extracted_machine
LO-PENDIDIKAN-KHUSUS-KETERAMPILAN-CETAK-SABLON-F-3.3,SMA,F,Pendidikan Khusus Keterampilan Cetak Sablon,Proses cetak sablon manual atau digital,"Melakukan pembuatan film positif tiga warna, empat warna atau lebih; melakukan proses afdruk tiga warna, empat warna atau lebih; mendemonstrasikan berbagai teknik cetak sablon tiga warna, empat warna, atau lebih pada berbagai media; melakukan proses produksi sablon manual dengan berbagai media; melakukan pembuatan desain berbagai media sablon digital melalui berbagai perangkat lunak (software) sesuai dengan kebutuhan murid; dan melakukan proses produksi cetak sablon digital pada berbagai media.",AUTO-119,https://kurikulum.kemendikdasmen.go.id/service/download.php?kategori=rujukan&id=119,extracted_machine
LO-PENDIDIKAN-KHUSUS-KETERAMPILAN-CETAK-SABLON-F-3.4,SMA,F,Pendidikan Khusus Keterampilan Cetak Sablon,Penyelesaian akhir,"Melakukan pembersihan peralatan dan perlengkapan; melakukan pemeliharaan peralatan secara berkala; melakukan penyimpanan peralatan cetak sablon manual dan/atau digital dengan rapi; dan melakukan pengemasan, pelabelan, penentuan harga, serta pemasaran hasil karya produk cetak sablon manual dan/atau digital.",AUTO-119,https://kurikulum.kemendikdasmen.go.id/service/download.php?kategori=rujukan&id=119,extracted_machine
LO-PENDIDIKAN-KHUSUS-KETERAMPILAN-BUDI-DAYA-PERIKANAN-D-1.1,SMP,D,Pendidikan Khusus Keterampilan Budi Daya Perikanan,Keselamatan dan Kesehatan Kerja (K3),"Mengenali alat, bahan, prosedur dan pemeliharaan alat pada penerapan K3 budi daya ikan hias; dan menerapkan sikap hati-hati dalam penggunaannya.",AUTO-119,https://kurikulum.kemendikdasmen.go.id/service/download.php?kategori=rujukan&id=119,extracted_machine
LO-PENDIDIKAN-KHUSUS-KETERAMPILAN-BUDI-DAYA-PERIKANAN-D-1.2,SMP,D,Pendidikan Khusus Keterampilan Budi Daya Perikanan,Persiapan Kegiatan Budi Daya Ikan Hias,"Mengenali alat, bahan, wadah dan proses filter air pada budi daya ikan hias.",AUTO-119,https://kurikulum.kemendikdasmen.go.id/service/download.php?kategori=rujukan&id=119,extracted_machine
LO-PENDIDIKAN-KHUSUS-KETERAMPILAN-BUDI-DAYA-PERIKANAN-D-1.3,SMP,D,Pendidikan Khusus Keterampilan Budi Daya Perikanan,Pemijahan Induk Ikan Hias,"Mengenali ciri-ciri induk jantan dan betina ikan hias, perbandingan jumlah induk ikan hias, kualitas air, media pemijahan, serta hama dan penyakit induk ikan hias.",AUTO-119,https://kurikulum.kemendikdasmen.go.id/service/download.php?kategori=rujukan&id=119,extracted_machine
LO-PENDIDIKAN-KHUSUS-KETERAMPILAN-BUDI-DAYA-PERIKANAN-D-1.4,SMP,D,Pendidikan Khusus Keterampilan Budi Daya Perikanan,Pemeliharaan Ikan Hias,"Mengenali peralatan dan wadah larva ikan hias, cara menebar larva ikan hias, cara pemberian pakan larva ikan hias, hama dan penyakit pada larva ikan hias, cara sortasi larva ikan hias.",AUTO-119,https://kurikulum.kemendikdasmen.go.id/service/download.php?kategori=rujukan&id=119,extracted_machine
LO-PENDIDIKAN-KHUSUS-KETERAMPILAN-BUDI-DAYA-PERIKANAN-D-1.5,SMP,D,Pendidikan Khusus Keterampilan Budi Daya Perikanan,Pemanenan Ikan Hias,Mengenali ikan yang siap dipanen berdasarkan ukuran serta proses memanen hasil ikan hias.,AUTO-119,https://kurikulum.kemendikdasmen.go.id/service/download.php?kategori=rujukan&id=119,extracted_machine
LO-PENDIDIKAN-KHUSUS-KETERAMPILAN-BUDI-DAYA-PERIKANAN-D-1.6,SMP,D,Pendidikan Khusus Keterampilan Budi Daya Perikanan,Pemasaran Ikan Hias,"Mengenali cara pemasaran ikan hias, prosedur mengemas ikan hias; dan melaksanakan prosedur pengiriman ikan hias.",AUTO-119,https://kurikulum.kemendikdasmen.go.id/service/download.php?kategori=rujukan&id=119,extracted_machine
LO-PENDIDIKAN-KHUSUS-KETERAMPILAN-BUDI-DAYA-PERIKANAN-E-2.1,SMA,E,Pendidikan Khusus Keterampilan Budi Daya Perikanan,Keselamatan dan Kesehatan Kerja (K3),"Mengilustrasikan pencegahan kecelakaan kerja, prosedur penggunaan Alat Pelindung Diri (APD) pada K3 budi daya ikan hias serta merefleksikan sikap disiplin dalam bekerja.",AUTO-119,https://kurikulum.kemendikdasmen.go.id/service/download.php?kategori=rujukan&id=119,extracted_machine
LO-PENDIDIKAN-KHUSUS-KETERAMPILAN-BUDI-DAYA-PERIKANAN-E-2.2,SMA,E,Pendidikan Khusus Keterampilan Budi Daya Perikanan,Persiapan Kegiatan Budi Daya Ikan Hias,Memilih alat dan wadah budi daya yang tepat sebelum digunakan dengan bimbingan.,AUTO-119,https://kurikulum.kemendikdasmen.go.id/service/download.php?kategori=rujukan&id=119,extracted_machine
LO-PENDIDIKAN-KHUSUS-KETERAMPILAN-BUDI-DAYA-PERIKANAN-E-2.3,SMA,E,Pendidikan Khusus Keterampilan Budi Daya Perikanan,Pemijahan Induk Ikan Hias,"Menerapkan penggunaan peralatan, wadah, dan media pemijahan, memilih induk ikan siap pijah; dan memeriksa hasil pemijahan induk ikan hias.",AUTO-119,https://kurikulum.kemendikdasmen.go.id/service/download.php?kategori=rujukan&id=119,extracted_machine
LO-PENDIDIKAN-KHUSUS-KETERAMPILAN-BUDI-DAYA-PERIKANAN-E-2.4,SMA,E,Pendidikan Khusus Keterampilan Budi Daya Perikanan,Pemeliharaan Ikan Hias,"Menerapkan cara pembesaran benih ikan hias, teknik menebar benih ikan hias, pemberian pakan ikan hias, sampling benih ikan hias; melakukan pemeeriksaan terhadap gangguan hama dan penyakit benih ikan hias.",AUTO-119,https://kurikulum.kemendikdasmen.go.id/service/download.php?kategori=rujukan&id=119,extracted_machine
LO-PENDIDIKAN-KHUSUS-KETERAMPILAN-BUDI-DAYA-PERIKANAN-E-2.5,SMA,E,Pendidikan Khusus Keterampilan Budi Daya Perikanan,Pemanenan Ikan Hias,alat dan wadah pemanenan secara tepat dan aman; dan menerapkan pemanenan Memilih ikan hias sederhana.,AUTO-119,https://kurikulum.kemendikdasmen.go.id/service/download.php?kategori=rujukan&id=119,extracted_machine
LO-PENDIDIKAN-KHUSUS-KETERAMPILAN-BUDI-DAYA-PERIKANAN-E-2.6,SMA,E,Pendidikan Khusus Keterampilan Budi Daya Perikanan,Pemasaran Ikan Hias,Menerapkan pemasaran ikan hias.,AUTO-119,https://kurikulum.kemendikdasmen.go.id/service/download.php?kategori=rujukan&id=119,extracted_machine
LO-PENDIDIKAN-KHUSUS-KETERAMPILAN-BUDI-DAYA-PERIKANAN-F-3.1,SMA,F,Pendidikan Khusus Keterampilan Budi Daya Perikanan,Keselamatan dan Kesehatan Kerja (K3),"Menerapkan pencegahan penyakit yang ditimbulkan setelah bekerja dan perawatan diri (personal hygiene) pada K3 budi daya ikan hias; dan memahami hubungan antara penggunaan APD, prosedur kerja aman, dan kebersihan diri, dalam kegiatan budi daya ikan hias.",AUTO-119,https://kurikulum.kemendikdasmen.go.id/service/download.php?kategori=rujukan&id=119,extracted_machine
LO-PENDIDIKAN-KHUSUS-KETERAMPILAN-BUDI-DAYA-PERIKANAN-F-3.2,SMA,F,Pendidikan Khusus Keterampilan Budi Daya Perikanan,Persiapan Kegiatan Budi Daya Ikan Hias,Menerapkan proses filtrasi air sederhana; dan memahami perannya dalam menunjang kehidupan ikan hias.,AUTO-119,https://kurikulum.kemendikdasmen.go.id/service/download.php?kategori=rujukan&id=119,extracted_machine
LO-PENDIDIKAN-KHUSUS-KETERAMPILAN-BUDI-DAYA-PERIKANAN-F-3.3,SMA,F,Pendidikan Khusus Keterampilan Budi Daya Perikanan,Pemijahan Induk Ikan Hias,"Memahami hubungan antara kualitas air, induk ikan siap pijah, serta penggunaan alat dengan keberhasilan pemijahan; dan menerapkan cara merawat telur ikan hias secara hati-hati.",AUTO-119,https://kurikulum.kemendikdasmen.go.id/service/download.php?kategori=rujukan&id=119,extracted_machine
LO-PENDIDIKAN-KHUSUS-KETERAMPILAN-BUDI-DAYA-PERIKANAN-F-3.4,SMA,F,Pendidikan Khusus Keterampilan Budi Daya Perikanan,Pemeliharaan Ikan Hias,"Menghitung pakan dan kebutuhan obat ikan hias, mengidentifikasi obat ikan hias; menerapkan cara membuat larutan obat ikan hias, pemberian obat ikan hias; menunjukkan keterampilan dalam mengatur pencegahan hama dan penyakit ikan hias.",AUTO-119,https://kurikulum.kemendikdasmen.go.id/service/download.php?kategori=rujukan&id=119,extracted_machine
LO-PENDIDIKAN-KHUSUS-KETERAMPILAN-BUDI-DAYA-PERIKANAN-F-3.5,SMA,F,Pendidikan Khusus Keterampilan Budi Daya Perikanan,Pemanenan Ikan Hias,Menerapkan pemanenan ikan hias; menerapkan sortasi sederhana pada ikan hias.,AUTO-119,https://kurikulum.kemendikdasmen.go.id/service/download.php?kategori=rujukan&id=119,extracted_machine
LO-PENDIDIKAN-KHUSUS-KETERAMPILAN-BUDI-DAYA-PERIKANAN-F-3.6,SMA,F,Pendidikan Khusus Keterampilan Budi Daya Perikanan,Pemasaran Ikan Hias,"Menerapkan pengemasan ikan hias dan pengiriman ikan hias, serta mengevaluasi proses dan hasil pemasaran ikan hias.",AUTO-119,https://kurikulum.kemendikdasmen.go.id/service/download.php?kategori=rujukan&id=119,extracted_machine
LO-PENDIDIKAN-KHUSUS-KETERAMPILAN-FOTOGRAFI-D-1.1,SMP,D,Pendidikan Khusus Keterampilan Fotografi,Keselamatan dan Kesehatan Kerja,Menerapkan prosedur dasar K3 di ruang praktik; menerapkan prosedur penyimpanan peralatan fotografi; dan menunjukkan kemampuan dalam menghindari bahaya saat menggunakan alat fotografi.,AUTO-119,https://kurikulum.kemendikdasmen.go.id/service/download.php?kategori=rujukan&id=119,extracted_machine
LO-PENDIDIKAN-KHUSUS-KETERAMPILAN-FOTOGRAFI-D-1.2,SMP,D,Pendidikan Khusus Keterampilan Fotografi,Peralatan Fotografi,Mengklasifikasikan jenis dan bagian kamera dan perangkat penunjangnya; menerapkan fungsi-fungsi pada bodi kamera; dan menerapkan prosedur penggunaan alat fotografi.,AUTO-119,https://kurikulum.kemendikdasmen.go.id/service/download.php?kategori=rujukan&id=119,extracted_machine
LO-PENDIDIKAN-KHUSUS-KETERAMPILAN-FOTOGRAFI-D-1.3,SMP,D,Pendidikan Khusus Keterampilan Fotografi,Variabel Pemotretan,"Mengklasifikasikan sumber pencahayaan, mengatur pencahayaan saat melakukan pemotretan; dan kemampuan mengatur titik fokus yang tepat berdasarkan objek.",AUTO-119,https://kurikulum.kemendikdasmen.go.id/service/download.php?kategori=rujukan&id=119,extracted_machine
LO-PENDIDIKAN-KHUSUS-KETERAMPILAN-FOTOGRAFI-D-1.4,SMP,D,Pendidikan Khusus Keterampilan Fotografi,Proses Pemotretan,Mengklasifikasikan karakter objek yang akan dipotret; dan mengatur pemotretan objek sederhana tunggal.,AUTO-119,https://kurikulum.kemendikdasmen.go.id/service/download.php?kategori=rujukan&id=119,extracted_machine
LO-PENDIDIKAN-KHUSUS-KETERAMPILAN-FOTOGRAFI-D-1.5,SMP,D,Pendidikan Khusus Keterampilan Fotografi,Pengelolaan Pasca Pemotretan,Mentransfer data gambar digital; dan menerapkan prosedur penyimpanan data gambar digital.,AUTO-119,https://kurikulum.kemendikdasmen.go.id/service/download.php?kategori=rujukan&id=119,extracted_machine
LO-PENDIDIKAN-KHUSUS-KETERAMPILAN-FOTOGRAFI-E-2.1,SMA,E,Pendidikan Khusus Keterampilan Fotografi,Keselamatan dan Kesehatan Kerja,Menerapkan prosedur keselamatan dan kesehatan kerja di luar ruangan dan menerapkan prosedur perawatan peralatan dengan memperhatikan kelembaban dan suhu penyimpanan sesuai dengan standar perawatan.,AUTO-119,https://kurikulum.kemendikdasmen.go.id/service/download.php?kategori=rujukan&id=119,extracted_machine
LO-PENDIDIKAN-KHUSUS-KETERAMPILAN-FOTOGRAFI-E-2.2,SMA,E,Pendidikan Khusus Keterampilan Fotografi,Peralatan Fotografi,Memeriksa kelengkapan alat fotografi; dan membedakan serta memadukan penggunaan peralatan fotografi sesuai kebutuhan.,AUTO-119,https://kurikulum.kemendikdasmen.go.id/service/download.php?kategori=rujukan&id=119,extracted_machine
LO-PENDIDIKAN-KHUSUS-KETERAMPILAN-FOTOGRAFI-E-2.3,SMA,E,Pendidikan Khusus Keterampilan Fotografi,Variabel Pemotretan,Mengoperasikan setiap komponen pencahayaan yang ada pada kamera.,AUTO-119,https://kurikulum.kemendikdasmen.go.id/service/download.php?kategori=rujukan&id=119,extracted_machine
LO-PENDIDIKAN-KHUSUS-KETERAMPILAN-FOTOGRAFI-E-2.4,SMA,E,Pendidikan Khusus Keterampilan Fotografi,Proses Pemotretan,Membuat rencana dan mengatur pemotretan beberapa objek yang berbeda jenis dan karakternya.,AUTO-119,https://kurikulum.kemendikdasmen.go.id/service/download.php?kategori=rujukan&id=119,extracted_machine
LO-PENDIDIKAN-KHUSUS-KETERAMPILAN-FOTOGRAFI-E-2.5,SMA,E,Pendidikan Khusus Keterampilan Fotografi,Pengelolaan Pasca Pemotretan,Menerapkan metode penyeleksian gambar berdasarkan kualitas teknis dan tujuan pemotretan.,AUTO-119,https://kurikulum.kemendikdasmen.go.id/service/download.php?kategori=rujukan&id=119,extracted_machine
LO-PENDIDIKAN-KHUSUS-KETERAMPILAN-FOTOGRAFI-F-3.1,SMA,F,Pendidikan Khusus Keterampilan Fotografi,Keselamatan dan Kesehatan Kerja,"Memprediksi potensi kecelakaan kerja yang terjadi sebelum, saat dan setelah pemotretan; memeriksa dan melaporkan kondisi peralatan fotografi serta perawatannya; dan menerapkan prosedur pembuangan limbah hasil pencetakan foto digital.",AUTO-119,https://kurikulum.kemendikdasmen.go.id/service/download.php?kategori=rujukan&id=119,extracted_machine
LO-PENDIDIKAN-KHUSUS-KETERAMPILAN-FOTOGRAFI-F-3.2,SMA,F,Pendidikan Khusus Keterampilan Fotografi,Peralatan Fotografi,"Membuat rencana dan menerapkan penggunaan lensa tambahan, lampu atau lampu studio dan peralatan penunjang lainnya untuk berbagai tujuan pemotretan.",AUTO-119,https://kurikulum.kemendikdasmen.go.id/service/download.php?kategori=rujukan&id=119,extracted_machine
LO-PENDIDIKAN-KHUSUS-KETERAMPILAN-FOTOGRAFI-F-3.3,SMA,F,Pendidikan Khusus Keterampilan Fotografi,Variabel Pemotretan,Mengatur komposisi gambar dengan mengatur posisi objek utama dan elemen pendukung; dan mengatur sudut pandang.,AUTO-119,https://kurikulum.kemendikdasmen.go.id/service/download.php?kategori=rujukan&id=119,extracted_machine
LO-PENDIDIKAN-KHUSUS-KETERAMPILAN-FOTOGRAFI-F-3.4,SMA,F,Pendidikan Khusus Keterampilan Fotografi,Proses Pemotretan,"Membuat rencana dan mengatur pemotretan individu, pemotretan grup; dan melaksanakan pemotretan dokumentasi dengan pelayanan prima",AUTO-119,https://kurikulum.kemendikdasmen.go.id/service/download.php?kategori=rujukan&id=119,extracted_machine
LO-PENDIDIKAN-KHUSUS-KETERAMPILAN-FOTOGRAFI-F-3.5,SMA,F,Pendidikan Khusus Keterampilan Fotografi,Pengelolaan Pasca Pemotretan,"Menerapkan prosedur pengeditan, pencetakan, hingga pengemasan foto digital.",AUTO-119,https://kurikulum.kemendikdasmen.go.id/service/download.php?kategori=rujukan&id=119,extracted_machine
LO-PENDIDIKAN-KHUSUS-KETERAMPILAN-TEKNOLOGI-INFORMASI-DAN-KOMUNIKASI-D-1.1,SMP,D,Pendidikan Khusus Keterampilan Teknologi Informasi dan Komunikasi,Keselamatan dan Kesehatan Kerja,Menerapkan praktik kerja aman penggunaan perangkat gawai; mengenali perlengkapan dan simbol keselamatan dan kesehatan kerja; dan menerapkan prosedur darurat.,AUTO-119,https://kurikulum.kemendikdasmen.go.id/service/download.php?kategori=rujukan&id=119,extracted_machine
LO-PENDIDIKAN-KHUSUS-KETERAMPILAN-TEKNOLOGI-INFORMASI-DAN-KOMUNIKASI-D-1.2,SMP,D,Pendidikan Khusus Keterampilan Teknologi Informasi dan Komunikasi,Sistem Operasi dan Aplikasi,"Menggunakan aplikasi pada perangkat gawai yang menunjang komunikasi, alat bantu asisitif atau adaptif untuk mempermudah kehidupan, dan media hiburan; mengelola fail dan folder; dan membuat dokumen menggunakan piranti lunak pengolah kata",AUTO-119,https://kurikulum.kemendikdasmen.go.id/service/download.php?kategori=rujukan&id=119,extracted_machine
LO-PENDIDIKAN-KHUSUS-KETERAMPILAN-TEKNOLOGI-INFORMASI-DAN-KOMUNIKASI-D-1.3,SMP,D,Pendidikan Khusus Keterampilan Teknologi Informasi dan Komunikasi,Jaringan Internet Menggunakan peramban situs web(web browser) untuk,dan mesin pencari (search engine) menemukan atau mencari informasi,AUTO-119,https://kurikulum.kemendikdasmen.go.id/service/download.php?kategori=rujukan&id=119,extracted_machine
LO-PENDIDIKAN-KHUSUS-KETERAMPILAN-TEKNOLOGI-INFORMASI-DAN-KOMUNIKASI-D-1.4,SMP,D,Pendidikan Khusus Keterampilan Teknologi Informasi dan Komunikasi,Perbaikan dan Perawatan Ringan,Mengidentifikasi bagian-bagian perangkat gawai; dan menerapkan cara merawat perangkat gawai,AUTO-119,https://kurikulum.kemendikdasmen.go.id/service/download.php?kategori=rujukan&id=119,extracted_machine
LO-PENDIDIKAN-KHUSUS-KETERAMPILAN-TEKNOLOGI-INFORMASI-DAN-KOMUNIKASI-E-2.1,SMA,E,Pendidikan Khusus Keterampilan Teknologi Informasi dan Komunikasi,Keselamatan dan Kesehatan Kerja,"Mengenali internet positif dan aman, sikap dan etika penggunaan internet, simbol-simbol berinternet, berita bohong (hoaks) serta perundungan siber (cyber bullying).",AUTO-119,https://kurikulum.kemendikdasmen.go.id/service/download.php?kategori=rujukan&id=119,extracted_machine
LO-PENDIDIKAN-KHUSUS-KETERAMPILAN-TEKNOLOGI-INFORMASI-DAN-KOMUNIKASI-E-2.2,SMA,E,Pendidikan Khusus Keterampilan Teknologi Informasi dan Komunikasi,Sistem Operasi dan Aplikasi,Menerapkan penggunaan utilitas dasar.,AUTO-119,https://kurikulum.kemendikdasmen.go.id/service/download.php?kategori=rujukan&id=119,extracted_machine
LO-PENDIDIKAN-KHUSUS-KETERAMPILAN-TEKNOLOGI-INFORMASI-DAN-KOMUNIKASI-E-2.3,SMA,E,Pendidikan Khusus Keterampilan Teknologi Informasi dan Komunikasi,Jaringan Internet,Melakukan pengaturan dan menggunakan kata sandi (password); dan melakukan instalasi serta pengelolaan koneksi jaringan lokal (kabel/nirkabel).,AUTO-119,https://kurikulum.kemendikdasmen.go.id/service/download.php?kategori=rujukan&id=119,extracted_machine
LO-PENDIDIKAN-KHUSUS-KETERAMPILAN-TEKNOLOGI-INFORMASI-DAN-KOMUNIKASI-E-2.4,SMA,E,Pendidikan Khusus Keterampilan Teknologi Informasi dan Komunikasi,Perbaikan dan Perawatan Ringan,Mengidentifikasi tata cara kerja perangkat dan tindakan awal penanganan atas masalah (troubleshooting) pada jaringan lokal dan internet.,AUTO-119,https://kurikulum.kemendikdasmen.go.id/service/download.php?kategori=rujukan&id=119,extracted_machine
LO-PENDIDIKAN-KHUSUS-KETERAMPILAN-TEKNOLOGI-INFORMASI-DAN-KOMUNIKASI-F-3.1,SMA,F,Pendidikan Khusus Keterampilan Teknologi Informasi dan Komunikasi,Keselamatan dan Kesehatan Kerja,Memahami hak atas kekayaan intelektual (HAKI) dengan tidak melakukan pembajakan perangkat lunak.,AUTO-119,https://kurikulum.kemendikdasmen.go.id/service/download.php?kategori=rujukan&id=119,extracted_machine
LO-PENDIDIKAN-KHUSUS-KETERAMPILAN-TEKNOLOGI-INFORMASI-DAN-KOMUNIKASI-F-3.2,SMA,F,Pendidikan Khusus Keterampilan Teknologi Informasi dan Komunikasi,Sistem Operasi dan Aplikasi,"Menerapkan praktik baik pelaksanaan instalasi sistem operasi dan pengaturan (setting) BIOS, mengunduh, menginstal; mengoperasikan serta menghapus perangkat lunak (software), mengoperasikan piranti lunak lembar sebar (spreadsheet) tingkat dasar khusus; mengoperasikan piranti lunak presentasi tingkat dasar khusus; dan melakukan integrasi konten dari berbagai aplikasi.",AUTO-119,https://kurikulum.kemendikdasmen.go.id/service/download.php?kategori=rujukan&id=119,extracted_machine
LO-PENDIDIKAN-KHUSUS-KETERAMPILAN-TEKNOLOGI-INFORMASI-DAN-KOMUNIKASI-F-3.3,SMA,F,Pendidikan Khusus Keterampilan Teknologi Informasi dan Komunikasi,Jaringan Internet,Membuat akun pos-el (e-mail) dan media sosial serta memanfaatkannya dengan memperhatikan etika bermedia sosial.,AUTO-119,https://kurikulum.kemendikdasmen.go.id/service/download.php?kategori=rujukan&id=119,extracted_machine
LO-PENDIDIKAN-KHUSUS-KETERAMPILAN-TEKNOLOGI-INFORMASI-DAN-KOMUNIKASI-F-3.4,SMA,F,Pendidikan Khusus Keterampilan Teknologi Informasi dan Komunikasi,Perbaikan dan Perawatan Ringan,Mengidentifikasi tata cara kerja perangkat; dan melakukan tindakan awal penanganan atas masalah (troubleshooting) pada aplikasi.,AUTO-119,https://kurikulum.kemendikdasmen.go.id/service/download.php?kategori=rujukan&id=119,extracted_machine
LO-PENDIDIKAN-KHUSUS-KETERAMPILAN-TATA-BUSANA-D-1.1,SMP,D,Pendidikan Khusus Keterampilan Tata Busana,Keselamatan dan Kesehatan Kerja (K3),Mengidentifikasi simbol-simbol K3; menerapkan prosedur kesehatan dan keselamatan di tempat kerja; dan memberikan pertolongan pertama pada kecelakaan kerja.,AUTO-119,https://kurikulum.kemendikdasmen.go.id/service/download.php?kategori=rujukan&id=119,extracted_machine
LO-PENDIDIKAN-KHUSUS-KETERAMPILAN-TATA-BUSANA-D-1.2,SMP,D,Pendidikan Khusus Keterampilan Tata Busana,Persiapan Alat dan Bahan,"Mengenali peralatan menjahit dengan tangan dan dengan mesin, alat pemotong bahan; menyiapkan alat menjahit; menyiapkan bahan praktik; dan membuat laporan persiapan alat dan persiapan bahan.",AUTO-119,https://kurikulum.kemendikdasmen.go.id/service/download.php?kategori=rujukan&id=119,extracted_machine
LO-PENDIDIKAN-KHUSUS-KETERAMPILAN-TATA-BUSANA-D-1.3,SMP,D,Pendidikan Khusus Keterampilan Tata Busana,Proses Produksi,Menerapkan teknik dasar menjahit dengan tangan; menerapkan teknik dasar menjahit dengan mesin; memahami berbagai istilah dalam Tata Busana; mengatasi masalah yang muncul dalam menjahit; dan membuat busana sederhana/lenan rumah tangga/pelengkap busana dengan pola dasar.,AUTO-119,https://kurikulum.kemendikdasmen.go.id/service/download.php?kategori=rujukan&id=119,extracted_machine
LO-PENDIDIKAN-KHUSUS-KETERAMPILAN-TATA-BUSANA-D-1.4,SMP,D,Pendidikan Khusus Keterampilan Tata Busana,Penyelesaian Akhir,Membuat kelim menggunakan tusuk sembunyi; melaksanakan pemeriksaan kualitas produk; melaksanakan penyetrikaan produk; melakukan pengemasan produk sesuai dengan bentuk serta ukuran yang ditentukan; dan menerapkan pelayanan prima.,AUTO-119,https://kurikulum.kemendikdasmen.go.id/service/download.php?kategori=rujukan&id=119,extracted_machine
LO-PENDIDIKAN-KHUSUS-KETERAMPILAN-TATA-BUSANA-D-1.5,SMP,D,Pendidikan Khusus Keterampilan Tata Busana,Pelaporan,"Melaksanakan pelaporan dengan mengisi daftar centang (checklist) terkait persiapan kerja, proses kerja, dan pemeriksaan hasil/produk.",AUTO-119,https://kurikulum.kemendikdasmen.go.id/service/download.php?kategori=rujukan&id=119,extracted_machine
LO-PENDIDIKAN-KHUSUS-KETERAMPILAN-TATA-BUSANA-E-2.1,SMA,E,Pendidikan Khusus Keterampilan Tata Busana,Keselamatan dan Kesehatan Kerja (K3),Mengidentifikasi simbol-simbol K3; menerapkan prosedur kesehatan dan keselamatan di tempat kerja; dan melaksanakan pertolongan pertama pada kecelakaan kerja.,AUTO-119,https://kurikulum.kemendikdasmen.go.id/service/download.php?kategori=rujukan&id=119,extracted_machine
LO-PENDIDIKAN-KHUSUS-KETERAMPILAN-TATA-BUSANA-E-2.2,SMA,E,Pendidikan Khusus Keterampilan Tata Busana,Persiapan Alat dan Bahan,"Mengidentifikasi alat dan bahan, dan menyiapkan alat dan bahan untuk membuat produk busana/pelengkap busana/lenan rumah tangga sesuai desain.",AUTO-119,https://kurikulum.kemendikdasmen.go.id/service/download.php?kategori=rujukan&id=119,extracted_machine
LO-PENDIDIKAN-KHUSUS-KETERAMPILAN-TATA-BUSANA-E-2.3,SMA,E,Pendidikan Khusus Keterampilan Tata Busana,Proses Produksi,"Menganalisis desain produk busana/pelengkap busana/lenan rumah tangga; melaksanakan pemotongan bahan menggunakan pola yang sudah dikembangkan sesuai desain produk busana/pelengkap busana/lenan rumah tangga; dan menerapkan teknik melekatkan interfacing, menerapkan teknik jahit produk busana/pelengkap busana/lenan rumah tangga.",AUTO-119,https://kurikulum.kemendikdasmen.go.id/service/download.php?kategori=rujukan&id=119,extracted_machine
LO-PENDIDIKAN-KHUSUS-KETERAMPILAN-TATA-BUSANA-E-2.4,SMA,E,Pendidikan Khusus Keterampilan Tata Busana,Penyelesaian Akhir,"Membuat kelim menggunakan tusuk sembunyi, melaksanakan pemeriksaan kualitas produk, melaksanakan penyetrikaan produk, melakukan pengemasan produk sesuai dengan bentuk dan ukuran yang ditentukan, serta menerapkan pelayanan prima.",AUTO-119,https://kurikulum.kemendikdasmen.go.id/service/download.php?kategori=rujukan&id=119,extracted_machine
LO-PENDIDIKAN-KHUSUS-KETERAMPILAN-TATA-BUSANA-E-2.5,SMA,E,Pendidikan Khusus Keterampilan Tata Busana,Pelaporan,"Mengisi daftar centang (checklist) terkait persiapan kerja, proses kerja, dan pemeriksaan hasil/produk, mengomunikasikan daftar centang (checklist) yang sudah diisi, serta menghitung kebutuhan bahan dan biaya produksi.",AUTO-119,https://kurikulum.kemendikdasmen.go.id/service/download.php?kategori=rujukan&id=119,extracted_machine
LO-PENDIDIKAN-KHUSUS-KETERAMPILAN-TATA-BUSANA-F-3.1,SMA,F,Pendidikan Khusus Keterampilan Tata Busana,Keselamatan dan Kesehatan Kerja (K3),"Mengidentifikasi simbol-simbol K3; menerapkan prosedur kesehatan dan keselamatan di tempat kerja, dan melaksanakan pertolongan pertama pada kecelakaan kerja.",AUTO-119,https://kurikulum.kemendikdasmen.go.id/service/download.php?kategori=rujukan&id=119,extracted_machine
LO-PENDIDIKAN-KHUSUS-KETERAMPILAN-TATA-BUSANA-F-3.2,SMA,F,Pendidikan Khusus Keterampilan Tata Busana,Persiapan Alat dan Bahan,"Mengidentifikasi alat bahan untuk pecah pola; melaksanakan pembuatan dan menghias; menyiapkan alat bahan pecah pola, membuat dan melaksanakan kegiatan menghias produk busana/pelengkap busana/lenan sesuai desain.",AUTO-119,https://kurikulum.kemendikdasmen.go.id/service/download.php?kategori=rujukan&id=119,extracted_machine
LO-PENDIDIKAN-KHUSUS-KETERAMPILAN-TATA-BUSANA-F-3.3,SMA,F,Pendidikan Khusus Keterampilan Tata Busana,Proses Produksi,"Menganalisis desain produk busana/pelengkap busana/lenan rumah tangga; menerapkan prosedur pecah pola dasar sesuai desain produk, memotong bahan menggunakan pola yang sudah dikembangkan; dan menerapkan teknik melekatkan interfacing, menerapkan teknik jahit produk busana/pelengkap busana/lenan rumah tangga.",AUTO-119,https://kurikulum.kemendikdasmen.go.id/service/download.php?kategori=rujukan&id=119,extracted_machine
LO-PENDIDIKAN-KHUSUS-KETERAMPILAN-TATA-BUSANA-F-3.4,SMA,F,Pendidikan Khusus Keterampilan Tata Busana,Penyelesaian Akhir,"Memasang hiasan aplikasi/hiasan sulam/burci, membuat kelim menggunakan tusuk flanel; membuat lubang kancing, memasang kancing; melakukan pengecekan akhir produk; melaksanakan penyetrikaan produk; dan melakukan pengemasan produk sesuai bentuk dan ukuran yang ditentukan; dan menerapkan pelayanan prima.",AUTO-119,https://kurikulum.kemendikdasmen.go.id/service/download.php?kategori=rujukan&id=119,extracted_machine
LO-PENDIDIKAN-KHUSUS-KETERAMPILAN-TATA-BUSANA-F-3.5,SMA,F,Pendidikan Khusus Keterampilan Tata Busana,Pelaporan,"Mengembangkan pelaporan persiapan kerja, proses kerja, dan pemeriksaan hasil/produk dan mengkomunikasikannya; melakukan penghitungan kebutuhan bahan dan biaya produksi secara mandiri.",AUTO-119,https://kurikulum.kemendikdasmen.go.id/service/download.php?kategori=rujukan&id=119,extracted_machine
LO-PENDIDIKAN-KHUSUS-KETERAMPILAN-TATA-BOGA-D-1.1,SMP,D,Pendidikan Khusus Keterampilan Tata Boga,Kesehatan dan Keselamatan Kerja (K3),"Mengenali prosedur Keselamatan dan Kesehatan Kerja (K3) di dapur; menerapkan tata cara penggunaan Alat Pelindung Diri (APD); mengenali tata cara penggunaan Alat Pemadam Kebakaran Api Ringan (APAR), mengenali alat Pertolongan Pertama pada Kecelakaan (P3K): dan menerapkan prosedur kesehatan dan kebersihan diri (personal hygiene), keamanan pangan (food hygiene) serta kebersihan dapur (kitchen hygiene) secara mandiri dan disiplin.",AUTO-119,https://kurikulum.kemendikdasmen.go.id/service/download.php?kategori=rujukan&id=119,extracted_machine
LO-PENDIDIKAN-KHUSUS-KETERAMPILAN-TATA-BOGA-D-1.2,SMP,D,Pendidikan Khusus Keterampilan Tata Boga,Persiapan Alat dan Bahan,"Mengenali jenis peralatan kecil (kitchen tools), peralatan sedang (kitchen utensil), dan peralatan besar (kitchen equipment); menerapkan prosedur pembersihan dan penyimpanan peralatan; mengenali prosedur penggunaan peralatan memasak; mengenali jenis, mutu bahan makanan segar (perishable food), bahan makanan kering (groceries food); dan mengenali prosedur penyimpanan bahan makanan segar (perishable food) serta makanan kering (groceries food) dengan disiplin dan mandiri.",AUTO-119,https://kurikulum.kemendikdasmen.go.id/service/download.php?kategori=rujukan&id=119,extracted_machine
LO-PENDIDIKAN-KHUSUS-KETERAMPILAN-TATA-BOGA-D-1.3,SMP,D,Pendidikan Khusus Keterampilan Tata Boga,Membuat Hidangan,"Menerapkan teknik dasar memasak, seperti merebus, mengukus, menggoreng, memanggang, serta membakar; dan menerapkan bahan makanan dan minuman dengan disiplin dan bergotong royong.",AUTO-119,https://kurikulum.kemendikdasmen.go.id/service/download.php?kategori=rujukan&id=119,extracted_machine
LO-PENDIDIKAN-KHUSUS-KETERAMPILAN-TATA-BOGA-D-1.4,SMP,D,Pendidikan Khusus Keterampilan Tata Boga,Menyajikan Hidangan,Mengenali bahan dan peralatan untuk membuat hiasan (garnish); mengenali tata cara membuat hiasan (garnish); dan menerapkan penyajian hidangan (plating) secara higienis dan mandiri.,AUTO-119,https://kurikulum.kemendikdasmen.go.id/service/download.php?kategori=rujukan&id=119,extracted_machine
LO-PENDIDIKAN-KHUSUS-KETERAMPILAN-TATA-BOGA-E-2.1,SMA,E,Pendidikan Khusus Keterampilan Tata Boga,Kesehatan dan Keselamatan Kerja (K3),"Menerapkan prosedur Keselamatan dan Kesehatan Kerja (K3); menerapkan penggunaan Alat Pelindung Diri (APD); menerapkan tata cara menggunakan Alat Pemadam Kebakaran Api Ringan (APAR); menerapkan tata cara penggunaan alat Pertolongan Pertama pada Kecelakaan (P3K); dan menerapkan cara memelihara kebersihan dan kesehatan diri (personal hygiene), keamanan pangan (food hygiene), serta kebersihan dapur (kitchen hygiene) dengan disiplin dan bergotong royong.",AUTO-119,https://kurikulum.kemendikdasmen.go.id/service/download.php?kategori=rujukan&id=119,extracted_machine
LO-PENDIDIKAN-KHUSUS-KETERAMPILAN-TATA-BOGA-E-2.2,SMA,E,Pendidikan Khusus Keterampilan Tata Boga,Persiapan Alat dan Bahan,". Mendiskusikan isi resep, mengurutkan kebutuhan alat dan bahan; memeriksa alat dan bahan; menerapkan penyimpanan bahan yang sudah disiapkan pada wadah yang sesuai; dan melakukan inventarisasi alat dan bahan dengan tertib dan jujur.",AUTO-119,https://kurikulum.kemendikdasmen.go.id/service/download.php?kategori=rujukan&id=119,extracted_machine
LO-PENDIDIKAN-KHUSUS-KETERAMPILAN-TATA-BOGA-E-2.3,SMA,E,Pendidikan Khusus Keterampilan Tata Boga,Membuat Hidangan,"Menerapkan proses pembuatan bumbu dasar; pembuatan sup, pembuatan dan penyimpanan gravi/saus, pembuatan roti lapis; melaksanakan kegiatan memasak hidangan berbahan utama nabati dan hidangan nasi berbumbu.",AUTO-119,https://kurikulum.kemendikdasmen.go.id/service/download.php?kategori=rujukan&id=119,extracted_machine
LO-PENDIDIKAN-KHUSUS-KETERAMPILAN-TATA-BOGA-E-2.4,SMA,E,Pendidikan Khusus Keterampilan Tata Boga,Menyajikan Hidangan,"Menerapkan proses penyajian, dan penyimpanan atau pengemasan hidangan dengan memberikan hiasan (garnish) berdasarkan kreativitas yang dimiliki murid.",AUTO-119,https://kurikulum.kemendikdasmen.go.id/service/download.php?kategori=rujukan&id=119,extracted_machine
LO-PENDIDIKAN-KHUSUS-KETERAMPILAN-TATA-BOGA-F-3.1,SMA,F,Pendidikan Khusus Keterampilan Tata Boga,Kesehatan dan Keselamatan Kerja (K3),"Menerapkan prosedur Keselamatan dan Kesehatan Kerja (K3); menerapkan penggunaan Alat Pelindung Diri (APD); menerapkan tata cara menggunakan Alat Pemadam Kebakaran Ringan (APAR); menerapkan tata cara penggunaan alat Pertolongan Pertama Pada Kecelakaan (P3K); dan menerapkan kebersihan dan kesehatan diri (personal hygiene), keamanan pangan (food hygiene) serta kebersihan dapur (kitchen hygiene) dengan disiplin dan bergotong royong.",AUTO-119,https://kurikulum.kemendikdasmen.go.id/service/download.php?kategori=rujukan&id=119,extracted_machine
LO-PENDIDIKAN-KHUSUS-KETERAMPILAN-TATA-BOGA-F-3.2,SMA,F,Pendidikan Khusus Keterampilan Tata Boga,Persiapan Alat dan Bahan,"Menyusun isi resep, membuat rencana kebutuhan alat dan bahan, memeriksa alat dan bahan; menerapkan bahan yang sudah disiapkan pada wadah yang sesuai; melakukan inventarisasi alat dan bahan dengan tertib dan jujur.",AUTO-119,https://kurikulum.kemendikdasmen.go.id/service/download.php?kategori=rujukan&id=119,extracted_machine
LO-PENDIDIKAN-KHUSUS-KETERAMPILAN-TATA-BOGA-F-3.3,SMA,F,Pendidikan Khusus Keterampilan Tata Boga,Membuat Hidangan,"Menerapkan proses pembuatan hidangan berbahan dasar hewani, pembuatan hidangan kue tradisional Indonesia, pembuatan produk kue (pastry) dan roti (bakery).",AUTO-119,https://kurikulum.kemendikdasmen.go.id/service/download.php?kategori=rujukan&id=119,extracted_machine
LO-PENDIDIKAN-KHUSUS-KETERAMPILAN-TATA-BOGA-F-3.4,SMA,F,Pendidikan Khusus Keterampilan Tata Boga,Menyajikan Hidangan,Menerapkan proses penyajian; dan melakukan penyimpanan atau pengemasan hidangan dengan memberikan hiasan (garnish) berdasarkan kreativitas yang dimiliki murid.,AUTO-119,https://kurikulum.kemendikdasmen.go.id/service/download.php?kategori=rujukan&id=119,extracted_machine
LO-PENDIDIKAN-KHUSUS-KETERAMPILAN-BUDI-DAYA-TANAMAN-HORTIKULTURA-D-1.1,SMP,D,Pendidikan Khusus Keterampilan Budi Daya Tanaman Hortikultura,Prosedur Keselamatan dan Kesehatan Kerja (K3),"Mengenali Alat Pelindung Diri (APD) dan prosedur penggunaannya serta pemeliharaan alat dalam proses menerapkan K3 pada budi daya tanaman dengan memadukan sikap hati-hati, disiplin, dan tanggung jawab dalam penggunaannya.",AUTO-119,https://kurikulum.kemendikdasmen.go.id/service/download.php?kategori=rujukan&id=119,extracted_machine
LO-PENDIDIKAN-KHUSUS-KETERAMPILAN-BUDI-DAYA-TANAMAN-HORTIKULTURA-D-1.2,SMP,D,Pendidikan Khusus Keterampilan Budi Daya Tanaman Hortikultura,Jenis Tanaman,"Mengenali jenis dan ciri tanaman sayuran serta produk yang dihasilkan dengan menyesuaikan kondisi lingkungan tempat tinggal secara teliti, cermat, dan cekatan serta percaya diri untuk menjelaskan hasil pekerjaan.",AUTO-119,https://kurikulum.kemendikdasmen.go.id/service/download.php?kategori=rujukan&id=119,extracted_machine
LO-PENDIDIKAN-KHUSUS-KETERAMPILAN-BUDI-DAYA-TANAMAN-HORTIKULTURA-D-1.3,SMP,D,Pendidikan Khusus Keterampilan Budi Daya Tanaman Hortikultura,Penyemaian Bibit Tanaman,"Mengenali alat, bahan yang digunakan, dan cara penyemaian bibit tanaman sayuran serta mempraktikkannya dengan menerapkan sikap tanggung jawab.",AUTO-119,https://kurikulum.kemendikdasmen.go.id/service/download.php?kategori=rujukan&id=119,extracted_machine
LO-PENDIDIKAN-KHUSUS-KETERAMPILAN-BUDI-DAYA-TANAMAN-HORTIKULTURA-D-1.4,SMP,D,Pendidikan Khusus Keterampilan Budi Daya Tanaman Hortikultura,Penanaman Bibit Tanaman,"Mengenali bibit yang siap untuk pindah tanam dan perawatan tanaman sayuran (penyiraman, pemupukan, penyiangan; dan melakukan kegiatan pemberantasan hama/gulma) dengan menerapkan sikap tanggung jawab.",AUTO-119,https://kurikulum.kemendikdasmen.go.id/service/download.php?kategori=rujukan&id=119,extracted_machine
LO-PENDIDIKAN-KHUSUS-KETERAMPILAN-BUDI-DAYA-TANAMAN-HORTIKULTURA-D-1.5,SMP,D,Pendidikan Khusus Keterampilan Budi Daya Tanaman Hortikultura,Penyediaan Produk Tanaman,"Mengenali tanaman sayuran yang siap dipanen, peralatan yang digunakan, dan proses memilih hasil panen serta pengemasan; melakukan kegiatan pemasaran produk tanaman sayuran.",AUTO-119,https://kurikulum.kemendikdasmen.go.id/service/download.php?kategori=rujukan&id=119,extracted_machine
LO-PENDIDIKAN-KHUSUS-KETERAMPILAN-BUDI-DAYA-TANAMAN-HORTIKULTURA-E-2.1,SMA,E,Pendidikan Khusus Keterampilan Budi Daya Tanaman Hortikultura,Prosedur Keselamatan dan Kesehatan Kerja (K3),Mengidentifikasi bahaya dan menganalisis secara sederhana pencegahan kecelakaan kerja dalam pelaksanaan prosedur K3 dengan menerapkan sikap disiplin dalam bekerja.,AUTO-119,https://kurikulum.kemendikdasmen.go.id/service/download.php?kategori=rujukan&id=119,extracted_machine
LO-PENDIDIKAN-KHUSUS-KETERAMPILAN-BUDI-DAYA-TANAMAN-HORTIKULTURA-E-2.2,SMA,E,Pendidikan Khusus Keterampilan Budi Daya Tanaman Hortikultura,Jenis Tanaman,"Mengidentifikasi jenis dan ciri tanaman buah semusim serta produk yang dihasilkan dengan menyesuaikan kondisi lingkungan tempat tinggal secara teliti, cermat, dan cekatan serta percaya diri untuk memaparkan hasil pekerjaan.",AUTO-119,https://kurikulum.kemendikdasmen.go.id/service/download.php?kategori=rujukan&id=119,extracted_machine
LO-PENDIDIKAN-KHUSUS-KETERAMPILAN-BUDI-DAYA-TANAMAN-HORTIKULTURA-E-2.3,SMA,E,Pendidikan Khusus Keterampilan Budi Daya Tanaman Hortikultura,Penyemaian Bibit Tanaman,"Memilih alat dan bahan yang digunakan dalam proses penyemaian bibit tanaman buah semusim, serta menyiapkan langkah penyemaian dari persiapan media tanam, melakukan penyemaian, hingga menyeleksi bibit dengan menerapkan sikap tanggung jawab.",AUTO-119,https://kurikulum.kemendikdasmen.go.id/service/download.php?kategori=rujukan&id=119,extracted_machine
LO-PENDIDIKAN-KHUSUS-KETERAMPILAN-BUDI-DAYA-TANAMAN-HORTIKULTURA-E-2.4,SMA,E,Pendidikan Khusus Keterampilan Budi Daya Tanaman Hortikultura,Penanaman Bibit Tanaman,"Memilih bibit yang siap untuk pindah tanam dan menerapkan perawatan tanaman buah semusim (penyiraman, pemupukan, penyiangan; dan melakukan pemberantasan hama/gulma) dengan menerapkan sikap tanggung jawab.",AUTO-119,https://kurikulum.kemendikdasmen.go.id/service/download.php?kategori=rujukan&id=119,extracted_machine
LO-PENDIDIKAN-KHUSUS-KETERAMPILAN-BUDI-DAYA-TANAMAN-HORTIKULTURA-E-2.5,SMA,E,Pendidikan Khusus Keterampilan Budi Daya Tanaman Hortikultura,Penyediaan Produk Tanaman,"Memilih tanaman buah semusim yang siap untuk proses memanen, mengenali penanganan pascapanen, dan mengomunikasikan penjualan produk tanaman buah semusim secara sederhana dengan menerapkan sikap percaya diri.",AUTO-119,https://kurikulum.kemendikdasmen.go.id/service/download.php?kategori=rujukan&id=119,extracted_machine
LO-PENDIDIKAN-KHUSUS-KETERAMPILAN-BUDI-DAYA-TANAMAN-HORTIKULTURA-F-3.1,SMA,F,Pendidikan Khusus Keterampilan Budi Daya Tanaman Hortikultura,Prosedur Keselamatan dan Kesehatan Kerja (K3),Menerapkan pencegahan penyakit dan perawatan diri setelah bekerja.,AUTO-119,https://kurikulum.kemendikdasmen.go.id/service/download.php?kategori=rujukan&id=119,extracted_machine
LO-PENDIDIKAN-KHUSUS-KETERAMPILAN-BUDI-DAYA-TANAMAN-HORTIKULTURA-F-3.2,SMA,F,Pendidikan Khusus Keterampilan Budi Daya Tanaman Hortikultura,Jenis Tanaman,"Menjelaskan jenis dan ciri tanaman serta produk yang dihasilkan dengan menyesuaikan kondisi lingkungan tempat tinggal secara teliti, cermat, dan cekatan serta percaya diri untuk memaparkan hasil pekerjaan.",AUTO-119,https://kurikulum.kemendikdasmen.go.id/service/download.php?kategori=rujukan&id=119,extracted_machine
LO-PENDIDIKAN-KHUSUS-KETERAMPILAN-BUDI-DAYA-TANAMAN-HORTIKULTURA-F-3.3,SMA,F,Pendidikan Khusus Keterampilan Budi Daya Tanaman Hortikultura,Penyemaian Bibit Tanaman,Memilih alat dan bahan yang digunakan serta menghitung kebutuhan bibit yang disemai dalam proses penyemaian bibit tanaman hias dengan menerapkan sikap tanggung jawab.,AUTO-119,https://kurikulum.kemendikdasmen.go.id/service/download.php?kategori=rujukan&id=119,extracted_machine
LO-PENDIDIKAN-KHUSUS-KETERAMPILAN-BUDI-DAYA-TANAMAN-HORTIKULTURA-F-3.4,SMA,F,Pendidikan Khusus Keterampilan Budi Daya Tanaman Hortikultura,Penanaman Bibit Tanaman,"Mengatur lahan tanam untuk penanaman bibit dan menerapkan perawatan tanaman hias (penyiraman, pemupukan, penyiangan; dan melakukan kegiatan pemberantasan hama/gulma) dengan menerapkan sikap tanggung jawab.",AUTO-119,https://kurikulum.kemendikdasmen.go.id/service/download.php?kategori=rujukan&id=119,extracted_machine
LO-PENDIDIKAN-KHUSUS-KETERAMPILAN-BUDI-DAYA-TANAMAN-HORTIKULTURA-F-3.5,SMA,F,Pendidikan Khusus Keterampilan Budi Daya Tanaman Hortikultura,Penyediaan Produk Tanaman,"Memilih tanaman hias yang siap untuk proses panen, menerapkan penanganan pascapanen; dan mempraktikkan penjualan produk tanaman menerapkan hias secara sederhana dengan sikap percaya diri.",AUTO-119,https://kurikulum.kemendikdasmen.go.id/service/download.php?kategori=rujukan&id=119,extracted_machine
LO-PENDIDIKAN-KHUSUS-KETERAMPILAN-TATA-KECANTIKAN-D-1.1,SMP,D,Pendidikan Khusus Keterampilan Tata Kecantikan,Keselamatan dan Kesehatan Kerja,"Mengenali prosedur Keselamatan dan Kesehatan Kerja (K3) di salon; mempraktikkan tata cara penggunaan alat pelindung diri (APD); mempraktikkan tata cara penggunaan alat pemadam kebakaran ringan (APAR), mengenal alat P3K; melakukan prosedur kesehatan dan kebersihan diri (personal hygiene); dan melakanakan keamanan dalam bekerja serta kebersihan area kerja secara mandiri dan disiplin.",AUTO-119,https://kurikulum.kemendikdasmen.go.id/service/download.php?kategori=rujukan&id=119,extracted_machine
LO-PENDIDIKAN-KHUSUS-KETERAMPILAN-TATA-KECANTIKAN-D-1.2,SMP,D,Pendidikan Khusus Keterampilan Tata Kecantikan,Persiapan Alat dan Bahan,"Mengenali jenis peralatan perawatan kulit dan rambut serta penataan rambut; menyiapkan alat perawatan kulit dan rambut serta penataan rambut; menyiapkan bahan praktik perawatan kulit dan rambut serta penataan rambut; menerapkan prosedur pembersihan dan penyimpanan peralatan; menerapkan prosedur penggunaan peralatan perawatan kulit, rambut, serta penataan rambut dengan disiplin dan mandiri.",AUTO-119,https://kurikulum.kemendikdasmen.go.id/service/download.php?kategori=rujukan&id=119,extracted_machine
LO-PENDIDIKAN-KHUSUS-KETERAMPILAN-TATA-KECANTIKAN-D-1.3,SMP,D,Pendidikan Khusus Keterampilan Tata Kecantikan,Perawatan Kecantikan,"Mengenali bagian-bagian kulit wajah; menerapkan proses perawatan kulit wajah; mengenali bagian-bagian rambut; menerapkan perawatan kulit kepala dan rambut secara basah (creambath) dan dengan masker; mulai dari pencucian; penggunaan krim rambut secara merata, pemijatan, hair steaming, membilas; melaksanakan kegiatan pengeringan rambut dengan alat yang lebih modern yaitu hair dryer; menerapkan penataan rambut pasca perawatan dilakukan secara mandiri, jujur, teliti, dan bertanggung jawab.",AUTO-119,https://kurikulum.kemendikdasmen.go.id/service/download.php?kategori=rujukan&id=119,extracted_machine
LO-PENDIDIKAN-KHUSUS-KETERAMPILAN-TATA-KECANTIKAN-D-1.4,SMP,D,Pendidikan Khusus Keterampilan Tata Kecantikan,Rias Wajah,Memahami bentuk wajah; mengenali jenis kulit wajah; menentukan bahan kosmetik yang dibutuhkan dalam mempraktikkan rias wajah sehari hari.,AUTO-119,https://kurikulum.kemendikdasmen.go.id/service/download.php?kategori=rujukan&id=119,extracted_machine
LO-PENDIDIKAN-KHUSUS-KETERAMPILAN-TATA-KECANTIKAN-E-2.1,SMA,E,Pendidikan Khusus Keterampilan Tata Kecantikan,Keselamatan dan Kesehatan Kerja,Mengidentifikasi simbol-simbol K3; menerapkan prosedur kesehatan dan keselamatan di tempat kerja; menyiapkan dan menggunakan APD (alat pelindung diri) di tempat kerja secara mandiri sesuai prosedur; melakukan kegiatan penyiapan dan pengorganisasian peralatan kembali tempat kerja secara mandiri; melaksanakan pelaporan keadaan bahaya yang muncul secara kritis.,AUTO-119,https://kurikulum.kemendikdasmen.go.id/service/download.php?kategori=rujukan&id=119,extracted_machine
LO-PENDIDIKAN-KHUSUS-KETERAMPILAN-TATA-KECANTIKAN-E-2.2,SMA,E,Pendidikan Khusus Keterampilan Tata Kecantikan,Persiapan Alat dan Bahan,Mengenali jenis peralatan perawatan tangan dan kaki; melakukan kegiatan persiapan alat perawatan tangan dan kaki; bahan praktik perawatan tangan dan kaki; memahami prosedur pembersihan dan penyimpanan peralatan; dan menerapkan cara penggunaan peralatan perawatan tangan dan kaki dengan disiplin dan bertanggung jawab.,AUTO-119,https://kurikulum.kemendikdasmen.go.id/service/download.php?kategori=rujukan&id=119,extracted_machine
LO-PENDIDIKAN-KHUSUS-KETERAMPILAN-TATA-KECANTIKAN-E-2.3,SMA,E,Pendidikan Khusus Keterampilan Tata Kecantikan,Perawatan Kecantikan,"Memahami langkah perawatan tangan dan kaki; melakukan perawatan tangan dan kaki dengan cara memotong atau menggunting; melaksanakan aktivitas menjaga kebersihan kuku, membentuk kuku yang ideal, mewarnai kuku tangan dan kaki; dan menerapkan kreasi nail art hingga topcoat tangan dan kaki secara mandiri.",AUTO-119,https://kurikulum.kemendikdasmen.go.id/service/download.php?kategori=rujukan&id=119,extracted_machine
LO-PENDIDIKAN-KHUSUS-KETERAMPILAN-TATA-KECANTIKAN-E-2.4,SMA,E,Pendidikan Khusus Keterampilan Tata Kecantikan,Rias Wajah,"Memahami karakteristik rangka wajah, jenis kulit wajah; mengembangkan desain rias wajah panggung; dan menentukan bahan kosmetik yang dibutuhkan untuk rias wajah panggung dalam mempraktikkan rias wajah panggung sesuai dengan tema tertentu untuk penampilan di panggung secara mandiri.",AUTO-119,https://kurikulum.kemendikdasmen.go.id/service/download.php?kategori=rujukan&id=119,extracted_machine
LO-PENDIDIKAN-KHUSUS-KETERAMPILAN-TATA-KECANTIKAN-F-3.1,SMA,F,Pendidikan Khusus Keterampilan Tata Kecantikan,Keselamatan dan Kesehatan Kerja,"Menerapkan simbol-simbol K3, prosedur kesehatan dan keselamatan di tempat kerja; Melaksanakan kegiatan penyiapan APD di tempat kerja; menggunakan APD sesuai prosedur secara mandiri; mengorganisir tempat kerja secara mandiri serta melaporkan keadaan bahaya yang muncul secara kritis.",AUTO-119,https://kurikulum.kemendikdasmen.go.id/service/download.php?kategori=rujukan&id=119,extracted_machine
LO-PENDIDIKAN-KHUSUS-KETERAMPILAN-TATA-KECANTIKAN-F-3.2,SMA,F,Pendidikan Khusus Keterampilan Tata Kecantikan,Persiapan Alat dan Bahan,"Memahami jenis peralatan perawatan kulit wajah bermasalah; melaksanakan kegiatan penyiapan alat, dan bahan perawatan kulit wajah bermasalah; memahami prosedur pembersihan dan penyimpanan peralatan serta peralatan dengan menerapkan cara penggunaan perawatan kulit wajah bermasalah disiplin dan bertanggung jawab.",AUTO-119,https://kurikulum.kemendikdasmen.go.id/service/download.php?kategori=rujukan&id=119,extracted_machine
LO-PENDIDIKAN-KHUSUS-KETERAMPILAN-TATA-KECANTIKAN-F-3.3,SMA,F,Pendidikan Khusus Keterampilan Tata Kecantikan,Perawatan Kecantikan,"Memahami langkah perawatan kulit wajah bermasalah; mengidentifikasi jenis kulit wajah, menerapkan perawatan kulit wajah kering, kusam, berjerawat/berkomedo, berpigmentasi, kering kasar (dehidrasi); serta menua (aging skin) secara manual, teliti, mandiri, dan bertanggung jawab.",AUTO-119,https://kurikulum.kemendikdasmen.go.id/service/download.php?kategori=rujukan&id=119,extracted_machine
LO-PENDIDIKAN-KHUSUS-KETERAMPILAN-TATA-KECANTIKAN-F-3.4,SMA,F,Pendidikan Khusus Keterampilan Tata Kecantikan,Rias Wajah,"Memahami bentuk wajah; memahami jenis kulit wajah, menentukan bahan kosmetik yang dibutuhkan untuk rias wajah fantasi; mengembangkan desain rias wajah sesuai tema; melaksanakan koreksi wajah dan menerapkan rias wajah fantasi (face painting) baik fantasi nasional (fancy) maupun fantasi internasional sesuai dengan tema atau karakter tertentu secara secara mandiri, kreatif, dan bertanggung jawab.",AUTO-119,https://kurikulum.kemendikdasmen.go.id/service/download.php?kategori=rujukan&id=119,extracted_machine
LO-PENDIDIKAN-KHUSUS-KETERAMPILAN-SUVENIR-D-1.1,SMP,D,Pendidikan Khusus Keterampilan Suvenir,Keselamatan dan Kesehatan Kerja (K3),Mengidentifikasi simbol-simbol Keselamatan dan Kesehatan Kerja (K3); menerapkan prosedur Keselamatan dan Kesehatan Kerja (K3); melaksanakan kegiatan penyiapan dan penggunaan Alat Pelindung Diri (APD) di tempat kerja secara mandiri sesuai prosedur; dan melaksanakan pelaporan terkait keadaan bahaya yang muncul secara kritis.,AUTO-119,https://kurikulum.kemendikdasmen.go.id/service/download.php?kategori=rujukan&id=119,extracted_machine
LO-PENDIDIKAN-KHUSUS-KETERAMPILAN-SUVENIR-D-1.2,SMP,D,Pendidikan Khusus Keterampilan Suvenir,Komunikasi dan Kerja Sama Tim,"Melakukan komunikasi dengan jelas dan efektif secara verbal dan/atau nonverbal dengan pembimbing, teman sejawat dalam mempersiapkan tempat, alat, dan bahan; melakukan komunikasi selama proses pembuatan suvenir; melakukan komunikasi dengan pelanggan sesuai dengan prosedur; melaksanakan instruksi pembimbing; dan melakukan kerja sama dengan tim dalam proses menyiapkan tempat, alat, dan bahan; dan melakukan kerjasama dengan tim dalam proses pembuatan suvenir sesuai prosedur.",AUTO-119,https://kurikulum.kemendikdasmen.go.id/service/download.php?kategori=rujukan&id=119,extracted_machine
LO-PENDIDIKAN-KHUSUS-KETERAMPILAN-SUVENIR-D-1.3,SMP,D,Pendidikan Khusus Keterampilan Suvenir,"Persiapan Tempat, Alat dan Bahan",Mengidentifikasi peralatan dan bahan pembuatan suvenir; menyiapkan tempat kerja; melaksanakan aktivitas penyiapan peralatan dan bahan pembuatan suvenir; menerapkan aktivitas menjaga kebersihan peralatan sebelum digunakan; dan menggunakan peralatan sesuai prosedur.,AUTO-119,https://kurikulum.kemendikdasmen.go.id/service/download.php?kategori=rujukan&id=119,extracted_machine
LO-PENDIDIKAN-KHUSUS-KETERAMPILAN-SUVENIR-D-1.4,SMP,D,Pendidikan Khusus Keterampilan Suvenir,Proses Pembuatan Suvenir,Menerapkan teknik pembuatan suvenir etnik/kedaerahan; membentuk dan membungkus bentuk kado beraturan dan tidak beraturan; dan melaksanakan aktivitas menghias undangan dengan aksesoris yang bersifat etnik/kedaerahan.,AUTO-119,https://kurikulum.kemendikdasmen.go.id/service/download.php?kategori=rujukan&id=119,extracted_machine
LO-PENDIDIKAN-KHUSUS-KETERAMPILAN-SUVENIR-D-1.5,SMP,D,Pendidikan Khusus Keterampilan Suvenir,Proses Akhir,"Menerapkan aktivitas menjaga kerapihan dan kebersihan tempat pembuatan suvenir; melaksanakan aktivitas memeriksa kondisi dan kelengkapan peralatan setelah digunakan; melaksanakan kegiatan penyimpanan peralatan dan sisa bahan pembuatan suvenir sesuai dengan wadahnya; mengembangkan perencanaan teknik pemasaran; melaksanakan kegiatan pemasaran produk suvenir secara langsung maupun tidak langsung pada lingkungan terbatas; dan mengembangkan pelaporan sederhana terkait produk suvenir, hasil pemasaran, serta kendala yang terjadi selama proses pembuatan dan pemasaran produk suvenir.",AUTO-119,https://kurikulum.kemendikdasmen.go.id/service/download.php?kategori=rujukan&id=119,extracted_machine
LO-PENDIDIKAN-KHUSUS-KETERAMPILAN-SUVENIR-E-2.1,SMA,E,Pendidikan Khusus Keterampilan Suvenir,Keselamatan dan Kesehatan Kerja (K3),Memahami simbol-simbol dan prosedur Keselamatan dan Kesehatan Kerja (K3); menerapkan prosedur K3 untuk mendeteksi bahaya dan cara menghindarinya secara mandiri sesuai prosedur; dan mengembangkan pelaporan terkait keadaan sangat berbahaya yang muncul secara kritis tanpa bisa diatasi sendiri.,AUTO-119,https://kurikulum.kemendikdasmen.go.id/service/download.php?kategori=rujukan&id=119,extracted_machine
LO-PENDIDIKAN-KHUSUS-KETERAMPILAN-SUVENIR-E-2.2,SMA,E,Pendidikan Khusus Keterampilan Suvenir,Komunikasi dan Kerja Sama Tim,"Melakukan komunikasi dengan jelas dan santun baik secara verbal dan/atau nonverbal dengan teman sejawat dalam mempersiapkan tempat, alat, dan bahan; melakukan komunikasi dalam proses pembuatan serta proses akhir pembuatan suvenir; melakukan komunikasi dengan pelanggan sesuai dengan prosedur; melakukan kerja sama dengan tim dalam proses mempersiapkan tempat, alat, dan bahan; dan melakukan kerja sama dalam proses pembuatan suvenir sesuai prosedur.",AUTO-119,https://kurikulum.kemendikdasmen.go.id/service/download.php?kategori=rujukan&id=119,extracted_machine
LO-PENDIDIKAN-KHUSUS-KETERAMPILAN-SUVENIR-E-2.3,SMA,E,Pendidikan Khusus Keterampilan Suvenir,"Persiapan Tempat, Alat dan Bahan","Memahami kebutuhan peralatan dan bahan pembuatan suvenir; membuat daftar peralatan dan bahan pembuatan suvenir; melaksanakan kegiatan penyiapan tempat, peralatan dan bahan pembuatan suvenir secara mandiri; melaksanakan penataan tempat, bahan dan peralatan pembuatan suvenir; melaksanakan kegiatan pemeriksaan kondisi dan kelengkapan peralatan dan bahan pembuatan suvenir; melaksanakan aktivitas pemberishan peralatan sebelum digunakan; dan menerapkan penggunaan peralatan sesuai dengan prosedur.",AUTO-119,https://kurikulum.kemendikdasmen.go.id/service/download.php?kategori=rujukan&id=119,extracted_machine
LO-PENDIDIKAN-KHUSUS-KETERAMPILAN-SUVENIR-E-2.4,SMA,E,Pendidikan Khusus Keterampilan Suvenir,Proses Pembuatan Suvenir,Melakukan proses pembuatan suvenir dengan kreatif dan disiplin sesuai dengan petunjuk dalam menghias buku tamu acara khusus; membentuk seni lipat tekstil tanpa potong tanpa wadah; melaksanakan kegiatan menghias wadah hantaran acara khusus; menata dan mengemas hantaran buah dan bunga; serta mengembangkan aneka aksesoris yang bersifat etnik/kedaerahan sesuai dengan prosedur.,AUTO-119,https://kurikulum.kemendikdasmen.go.id/service/download.php?kategori=rujukan&id=119,extracted_machine
LO-PENDIDIKAN-KHUSUS-KETERAMPILAN-SUVENIR-E-2.5,SMA,E,Pendidikan Khusus Keterampilan Suvenir,Proses Akhir,"Memahami peralatan pembuatan suvenir sesuai jenis dan fungsinya; memeriksa kelengkapan peralatan secara mandiri; menyimpan peralatan dan sisa bahan pembuatan suvenir sesuai wadahnya secara mandiri; melakukan aktivitas pembersihan tempat kerja secara mandiri; menempatkan peralatan pada area penyimpanan dengan rapi sesuai dengan prosedur; mengembangkan laporan hasil produksi; mengembangkan perencanaan teknik pemasaran; melaksanakan kegiatan pemasaran produk suvenir secara langsung maupun tidak langsung pada lingkungan terbatas dan luas; dan mengembangkan pelaporan tentang produk suvenir, hasil pemasaran, serta kendala yang terjadi selama proses pembuatan dan pemasaran produk suvenir.",AUTO-119,https://kurikulum.kemendikdasmen.go.id/service/download.php?kategori=rujukan&id=119,extracted_machine
LO-PENDIDIKAN-KHUSUS-KETERAMPILAN-SUVENIR-F-3.1,SMA,F,Pendidikan Khusus Keterampilan Suvenir,Keselamatan dan Kesehatan Kerja (K3),Menerapkan prosedur keselamatan dan kesehatan kerja (K3) dalam pembuatan suvenir secara mandiri; menerapkan prosedur keselamatan dan kesehatan kerja (K3) secara mandiri; dan mengembangkan pelaporan keadaan sangat berbahaya yang muncul secara kritis tanpa bisa diatasi sendiri.,AUTO-119,https://kurikulum.kemendikdasmen.go.id/service/download.php?kategori=rujukan&id=119,extracted_machine
LO-PENDIDIKAN-KHUSUS-KETERAMPILAN-SUVENIR-F-3.2,SMA,F,Pendidikan Khusus Keterampilan Suvenir,Komunikasi dan Kerja Sama Tim,"Melakukan komunikasi dengan jelas dan santun baik secara verbal dan/atau nonverbal dengan pembimbing, teman sejawat dalam proses penyiapan tempat pembuatan suvenir; melakukan kegiatan penyiapan alat, bahan, serta proses pembuatan suvenir sesuai dengan prosedur; menerapkan etika berkomunikasi dalam proses pembuatan suvenir dan pemasaran produk; melakukan komunikasi dengan pelanggan sesuai dengan prosedur; melakukan kerja sama dengan tim dalam proses mempersiapkan tempat, alat, dan bahan pembuatan suvenir; dan melakukan kerja sama tim dalam proses pembuatan suvenir sesuai prosedur.",AUTO-119,https://kurikulum.kemendikdasmen.go.id/service/download.php?kategori=rujukan&id=119,extracted_machine
LO-PENDIDIKAN-KHUSUS-KETERAMPILAN-SUVENIR-F-3.3,SMA,F,Pendidikan Khusus Keterampilan Suvenir,"Persiapan Tempat, Alat dan Bahan",Menyiapkan tempat kerja secara mandiri dan berkelompok; membersihkan peralatan suvenir sesuai dengan prosedur; menyiapkan aneka peralatan dan perlengkapan pembuatan suvenir; menggunakan peralatan pembuatan suvenir sesuai dengan prosedur; menyiapkan aneka bahan pembuatan suvenir; dan menggunakan bahan sesuai prosedur.,AUTO-119,https://kurikulum.kemendikdasmen.go.id/service/download.php?kategori=rujukan&id=119,extracted_machine
LO-PENDIDIKAN-KHUSUS-KETERAMPILAN-SUVENIR-F-3.4,SMA,F,Pendidikan Khusus Keterampilan Suvenir,Proses Pembuatan Suvenir,Melakukan proses pembuatan suvenir dengan kreatif dan disiplin sesuai petunjuk dalam menata dan mengemas parsel; membentuk seni lipat tekstil tanpa potong dikemas tanpa wadah; membentuk seni lipat tekstil tanpa potong dikemas dengan wadah; mengembangkan produk hantaran acara khusus; dan mengembangkan aneka suvenir etnik/kedaerahan sesuai prosedur.,AUTO-119,https://kurikulum.kemendikdasmen.go.id/service/download.php?kategori=rujukan&id=119,extracted_machine
LO-PENDIDIKAN-KHUSUS-KETERAMPILAN-SUVENIR-F-3.5,SMA,F,Pendidikan Khusus Keterampilan Suvenir,Proses Akhir,"Melaksanakan aktivitas pemeriksaan kelengkapan peralatan pembuatan suvenir setelah digunakan; menerapkan kebersihan dalam kegiatan peralatan pembuatan suvenir setelah digunakan; melaksanakan kegiatan penyimpanan peralatan pembuatan suvenir dan sisa bahan pembuatan suvenir sesuai wadahnya pada area penyimpanan dengan rapi; mengklasifikasi sisa bahan pembuatan suvenir dan menyimpan pada wadah sesuai dengan jenisnya pada aera penyimpanan dengan rapi; melakukan kegiatan penyiapan dan pembersihan peralatan, bahan dan tempat membuat suvenir; melaksanakan kegiatan penyimpanan peralatan kebersihan sesuai prosedur; mengklasifikasi produk suvenir yang akan dipromosikan; mengorganisir daftar nama produk dan harga yang akan dipromosikan; melakukan aktivitas pemeriksaan kondisi produk; perencanaan teknik pemasaran; memasarkan produk suvenir secara langsung dan tidak langsung pada lingkungan terbatas dan luas; dan mengembangkan pelaporan tentang produk suvenir terkait hasil pemasaran, serta kendala yang terjadi selama proses pembuatan dan pemasaran produk.",AUTO-119,https://kurikulum.kemendikdasmen.go.id/service/download.php?kategori=rujukan&id=119,extracted_machine
LO-PENDIDIKAN-KHUSUS-KETERAMPILAN-ELEKTRONIKA-ALAT-RUMAH-TANGGA-D-1.1,SMP,D,Pendidikan Khusus Keterampilan Elektronika Alat Rumah Tangga,Keselamatan dan Kesehatan Kerja (K3),Mengenali simbol-simbol K3 dari warna dan APD (alat pelindung diri seperti baju overall dan hazmat); mengenal berbagai jenis APK; dan menerapkan kebersihan dan kerapian tempat kerja.,AUTO-119,https://kurikulum.kemendikdasmen.go.id/service/download.php?kategori=rujukan&id=119,extracted_machine
LO-PENDIDIKAN-KHUSUS-KETERAMPILAN-ELEKTRONIKA-ALAT-RUMAH-TANGGA-D-1.2,SMP,D,Pendidikan Khusus Keterampilan Elektronika Alat Rumah Tangga,Peralatan Kerja Praktik,"Mengidentifikasi, mempersiapkan, menggunakan; dan melakukan aktivitas pemeliharaan peralatan/perlengkapan kerja berupa alat tangan, alat ukur, dan alat uji kelistrikan dan elektronik.",AUTO-119,https://kurikulum.kemendikdasmen.go.id/service/download.php?kategori=rujukan&id=119,extracted_machine
LO-PENDIDIKAN-KHUSUS-KETERAMPILAN-ELEKTRONIKA-ALAT-RUMAH-TANGGA-D-1.3,SMP,D,Pendidikan Khusus Keterampilan Elektronika Alat Rumah Tangga,Komponen Elektrik dan Elektronika Rumah Tangga,"Mengidentifikasi perbedaan jenis, bentuk, dan fungsi normal komponen dasar alat elektrik.",AUTO-119,https://kurikulum.kemendikdasmen.go.id/service/download.php?kategori=rujukan&id=119,extracted_machine
LO-PENDIDIKAN-KHUSUS-KETERAMPILAN-ELEKTRONIKA-ALAT-RUMAH-TANGGA-D-1.4,SMP,D,Pendidikan Khusus Keterampilan Elektronika Alat Rumah Tangga,Perawatan/Perbaikan Sederhana Peralatan Elektrik dan Elektronika Rumah Tangga,Menganalisis gambar teknik (manual) dalam proses perawatan dan perbaikan alat elektronika rumah tangga.,AUTO-119,https://kurikulum.kemendikdasmen.go.id/service/download.php?kategori=rujukan&id=119,extracted_machine
LO-PENDIDIKAN-KHUSUS-KETERAMPILAN-ELEKTRONIKA-ALAT-RUMAH-TANGGA-D-1.5,SMP,D,Pendidikan Khusus Keterampilan Elektronika Alat Rumah Tangga,Pelaporan Hasil Perbaikan,Melaksanakan pelaporan kelengkapan komponen elektronika rumah tangga.,AUTO-119,https://kurikulum.kemendikdasmen.go.id/service/download.php?kategori=rujukan&id=119,extracted_machine
LO-PENDIDIKAN-KHUSUS-KETERAMPILAN-ELEKTRONIKA-ALAT-RUMAH-TANGGA-E-2.1,SMA,E,Pendidikan Khusus Keterampilan Elektronika Alat Rumah Tangga,Keselamatan dan Kesehatan Kerja (K3),Memahami makna masing-masing simbol-simbol K3; menerapkan prosedur keselamatan dan kesehatan di tempat kerja; melaksanakan kegiatan penyiapan dan penggunaan APD dan APK di tempat kerja secara mandiri sesuai prosedur; menerapkan kegiatan menjaga kebersihan dan kerapian tempat kerja secara mandiri; dan mengkomunikasi potensi bahaya yang muncul saat bekerja.,AUTO-119,https://kurikulum.kemendikdasmen.go.id/service/download.php?kategori=rujukan&id=119,extracted_machine
LO-PENDIDIKAN-KHUSUS-KETERAMPILAN-ELEKTRONIKA-ALAT-RUMAH-TANGGA-E-2.2,SMA,E,Pendidikan Khusus Keterampilan Elektronika Alat Rumah Tangga,Peralatan Kerja Praktik,Melaksanakan kegiatan terkait pemeliharaan kebersihan dan kerapian lingkungan kerja; menerapkan kebersihan dan mengorganisir peralatan kerja sesuai dengan prosedur; menggunakan peralatan kerja elektrik dan elektronik sesuai pedoman penggunaan; melaksanakan kegiatan penyiapan perlengkapan dan material sesuai fungsi dan kebutuhan; dan menggunakan alat ukur dan uji.,AUTO-119,https://kurikulum.kemendikdasmen.go.id/service/download.php?kategori=rujukan&id=119,extracted_machine
LO-PENDIDIKAN-KHUSUS-KETERAMPILAN-ELEKTRONIKA-ALAT-RUMAH-TANGGA-E-2.3,SMA,E,Pendidikan Khusus Keterampilan Elektronika Alat Rumah Tangga,Komponen Elektrik dan Elektronika Rumah Tangga,Menggunakan komponen-komponen dasar elektrik dan elektronika sesuai dengan fungsi normalnya.,AUTO-119,https://kurikulum.kemendikdasmen.go.id/service/download.php?kategori=rujukan&id=119,extracted_machine
LO-PENDIDIKAN-KHUSUS-KETERAMPILAN-ELEKTRONIKA-ALAT-RUMAH-TANGGA-E-2.4,SMA,E,Pendidikan Khusus Keterampilan Elektronika Alat Rumah Tangga,Perawatan/Perbaikan Sederhana Peralatan Elektrik dan Elektronika Rumah Tangga,Menginterpretasikan gambar teknik (manual) dengan benar sesuai kebutuhan pekerjaan; dan melakukan perawatan elektronika alat rumah tangga.,AUTO-119,https://kurikulum.kemendikdasmen.go.id/service/download.php?kategori=rujukan&id=119,extracted_machine
LO-PENDIDIKAN-KHUSUS-KETERAMPILAN-ELEKTRONIKA-ALAT-RUMAH-TANGGA-E-2.5,SMA,E,Pendidikan Khusus Keterampilan Elektronika Alat Rumah Tangga,Pelaporan Hasil Perbaikan,Mengidentifikasi kerusakan kecil alat elektronik dan membuat dokumentasinya; dan melaksanakan pelaporan proses dan hasil perawatan elektronika alat rumah tangga.,AUTO-119,https://kurikulum.kemendikdasmen.go.id/service/download.php?kategori=rujukan&id=119,extracted_machine
LO-PENDIDIKAN-KHUSUS-KETERAMPILAN-ELEKTRONIKA-ALAT-RUMAH-TANGGA-F-3.1,SMA,F,Pendidikan Khusus Keterampilan Elektronika Alat Rumah Tangga,Keselamatan dan Kesehatan Kerja (K3),Menggunakan simbol-simbol K3 dalam penerapan prosedur keselamatan dan kesehatan kerja; Menggunakan APD dan/atau APK secara mandiri; dan mengomunikasikan potensi bahaya di tempat kerja berikut cara penanganannya.,AUTO-119,https://kurikulum.kemendikdasmen.go.id/service/download.php?kategori=rujukan&id=119,extracted_machine
LO-PENDIDIKAN-KHUSUS-KETERAMPILAN-ELEKTRONIKA-ALAT-RUMAH-TANGGA-F-3.2,SMA,F,Pendidikan Khusus Keterampilan Elektronika Alat Rumah Tangga,Peralatan Kerja Praktik,Mengadaptasi potensi perubahan fungsi peralatan tangan/kerja elektrik dan elektronik sesuai pedoman penggunaan; menerapkan kerapihan perlengkapan dan material setelah digunakan; dan menggabungkan penggunaan beberapa alat ukur dan uji dalam pemeliharaan dan perbaikan elektronika alat rumah tangga.,AUTO-119,https://kurikulum.kemendikdasmen.go.id/service/download.php?kategori=rujukan&id=119,extracted_machine
LO-PENDIDIKAN-KHUSUS-KETERAMPILAN-ELEKTRONIKA-ALAT-RUMAH-TANGGA-F-3.3,SMA,F,Pendidikan Khusus Keterampilan Elektronika Alat Rumah Tangga,Komponen Elektrik dan Elektronika Rumah Tangga,Mengoperasikan penggabungan komponen-komponen dasar elektrik dan elektronika sesuai dengan fungsi normalnya.,AUTO-119,https://kurikulum.kemendikdasmen.go.id/service/download.php?kategori=rujukan&id=119,extracted_machine
LO-PENDIDIKAN-KHUSUS-KETERAMPILAN-ELEKTRONIKA-ALAT-RUMAH-TANGGA-F-3.4,SMA,F,Pendidikan Khusus Keterampilan Elektronika Alat Rumah Tangga,Perawatan/Perbaikan Sederhana Elektrik dan Elektronika Rumah Tangga,"Menerapkan teknik reparasi pada elektronika melalui tahapan pengukuran dan perbaikan elektronika alat rumah tangga. Peralatan perangkat identifikasi, perbaikan; dan melakukan",AUTO-119,https://kurikulum.kemendikdasmen.go.id/service/download.php?kategori=rujukan&id=119,extracted_machine
LO-PENDIDIKAN-KHUSUS-KETERAMPILAN-ELEKTRONIKA-ALAT-RUMAH-TANGGA-F-3.5,SMA,F,Pendidikan Khusus Keterampilan Elektronika Alat Rumah Tangga,Pelaporan Hasil Perbaikan,Mendeteksi kerusakan komponen tertentu pada alat elektronik dan membuat dokumentasinya; dan mengembangkan pelaporan proses dan hasil perbaikan elektronika alat rumah tangga.,AUTO-119,https://kurikulum.kemendikdasmen.go.id/service/download.php?kategori=rujukan&id=119,extracted_machine
LO-PENDIDIKAN-KHUSUS-KETERAMPILAN-SENI-TARI-D-1.1,SMP,D,Pendidikan Khusus Keterampilan Seni Tari,Keselamatan dan Kesehatan Kerja (K3),"Mengenali prosedur Kesehatan dan Keselamatan Kerja (K3) di tempat menari secara mandiri dan bergotong royong; Mengenali prosedur penggunaan APD, pencegahan penyakit akibat kerja dan menerapkan kebersihan di tempat menari; dan melaksanakan aktivitas penyimpanan perlengkapan menari serta kebersihan pribadi (personal hygiene); mengikuti prosedur operasional standar (POS) penggunaan alat.",AUTO-119,https://kurikulum.kemendikdasmen.go.id/service/download.php?kategori=rujukan&id=119,extracted_machine
LO-PENDIDIKAN-KHUSUS-KETERAMPILAN-SENI-TARI-D-1.2,SMP,D,Pendidikan Khusus Keterampilan Seni Tari,Persiapan Alat dan Kelengkapan,"Menyiapkan peralatan audio tari; rias busana properti, alat musik live dalam pementasan tari; (disesuaikan dengan kondisi satuan pendidikan); menerapkan pemeliharaan berkala pada alat dan properti tari; melaksanakan kegiatan pembersihan peralatan setelah digunakan dalam kegiatan latihan bentuk gerak dasar dan ragam gerak tari serta penampilan karya seni tari; Mendata kelengkapan menari; dan memilih serta menggunakan media yang sesuai dengan kebutuhan untuk membuat video pementasan seni tari secara mandiri dan kelompok.",AUTO-119,https://kurikulum.kemendikdasmen.go.id/service/download.php?kategori=rujukan&id=119,extracted_machine
LO-PENDIDIKAN-KHUSUS-KETERAMPILAN-SENI-TARI-D-1.3,SMP,D,Pendidikan Khusus Keterampilan Seni Tari,"Proses Penampilan Gerak Dasar Tari, Ragam Gerak Tari, dan Penampilan Karya Seni Tari","Melakukan gerak olah tubuh; teknik gerak dasar tari (kepala, badan, tangan, kaki, meniru gerakan hewan); unsur tari (gerak, ruang, waktu dan tenaga); ragam gerak tari bagian awal, bagian inti, bagian akhir berdasarkan tempo iringan musik; menerapkan pementasan) ragam gerak dasar serta karya seni tari pada berbagai media baik secara mandiri maupun kelompok.",AUTO-119,https://kurikulum.kemendikdasmen.go.id/service/download.php?kategori=rujukan&id=119,extracted_machine
LO-PENDIDIKAN-KHUSUS-KETERAMPILAN-SENI-TARI-D-1.4,SMP,D,Pendidikan Khusus Keterampilan Seni Tari,Penyelesaian Akhir,Melaksanakan kegiatan menjaga kebersihan peralatan; mengelompokkan peralatan dan perlengkapan yang telah digunakan dalam penampilan gerak dasar tari; dan mengurutkan seperti semula perlengkapan tari yang sudah digunakan.,AUTO-119,https://kurikulum.kemendikdasmen.go.id/service/download.php?kategori=rujukan&id=119,extracted_machine
LO-PENDIDIKAN-KHUSUS-KETERAMPILAN-SENI-TARI-D-1.5,SMP,D,Pendidikan Khusus Keterampilan Seni Tari,Pelaporan,Merefleksi tari yang sudah dipentaskan dan melaksanakan pelaporan terkait hasil pemeriksaan kelengkapan tari secara sistematis.,AUTO-119,https://kurikulum.kemendikdasmen.go.id/service/download.php?kategori=rujukan&id=119,extracted_machine
LO-PENDIDIKAN-KHUSUS-KETERAMPILAN-SENI-TARI-E-2.1,SMA,E,Pendidikan Khusus Keterampilan Seni Tari,Keselamatan dan Kesehatan Kerja (K3),Menunjukkan prosedur keselamatan dan kesehatan di tempat menari; menerapkan kebersihan lingkungan tempat menari dengan tepat; melaksanakan kegiatan penyimpanan perlengkapan menari dan kebersihan pribadi (personal hygiene); dan mengikuti prosedur operasional standar (POS) penggunaan alat atau properti tari tunggal dan tari berpasangan.,AUTO-119,https://kurikulum.kemendikdasmen.go.id/service/download.php?kategori=rujukan&id=119,extracted_machine
LO-PENDIDIKAN-KHUSUS-KETERAMPILAN-SENI-TARI-E-2.2,SMA,E,Pendidikan Khusus Keterampilan Seni Tari,Persiapan Alat dan Kelengkapan,"Mengidentifikasi peralatan, media dan perlengkapan sesuai fungsi dan kebutuhan untuk praktik menari tari tunggal dan tari berpasangan, melakukan pemeliharaan peralatan secara berkala.",AUTO-119,https://kurikulum.kemendikdasmen.go.id/service/download.php?kategori=rujukan&id=119,extracted_machine
LO-PENDIDIKAN-KHUSUS-KETERAMPILAN-SENI-TARI-E-2.3,SMA,E,Pendidikan Khusus Keterampilan Seni Tari,"Proses Penampilan Gerak Dasar Tari, Ragam Gerak Tari, dan Penampilan Karya Seni Tari","Melakukan gerak tari sesuai dengan urutan gerak dan iringan tari untuk penampilan tari tunggal dan berpasangan, melakukan pembuatan video tari melalui media sosial dengan menampilkan tarian tunggal dan berpasangan sesuai dengan karakter yang diperankan.",AUTO-119,https://kurikulum.kemendikdasmen.go.id/service/download.php?kategori=rujukan&id=119,extracted_machine
LO-PENDIDIKAN-KHUSUS-KETERAMPILAN-SENI-TARI-E-2.4,SMA,E,Pendidikan Khusus Keterampilan Seni Tari,Penyelesaian Akhir,Mengelola peralatan dan perlengkapan yang digunakan saat praktik menari; mengelompokkan jenis peralatan; dan melakukan pemeliharaan berkala pada alat-alat properti tari.,AUTO-119,https://kurikulum.kemendikdasmen.go.id/service/download.php?kategori=rujukan&id=119,extracted_machine
LO-PENDIDIKAN-KHUSUS-KETERAMPILAN-SENI-TARI-E-2.5,SMA,E,Pendidikan Khusus Keterampilan Seni Tari,Pelaporan,"Mengembangkan laporan terkait persiapan alat, pemeriksaan kelengkapan perlengkapan tari (properti tari, busana tari, tape untuk iringan tari) dan melaksanakan pelaporan penampilan tari tunggal/tari berpasangan berdasarkan materi tari yang sesuai dengan urutan gerak dan iringan tari yang dibuat baik secara mandiri maupun bersama tim.",AUTO-119,https://kurikulum.kemendikdasmen.go.id/service/download.php?kategori=rujukan&id=119,extracted_machine
LO-PENDIDIKAN-KHUSUS-KETERAMPILAN-SENI-TARI-F-3.1,SMA,F,Pendidikan Khusus Keterampilan Seni Tari,Keselamatan dan Kesehatan Kerja (K3),"Mengevaluasi penerapan prosedur keselamatan dan kesehatan kerja di tempat menari baik secara mandiri dan bergotong royong (berkelompok dengan teman sekelas); menerapkan prosedur penggunaan APD, pencegahan penyakit akibat kerja; menunjukkan upaya menjaga kebersihan lingkungan menari, melaksanakan aktivitas penyimpanan perlengkapan menari dan kebersihan pribadi (personal hygiene), mengikuti prosedur operasional standar (POS) penggunaan alat/properti improvisasi gerak tari.",AUTO-119,https://kurikulum.kemendikdasmen.go.id/service/download.php?kategori=rujukan&id=119,extracted_machine
LO-PENDIDIKAN-KHUSUS-KETERAMPILAN-SENI-TARI-F-3.2,SMA,F,Pendidikan Khusus Keterampilan Seni Tari,Persiapan Alat dan Kelengkapan,Menentukan peralatan dan perlengkapan menari sesuai fungsi dan kebutuhan untuk praktik menari (membuat improvisasi gerak tari); dan melakukan pemeliharaan peralatan menari secara berkala.,AUTO-119,https://kurikulum.kemendikdasmen.go.id/service/download.php?kategori=rujukan&id=119,extracted_machine
LO-PENDIDIKAN-KHUSUS-KETERAMPILAN-SENI-TARI-F-3.3,SMA,F,Pendidikan Khusus Keterampilan Seni Tari,"Proses Penampilan Gerak Dasar Tari, Ragam Gerak Tari, dan Penampilan Karya Seni Tari",Melakukan pementasan karya seni tari secara mandiri; melakukan pembuatan video menari; melakukan proses eksplorasi dan improvisasi gerak tari dengan berbagai media; mendemonstrasikan berbagai ragam gerak tari hasil improvisasi dengan kreatif; dan melakukan proses pembuatan karya seni tari yang ditampilkan secara mandiri atau kelompok.,AUTO-119,https://kurikulum.kemendikdasmen.go.id/service/download.php?kategori=rujukan&id=119,extracted_machine
LO-PENDIDIKAN-KHUSUS-KETERAMPILAN-SENI-TARI-F-3.4,SMA,F,Pendidikan Khusus Keterampilan Seni Tari,Penyelesaian Akhir,"Mempertunjukkan pementasan karya seni tari secara mandiri atau berkolaborasi; melaksanakan kegiatan pembersihan peralatan dan perlengkapan praktik menari; mengelompokkan jenis peralatan; mengidentifikasi kegunaan peralatan; melakukan pemeliharaan berkala pada alat-alat dan properti tari; melakukan penyimpanan peralatan dengan rapi, baik secara mandiri maupun kolaborasi; dan melakukan pembuatan video serta pementasan serta menampilkan hasil karya seni tari.",AUTO-119,https://kurikulum.kemendikdasmen.go.id/service/download.php?kategori=rujukan&id=119,extracted_machine
LO-PENDIDIKAN-KHUSUS-KETERAMPILAN-SENI-TARI-F-3.5,SMA,F,Pendidikan Khusus Keterampilan Seni Tari,Pelaporan,"Mengembangkan laporan sederhana secara tertulis atau digital mengenai penampilan improvisasi gerak tari yang dibuat sebagai bagian dari portofolio, baik secara mandiri maupun bersama tim.",AUTO-119,https://kurikulum.kemendikdasmen.go.id/service/download.php?kategori=rujukan&id=119,extracted_machine
LO-PENDIDIKAN-KHUSUS-KETERAMPILAN-DESAIN-GRAFIS-D-1.1,SMP,D,Pendidikan Khusus Keterampilan Desain Grafis,Keselamatan dan Kesehatan Kerja (K3),"Menerapkan kesehatan dan keselamatan kerja (K3) yang meliputi penerapan kesehatan dan keselamatan di lingkungan tempat kerja dengan tidak memindahkan, mengubah dan merusak komponen komputer, tidak membawa makanan dan minuman ke dalam ruang komputer atau membawa benda yang membahayakan, tidak keluar atau berpindah tempat duduk tanpa izin; mengenakan kaos kaki dalam ruang komputer, menyalakan dan mematikan komputer sesuai prosedur; melakukan pencegahan kecelakaan kerja, penerapan pertolongan pertama pada kecelakaan kerja (P3K), dan melaksanakan upaya pencegahan penyakit akibat kerja seperti iritasi mata, kesalahan posisi duduk yang dapat mengakibatkan cedera punggung, safety tools area kerja/kelas untuk belajar, personal hygiene atau kebersihan diri dengan mengikuti Standar Operasional Prosedur (SOP) yang berlaku di satuan pendidikan.",AUTO-119,https://kurikulum.kemendikdasmen.go.id/service/download.php?kategori=rujukan&id=119,extracted_machine
LO-PENDIDIKAN-KHUSUS-KETERAMPILAN-DESAIN-GRAFIS-D-1.2,SMP,D,Pendidikan Khusus Keterampilan Desain Grafis,Persiapan Alat dan Bahan Desain Grafis,Mengenali peralatan dan bahan desain grafis; mengenali alat dan bahan untuk pembuatan produk desain grafis; mengenali keberfungsian peralatan yang digunakan dalam kondisi aman dan siap pakai; mengenali cara pemeliharaan berkala pada alat desain grafis; dan melakukan aktivitas pembersihan serta mengorganisir peralatan setelah selesai digunakan.,AUTO-119,https://kurikulum.kemendikdasmen.go.id/service/download.php?kategori=rujukan&id=119,extracted_machine
LO-PENDIDIKAN-KHUSUS-KETERAMPILAN-DESAIN-GRAFIS-D-1.3,SMP,D,Pendidikan Khusus Keterampilan Desain Grafis,Proses Desain Grafis,Mengenali unsur-unsur dasar desain grafis; membuat gambar menggunakan unsur-unsur dasar desain grafis; mengidentifikasi karya desain grafis; membuat karya desain grafis; mengenali karya desain dengan media komunikasi teknik Paste Up; mengembangkan karya desain dengan media komunikasi teknik Paste Up; mengidentifikasi jenis-jenis perangkat lunak desain grafis; menu dan tool perangkat; mengenali pengoperasian menu dan tool perangkat lunak desain grafis; mengaplikasikan ide menjadi desain grafis; melakukan teknik merealisasikan ide menjadi desain grafis; dan menunjukkan prosedur pembuatan sketsa karya desain grafis serta prosedur pembuatan dummy dan pameran dummy.,AUTO-119,https://kurikulum.kemendikdasmen.go.id/service/download.php?kategori=rujukan&id=119,extracted_machine
LO-PENDIDIKAN-KHUSUS-KETERAMPILAN-DESAIN-GRAFIS-D-1.4,SMP,D,Pendidikan Khusus Keterampilan Desain Grafis,Penyelesaian Akhir,Menunjukkan penyelesaian akhir yang diperlukan untuk menjaga hasil produk dalam kondisi baik; melakukan pengerjaan akhir hasil karya produk desain grafis (final artwork) yang sudah disetujui oleh pendidik untuk melanjutkan pada proses produksi cetak.,AUTO-119,https://kurikulum.kemendikdasmen.go.id/service/download.php?kategori=rujukan&id=119,extracted_machine
LO-PENDIDIKAN-KHUSUS-KETERAMPILAN-DESAIN-GRAFIS-D-1.5,SMP,D,Pendidikan Khusus Keterampilan Desain Grafis,Pelaporan,Melaksaksanakan pelaporan hasil karya desain grafis sesuai dengan prosedur.,AUTO-119,https://kurikulum.kemendikdasmen.go.id/service/download.php?kategori=rujukan&id=119,extracted_machine
LO-PENDIDIKAN-KHUSUS-KETERAMPILAN-DESAIN-GRAFIS-E-2.1,SMA,E,Pendidikan Khusus Keterampilan Desain Grafis,Keselamatan dan Kesehatan Kerja (K3),"Menerapkan kesehatan dan keselamatan kerja (K3), melakukan pencegahan kecelakaan kerja; penerapan pertolongan pertama pada kecelakaan kerja (p3k); melakukan upaya pencegahan penyakit akibat kerja, safety tools area kerja/kelas untuk belajar, personal hygiene atau kebersihan dengan mengikuti standar operasional prosedur (SOP) yang berlaku di Satuan pendidikan.",AUTO-119,https://kurikulum.kemendikdasmen.go.id/service/download.php?kategori=rujukan&id=119,extracted_machine
LO-PENDIDIKAN-KHUSUS-KETERAMPILAN-DESAIN-GRAFIS-E-2.2,SMA,E,Pendidikan Khusus Keterampilan Desain Grafis,Persiapan Alat dan Bahan Desain Grafis,Mengaplikasikan kemampuan mempersiapkan peralatan dan bahan desain grafis; mengidentifikasi alat dan bahan untuk pembuatan produk desain grafis; menunjukkan peralatan yang digunakan dalam kondisi aman dan siap pakai; memahami keberfungsian peralatan; melakukan pemeliharaan berkala pada alat desain grafis; dan mengorganisir dan menjaga kebersihan peralatan setelah selesai digunakan.,AUTO-119,https://kurikulum.kemendikdasmen.go.id/service/download.php?kategori=rujukan&id=119,extracted_machine
LO-PENDIDIKAN-KHUSUS-KETERAMPILAN-DESAIN-GRAFIS-E-2.3,SMA,E,Pendidikan Khusus Keterampilan Desain Grafis,Proses Desain Grafis,"Mengidentifikasi dan mengklasifikasikan jenis-jenis produk desain grafis; mengenali pengoperasian piranti lunak Vector Drawing untuk desain grafis; mengaplikasikan desain identitas perusahaan; menggunakan piranti lunak. Vector Drawing, mengaplikasikan desain sesuai contoh produk identitas perusahaan dengan menggunakan piranti lunak.",AUTO-119,https://kurikulum.kemendikdasmen.go.id/service/download.php?kategori=rujukan&id=119,extracted_machine
LO-PENDIDIKAN-KHUSUS-KETERAMPILAN-DESAIN-GRAFIS-E-2.4,SMA,E,Pendidikan Khusus Keterampilan Desain Grafis,Penyelesaian Akhir,Melaksanakan penyelesaian akhir yang diperlukan untuk menjaga hasil produk dalam kondisi baik; dan mempresentasikan penyelesaian hasil karya produk desain grafis (final artwork) yang sudah disetujui oleh pendidik untuk melanjutkan pada proses produksi cetak.,AUTO-119,https://kurikulum.kemendikdasmen.go.id/service/download.php?kategori=rujukan&id=119,extracted_machine
LO-PENDIDIKAN-KHUSUS-KETERAMPILAN-DESAIN-GRAFIS-E-2.5,SMA,E,Pendidikan Khusus Keterampilan Desain Grafis,Pelaporan,Melaksanakan pelaporan hasil karya desain grafis sesuai prosedur.,AUTO-119,https://kurikulum.kemendikdasmen.go.id/service/download.php?kategori=rujukan&id=119,extracted_machine
LO-PENDIDIKAN-KHUSUS-KETERAMPILAN-DESAIN-GRAFIS-F-3.1,SMA,F,Pendidikan Khusus Keterampilan Desain Grafis,Keselamatan dan Kesehatan Kerja (K3),"Menerapkan kesehatan dan keselamatan kerja (K3) di lingkungan tempat kerja; mengoperasikan komputer sesuai prosedur; melakukan pencegahan kecelakaan kerja; menerapkan Pertolongan Pertama pada Kecelakaan Kerja (P3K); melakukan pencegahan penyakit akibat kerja, menjaga safety tools area kerja/kelas untuk belajar, kebersihan diri atau personal hygiene dengan mengikuti Standar Operasional Prosedur (SOP) yang berlaku di Satuan pendidikan.",AUTO-119,https://kurikulum.kemendikdasmen.go.id/service/download.php?kategori=rujukan&id=119,extracted_machine
LO-PENDIDIKAN-KHUSUS-KETERAMPILAN-DESAIN-GRAFIS-F-3.2,SMA,F,Pendidikan Khusus Keterampilan Desain Grafis,Persiapan Alat dan Bahan Desain Grafis,"Melaksanakan penyiapan peralatan dan bahan desain grafis; mengaplikasikan alat dan bahan untuk pembuatan produk desain grafis; mengidentifikasi peralatan yang digunakan dalam kondisi aman, dapat berfungsi dengan baik serta siap pakai; menerapkan pemeliharaan berkala pada alat desain grafis; serta mengorganisir dan membersihkan peralatan setelah selesai digunakan.",AUTO-119,https://kurikulum.kemendikdasmen.go.id/service/download.php?kategori=rujukan&id=119,extracted_machine
LO-PENDIDIKAN-KHUSUS-KETERAMPILAN-DESAIN-GRAFIS-F-3.3,SMA,F,Pendidikan Khusus Keterampilan Desain Grafis,Proses Desain Grafis,"Menerapkan konsep pembuatan ilustrasi desain sesuai contoh produk menggunakan piranti lunak Vector Drawing dan image editing;; menerapkan konsep pembuatan desain sesuai contoh produk media cetak dalam ruangan (indoor) ; mengaplikasikan desain sesuai contoh berbagai produk media cetak dalam ruangan; mengaplikasikan image editing corporate identity atau profil satuan pendidikan, menggunakan Vector drawing dalam penyusunan data pribadi murid, menggunakan vector drawing dalam penyusunan profil satuan pendidikan; mengaplikasikan keseluruhan desain sesuai dengan contoh produk buku kenangan akhir tahun; mengaplikasikan prinsip desain sesuai dengan contoh produk media cetak untuk promosi; mengembangkan desain sesuai dengan contoh produk media cetak untuk promosi; menerapkan prosedur dan mengaplikasikan karya pra-desain media cetak; mengaplikasikan karya desain media cetak menggunakan printer; mengaplikasikan prosedur pameran karya desain media cetak; serta mempresentasikan pameran karya desain media cetak.",AUTO-119,https://kurikulum.kemendikdasmen.go.id/service/download.php?kategori=rujukan&id=119,extracted_machine
LO-PENDIDIKAN-KHUSUS-KETERAMPILAN-DESAIN-GRAFIS-F-3.4,SMA,F,Pendidikan Khusus Keterampilan Desain Grafis,Penyelesaian Akhir,"Mempresentasikan penyelesaian akhir yang diperlukan untuk menjaga hasil produk dalam kondisi baik; mempraktikan penyelesaian hasil karya produk desain grafis (final artwork) yang sudah disetujui oleh pendidik untuk melanjutkan pada proses produksi cetak; melakukan pemasaran produk yang telah dihasilkan. baik secara langsung maupun tidak langsung, di lingkungan terbatas maupun luas.",AUTO-119,https://kurikulum.kemendikdasmen.go.id/service/download.php?kategori=rujukan&id=119,extracted_machine
LO-PENDIDIKAN-KHUSUS-KETERAMPILAN-DESAIN-GRAFIS-F-3.5,SMA,F,Pendidikan Khusus Keterampilan Desain Grafis,Pelaporan,Mempresentasikan hasil karya desain grafis sesuai dengan prosedur.,AUTO-119,https://kurikulum.kemendikdasmen.go.id/service/download.php?kategori=rujukan&id=119,extracted_machine
LO-PENDIDIKAN-KHUSUS-KETERAMPILAN-PENYIARAN-RADIO-D-1.1,SMP,D,Pendidikan Khusus Keterampilan Penyiaran Radio,Pelaksanaan Tugas Pemeriksaan,"Memahami dan menerapkan keselamatan, kesehatan kerja (K3) di ruangan siaran radio; dan memahami sistem atau rangkaian peralatan radio selama proses penyiaran radio.",AUTO-119,https://kurikulum.kemendikdasmen.go.id/service/download.php?kategori=rujukan&id=119,extracted_machine
LO-PENDIDIKAN-KHUSUS-KETERAMPILAN-PENYIARAN-RADIO-D-1.2,SMP,D,Pendidikan Khusus Keterampilan Penyiaran Radio,Penyiaran Radio,"Memahami teknik vokal, standar operasional prosedur penyiaran radio secara sederhana.",AUTO-119,https://kurikulum.kemendikdasmen.go.id/service/download.php?kategori=rujukan&id=119,extracted_machine
LO-PENDIDIKAN-KHUSUS-KETERAMPILAN-PENYIARAN-RADIO-D-1.3,SMP,D,Pendidikan Khusus Keterampilan Penyiaran Radio,Penulisan Naskah,Membuat naskah siaran radio berupa naskah pembuka dan penutup.,AUTO-119,https://kurikulum.kemendikdasmen.go.id/service/download.php?kategori=rujukan&id=119,extracted_machine
LO-PENDIDIKAN-KHUSUS-KETERAMPILAN-PENYIARAN-RADIO-D-1.4,SMP,D,Pendidikan Khusus Keterampilan Penyiaran Radio,Penyusunan Siaran Radio,Mengenal jenis acara dan jadwal siaran radio.,AUTO-119,https://kurikulum.kemendikdasmen.go.id/service/download.php?kategori=rujukan&id=119,extracted_machine
LO-PENDIDIKAN-KHUSUS-KETERAMPILAN-PENYIARAN-RADIO-D-1.5,SMP,D,Pendidikan Khusus Keterampilan Penyiaran Radio,Penyelenggaraan Siaran Radio,Memahami proses penyelenggaraan siaran radio.,AUTO-119,https://kurikulum.kemendikdasmen.go.id/service/download.php?kategori=rujukan&id=119,extracted_machine
LO-PENDIDIKAN-KHUSUS-KETERAMPILAN-PENYIARAN-RADIO-E-2.1,SMA,E,Pendidikan Khusus Keterampilan Penyiaran Radio,Pelaksanaan Tugas Pemeriksaan,"Memahami dan menerapkan keselamatan, kesehatan kerja (K3) di ruang siaran radio dan sistem atau rangkaian peralatan siaran radio; dan mengenali kemungkinan bahaya yang akan terjadi.",AUTO-119,https://kurikulum.kemendikdasmen.go.id/service/download.php?kategori=rujukan&id=119,extracted_machine
LO-PENDIDIKAN-KHUSUS-KETERAMPILAN-PENYIARAN-RADIO-E-2.2,SMA,E,Pendidikan Khusus Keterampilan Penyiaran Radio,Penyiaran Radio,prosedur penyiaran radio dan mengidentifikasi segmen Memahami standar operasional penyiaran radio.,AUTO-119,https://kurikulum.kemendikdasmen.go.id/service/download.php?kategori=rujukan&id=119,extracted_machine
LO-PENDIDIKAN-KHUSUS-KETERAMPILAN-PENYIARAN-RADIO-E-2.3,SMA,E,Pendidikan Khusus Keterampilan Penyiaran Radio,Penulisan Naskah,Membuat naskah siaran radio tentang siaran berita terkait kejadian di lingkungan sekitar sesuai minatnya.,AUTO-119,https://kurikulum.kemendikdasmen.go.id/service/download.php?kategori=rujukan&id=119,extracted_machine
LO-PENDIDIKAN-KHUSUS-KETERAMPILAN-PENYIARAN-RADIO-E-2.4,SMA,E,Pendidikan Khusus Keterampilan Penyiaran Radio,Penyusunan Siaran Radio,Menerapkan jenis acara dan jadwal siaran radio.,AUTO-119,https://kurikulum.kemendikdasmen.go.id/service/download.php?kategori=rujukan&id=119,extracted_machine
LO-PENDIDIKAN-KHUSUS-KETERAMPILAN-PENYIARAN-RADIO-E-2.5,SMA,E,Pendidikan Khusus Keterampilan Penyiaran Radio,Penyelenggaraan Siaran Radio,Menyelenggarakan siaran radio mengenai berita tentang peristiwa yang terjadi di lingkungan sekitarnya.,AUTO-119,https://kurikulum.kemendikdasmen.go.id/service/download.php?kategori=rujukan&id=119,extracted_machine
LO-PENDIDIKAN-KHUSUS-KETERAMPILAN-PENYIARAN-RADIO-F-3.1,SMA,F,Pendidikan Khusus Keterampilan Penyiaran Radio,Pelaksanaan Tugas Pemeriksaan,"Menerapkan keselamatan, kesehatan kerja (K3) di ruang siaran radio; dan memahami sistem atau rangkaian peralatan siaran radio aman untuk digunakan secara mandiri sesuai prosedur dan keamanan.",AUTO-119,https://kurikulum.kemendikdasmen.go.id/service/download.php?kategori=rujukan&id=119,extracted_machine
LO-PENDIDIKAN-KHUSUS-KETERAMPILAN-PENYIARAN-RADIO-F-3.2,SMA,F,Pendidikan Khusus Keterampilan Penyiaran Radio,Penyiaran Radio,Menentukan siaran radio yang tepat untuk masing-masing segmen.,AUTO-119,https://kurikulum.kemendikdasmen.go.id/service/download.php?kategori=rujukan&id=119,extracted_machine
LO-PENDIDIKAN-KHUSUS-KETERAMPILAN-PENYIARAN-RADIO-F-3.3,SMA,F,Pendidikan Khusus Keterampilan Penyiaran Radio,Penulisan Naskah Membuat naskah siaran radio tentang siaran,"hiburan, iklan, dan wawancara.",AUTO-119,https://kurikulum.kemendikdasmen.go.id/service/download.php?kategori=rujukan&id=119,extracted_machine
LO-PENDIDIKAN-KHUSUS-KETERAMPILAN-PENYIARAN-RADIO-F-3.4,SMA,F,Pendidikan Khusus Keterampilan Penyiaran Radio,Penyusunan Siaran Radio,Menentukan jenis acara dan jadwal siaran radio.,AUTO-119,https://kurikulum.kemendikdasmen.go.id/service/download.php?kategori=rujukan&id=119,extracted_machine
LO-PENDIDIKAN-KHUSUS-KETERAMPILAN-PENYIARAN-RADIO-F-3.5,SMA,F,Pendidikan Khusus Keterampilan Penyiaran Radio,Penyelenggaraan Siaran Radio,Menyelenggarakan siaran radio hiburan berbagai genre musik.,AUTO-119,https://kurikulum.kemendikdasmen.go.id/service/download.php?kategori=rujukan&id=119,extracted_machine
LO-PENDIDIKAN-KHUSUS-KETERAMPILAN-SENI-LUKIS-D-1.1,SMP,D,Pendidikan Khusus Keterampilan Seni Lukis,Kesehatan dan Keselamatan Kerja (K3),Menerapkan prosedur keselamatan dan kesehatan kerja (K3) secara mandiri pada saat melukis pada media dua dimensi.,AUTO-119,https://kurikulum.kemendikdasmen.go.id/service/download.php?kategori=rujukan&id=119,extracted_machine
LO-PENDIDIKAN-KHUSUS-KETERAMPILAN-SENI-LUKIS-D-1.2,SMP,D,Pendidikan Khusus Keterampilan Seni Lukis,Persiapan Alat dan Bahan Melukis,Menyusun secara sistematis alat dan bahan melukis pada dua dimensi sesuai kebutuhan.,AUTO-119,https://kurikulum.kemendikdasmen.go.id/service/download.php?kategori=rujukan&id=119,extracted_machine
LO-PENDIDIKAN-KHUSUS-KETERAMPILAN-SENI-LUKIS-D-1.3,SMP,D,Pendidikan Khusus Keterampilan Seni Lukis,Proses Membuat Karya Seni Lukis,"Membuat karya seni lukis pada media dua dimensi dengan menerapkan berbagai teknik melukis; memilih objek (flora, fauna atau alam benda); dan mengaplikasikan unsur-unsur rupa.",AUTO-119,https://kurikulum.kemendikdasmen.go.id/service/download.php?kategori=rujukan&id=119,extracted_machine
LO-PENDIDIKAN-KHUSUS-KETERAMPILAN-SENI-LUKIS-D-1.4,SMP,D,Pendidikan Khusus Keterampilan Seni Lukis,Penyelesaian Akhir,Menghasilkan lukisan dengan teknik penyelesaian akhir pada media dua dimensi; dan menerapkan prosedur kebersihan setelah selesai,AUTO-119,https://kurikulum.kemendikdasmen.go.id/service/download.php?kategori=rujukan&id=119,extracted_machine
LO-PENDIDIKAN-KHUSUS-KETERAMPILAN-SENI-LUKIS-D-2.3,SMP,D,Pendidikan Khusus Keterampilan Seni Lukis,,melukis dan penyimpanan alat serta bahan dengan rapi secara mandiri atau gotong royong.,AUTO-119,https://kurikulum.kemendikdasmen.go.id/service/download.php?kategori=rujukan&id=119,extracted_machine
LO-PENDIDIKAN-KHUSUS-KETERAMPILAN-SENI-LUKIS-D-1.5,SMP,D,Pendidikan Khusus Keterampilan Seni Lukis,Pelaporan,Menampilkan hasil karya seni lukis dua dimensi serta melaporkan hasil kerja.,AUTO-119,https://kurikulum.kemendikdasmen.go.id/service/download.php?kategori=rujukan&id=119,extracted_machine
LO-PENDIDIKAN-KHUSUS-KETERAMPILAN-SENI-LUKIS-E-2.1,SMA,E,Pendidikan Khusus Keterampilan Seni Lukis,Kesehatan dan Keselamatan Kerja (K3),Menerapkan prosedur keselamatan dan kesehatan di tempat kerja baik secara mandiri dan bergotong royong; menerapkan prosedur penggunaan APD yang dibutuhkan pada saat bekerja dengan media tiga dimensi; menjaga kebersihan pribadi (personal hygiene); dan mengikuti POS penggunaan alat.,AUTO-119,https://kurikulum.kemendikdasmen.go.id/service/download.php?kategori=rujukan&id=119,extracted_machine
LO-PENDIDIKAN-KHUSUS-KETERAMPILAN-SENI-LUKIS-E-2.2,SMA,E,Pendidikan Khusus Keterampilan Seni Lukis,Persiapan Alat dan Bahan Melukis,Menghubungkan pemilihan alat dan bahan melukis sesuai dengan pilihan teknik dan penggayaan/corak lukisan pada media tiga dimensi; dan memahami hubungan antara media tiga dimensi serta karakteristik objek Fauna. Proses Membuat Karya Seni Lukis Mengembangkan karya seni lukis pada media tiga dimensi dengan objek fauna; menerapkan teknik melukis yang sesuai dengan gaya/corak lukisan yang dipilih berdasarkan unsur-unsur seni lukis; menggunakan alat dan bahan sesuai kebutuhan; dan menyelesaikan tahapan berkarya secara sistematis.,AUTO-119,https://kurikulum.kemendikdasmen.go.id/service/download.php?kategori=rujukan&id=119,extracted_machine
LO-PENDIDIKAN-KHUSUS-KETERAMPILAN-SENI-LUKIS-E-2.4,SMA,E,Pendidikan Khusus Keterampilan Seni Lukis,Penyelesaian Akhir,Menerapkan teknik penyelesaian akhir pada media tiga dimensi dengan melapisi permukaan menggunakan cat pelapis; mengeringkan dan memeriksa hasil akhirnya dengan bimbingan pendidik; dan melaksanakan kegiatan kebersihan serta kerapihan perlengkapan melukis dan area kerja secara sistematis.,AUTO-119,https://kurikulum.kemendikdasmen.go.id/service/download.php?kategori=rujukan&id=119,extracted_machine
LO-PENDIDIKAN-KHUSUS-KETERAMPILAN-SENI-LUKIS-E-2.5,SMA,E,Pendidikan Khusus Keterampilan Seni Lukis,Pelaporan,"Menunjukkan hasil lukisan pada media tiga dimensi dengan objek fauna kepada pendidik dan teman secara mandiri maupun berkelompok; dan mengomunikasikan hasil karya lukisnya dengan lisan, tulisan atau bentuk lainnya sesuai kebutuhan mengenai ide, unsur-unsur seni lukis, teknik dan corak/gaya komunikasi lukisannya.",AUTO-119,https://kurikulum.kemendikdasmen.go.id/service/download.php?kategori=rujukan&id=119,extracted_machine
LO-PENDIDIKAN-KHUSUS-KETERAMPILAN-SENI-LUKIS-F-3.1,SMA,F,Pendidikan Khusus Keterampilan Seni Lukis,Kesehatan dan Keselamatan Kerja (K3),"Menerapkan prosedur keselamatan dan kesehatan kerja di tempat kerja baik secara mandiri dan bergotong royong; menerapkan prosedur penggunaan APD yang sesuai dengan jenis media tiga dimensi yang digunakan, kebersihan lingkungan kerja; melaksanakan kegiatan penyimpanan perlengkapan kerja dan kebersihan pribadi (personal hygiene) serta mengikuti POS penggunaan alat.",AUTO-119,https://kurikulum.kemendikdasmen.go.id/service/download.php?kategori=rujukan&id=119,extracted_machine
LO-PENDIDIKAN-KHUSUS-KETERAMPILAN-SENI-LUKIS-F-3.2,SMA,F,Pendidikan Khusus Keterampilan Seni Lukis,Persiapan Alat dan Bahan Melukis,Menerapkan alat dan bahan melukis sesuai dengan pilihan teknik dan penggayaan/corak lukisan pada media tiga dimensi secara mandiri; dan menganalisis kebutuhan bahan berdasarkan kompleksitas objek fauna dan alam benda.,AUTO-119,https://kurikulum.kemendikdasmen.go.id/service/download.php?kategori=rujukan&id=119,extracted_machine
LO-PENDIDIKAN-KHUSUS-KETERAMPILAN-SENI-LUKIS-F-3.3,SMA,F,Pendidikan Khusus Keterampilan Seni Lukis,Proses Membuat Karya Seni Lukis,"Membuat karya seni lukis secara mandiri mulai teknik; dari perencanaan konsep, eksplorasi memilih bahan hingga pelaksanaan berkarya dengan memperhatikan proporsi ruang dan karakteristik objek fauna dan alam benda; menyusun berbagai unsur-unsur dan prinsip seni lukis; dan melakukan penyesuaian teknik, alat, bahan sesuai dengan tujuan berkarya.",AUTO-119,https://kurikulum.kemendikdasmen.go.id/service/download.php?kategori=rujukan&id=119,extracted_machine
LO-PENDIDIKAN-KHUSUS-KETERAMPILAN-SENI-LUKIS-F-3.4,SMA,F,Pendidikan Khusus Keterampilan Seni Lukis,Penyelesaian Akhir,Menerapkan teknik penyelesaian akhir lukisan pada media tiga dimensi dengan melapisi permukaan lukisan menggunakan cat pelindung; melakukan aktivitas pengeringan secara terstruktur sesuai dengan karakteristik media tiga dimensi dan objek karya (Fauna dan alam benda); mengorganisir kebersihan dan kerapihan perlengkapan melukis dan; dan melakukan pemeliharaan peralatan secara berkala baik secara mandiri maupun gotong royong.,AUTO-119,https://kurikulum.kemendikdasmen.go.id/service/download.php?kategori=rujukan&id=119,extracted_machine
LO-PENDIDIKAN-KHUSUS-KETERAMPILAN-SENI-LUKIS-F-3.5,SMA,F,Pendidikan Khusus Keterampilan Seni Lukis,Pelaporan,"Melaporkan proses pembuatan dan hasil karya seni lukis pada media tiga dimensi secara lisan atau tertulis sesuai dengan kebutuhan meliputi: perencanaan, pelaksanaan, penyelesaian akhir dan refleksi hasil lukisan; mengomunikasikan gagasan, teknik dan makna lukisan secara jelas sehingga siap bekerja secara mandiri atau berkelompok dalam bidang seni lukis.",AUTO-119,https://kurikulum.kemendikdasmen.go.id/service/download.php?kategori=rujukan&id=119,extracted_machine
LO-PENDIDIKAN-KHUSUS-KETERAMPILAN-SENI-MUSIK-D-1.1,SMP,D,Pendidikan Khusus Keterampilan Seni Musik,Keselamatan dan Kesehatan Kerja (K3),"Mengenali prosedur keselamatan dan kesehatan di tempat kerja baik secara mandiri dan bergotong-royong; mengenali prosedur penggunaan AP serta pencegahan penyakit akibat kerja; melaksanakan kebersihan lingkungan kerja, kegiatan penyimpanan perlengkapan kerja dan personal hygiene; dan mengenali Prosedur Operasional Standar penggunaan instrumen musik ritmis dan melodis.",AUTO-119,https://kurikulum.kemendikdasmen.go.id/service/download.php?kategori=rujukan&id=119,extracted_machine
LO-PENDIDIKAN-KHUSUS-KETERAMPILAN-SENI-MUSIK-D-1.2,SMP,D,Pendidikan Khusus Keterampilan Seni Musik,Persiapan Instrumen Musik,Memilih instrumen musik ritmis dan melodis untuk membuat komposisi dan aransemen pada musik yang akan dibuat sesuai minat dan kebutuhan.,AUTO-119,https://kurikulum.kemendikdasmen.go.id/service/download.php?kategori=rujukan&id=119,extracted_machine
LO-PENDIDIKAN-KHUSUS-KETERAMPILAN-SENI-MUSIK-D-1.3,SMP,D,Pendidikan Khusus Keterampilan Seni Musik,Proses Pembuatan Karya Musik,Mengeksplorasi ide musikal sederhana seperti menulis lirik dan notasi; dan memainkan lagu sederhana dengan menggunakan instrumen musik ritmis dan melodis yang sesuai dengan komposisi dan aransemen yang dibuat baik individu maupun berkelompok,AUTO-119,https://kurikulum.kemendikdasmen.go.id/service/download.php?kategori=rujukan&id=119,extracted_machine
LO-PENDIDIKAN-KHUSUS-KETERAMPILAN-SENI-MUSIK-D-1.4,SMP,D,Pendidikan Khusus Keterampilan Seni Musik,Penyelesaian Akhir,Merapikan peralatan musik; mengelompokkan jenis instrumen musik ritmis dan melodis yang telah dipergunakan; dan melakukan penyimpanan peralatan secara terorganisir.,AUTO-119,https://kurikulum.kemendikdasmen.go.id/service/download.php?kategori=rujukan&id=119,extracted_machine
LO-PENDIDIKAN-KHUSUS-KETERAMPILAN-SENI-MUSIK-D-1.5,SMP,D,Pendidikan Khusus Keterampilan Seni Musik,Pelaporan,Membuat pelaporan sederhana terkait pengorganiasian instrumen (pengambilan instrumen musik ritmis dan melodis dan pengembalian pada tempat semula),AUTO-119,https://kurikulum.kemendikdasmen.go.id/service/download.php?kategori=rujukan&id=119,extracted_machine
LO-PENDIDIKAN-KHUSUS-KETERAMPILAN-SENI-MUSIK-E-2.1,SMA,E,Pendidikan Khusus Keterampilan Seni Musik,Keselamatan dan Kesehatan Kerja (K3),"Menerapkan prosedur keselamatan dan kesehatan di tempat kerja baik secara mandiri dan bergotong-royong; kebersihan lingkungan kerja, penyimpanan perlengkapan kerja dan kebersihan pribadi (personal hygiene); dan mengikuti Prosedur Operasional Standar penggunaan instrumen musik harmonis.",AUTO-119,https://kurikulum.kemendikdasmen.go.id/service/download.php?kategori=rujukan&id=119,extracted_machine
LO-PENDIDIKAN-KHUSUS-KETERAMPILAN-SENI-MUSIK-E-2.2,SMA,E,Pendidikan Khusus Keterampilan Seni Musik,Persiapan Instrumen Musik,"Memilih instrumen musik harmonis, perlengkapan alat musik; dan menggunakan media yang sesuai minat dan kebutuhan untuk memainkan karya musik.",AUTO-119,https://kurikulum.kemendikdasmen.go.id/service/download.php?kategori=rujukan&id=119,extracted_machine
LO-PENDIDIKAN-KHUSUS-KETERAMPILAN-SENI-MUSIK-E-2.3,SMA,E,Pendidikan Khusus Keterampilan Seni Musik,Proses Pembuatan Karya Musik,Mengembangkan musik sederhana dengan menggunakan instrumen musik harmonis dengan cara menirukan dan memainkan pola iringan akor pada lagu yang dipilih.,AUTO-119,https://kurikulum.kemendikdasmen.go.id/service/download.php?kategori=rujukan&id=119,extracted_machine
LO-PENDIDIKAN-KHUSUS-KETERAMPILAN-SENI-MUSIK-E-2.4,SMA,E,Pendidikan Khusus Keterampilan Seni Musik,Penyelesaian Akhir,Mengelompokkan jenis peralatan instrumen musik harmonis yang telah digunakan; melakukan pemeliharaan berkala pada alat musik yang digunakan; dan melakukan kegiatan penyimpanan peralatan secara terorganisir.,AUTO-119,https://kurikulum.kemendikdasmen.go.id/service/download.php?kategori=rujukan&id=119,extracted_machine
LO-PENDIDIKAN-KHUSUS-KETERAMPILAN-SENI-MUSIK-E-2.5,SMA,E,Pendidikan Khusus Keterampilan Seni Musik,Pelaporan,Membuat laporan sederhana persiapan dan mengorganisir pengembalian instrumen musik secara mandiri dan tepat serta mencatat kendala sederhana jika ada.,AUTO-119,https://kurikulum.kemendikdasmen.go.id/service/download.php?kategori=rujukan&id=119,extracted_machine
LO-PENDIDIKAN-KHUSUS-KETERAMPILAN-SENI-MUSIK-F-3.1,SMA,F,Pendidikan Khusus Keterampilan Seni Musik,Keselamatan dan Kesehatan Kerja (K3),"Mengevaluasi penerapan prosedur keselamatan, kesehatan kebersihan lingkungan kerja, penyimpanan pelengkap kerja dan kebersihan pribadi (personal hygiene); dan menerapkan Prosedur Operasional Standar penggunaan dan penyimpanan instrumen musik di tempat kerja baik secara mandiri dan bergotong royong;",AUTO-119,https://kurikulum.kemendikdasmen.go.id/service/download.php?kategori=rujukan&id=119,extracted_machine
LO-PENDIDIKAN-KHUSUS-KETERAMPILAN-SENI-MUSIK-F-3.2,SMA,F,Pendidikan Khusus Keterampilan Seni Musik,Persiapan Instrumen Musik,"Menyiapkan instrumen musik (ritmis, melodis, harmonis), perlengkapan pendukung musik (amplifier, mikrofon, ruang, dan stand partitur atau media adaptif lain) sesuai minat dan kebutuhan; melakukan persiapan vokal sesuai kemampuan; melaksanakan upaya untuk mengatasi hambatan teknis ringan secara mandiri.",AUTO-119,https://kurikulum.kemendikdasmen.go.id/service/download.php?kategori=rujukan&id=119,extracted_machine
LO-PENDIDIKAN-KHUSUS-KETERAMPILAN-SENI-MUSIK-F-3.3,SMA,F,Pendidikan Khusus Keterampilan Seni Musik,Proses Pembuatan Karya Musik,"Memainkan instrumen musik (ritmis/ melodis/harmonis) secara individu sesuai minat dan kebutuhannya dengan menerapkan teknik-teknik dasar bermain instrument; menyanyikan lagu dengan menerapkan teknik dasar bernyanyi dan unsur ekspresi melalui pembimbingan sesuai kebutuhan; dan melaksanakan Praktek Kerja Industri melalui kegiatan resital musik atau berpartisipasi dalam pentas musik rutin di dunia kerja, dengan tetap mengakomodasi keberagaman kemampuan, minat, dan hambatan yang dimiliki.",AUTO-119,https://kurikulum.kemendikdasmen.go.id/service/download.php?kategori=rujukan&id=119,extracted_machine
LO-PENDIDIKAN-KHUSUS-KETERAMPILAN-SENI-MUSIK-F-3.4,SMA,F,Pendidikan Khusus Keterampilan Seni Musik,Penyelesaian Akhir,"Membersihkan peralatan musik yang telah digunakan dengan tepat dan menjaga kebersihannya; mengelompokkan serta menyusun peralatan musik berdasarkan jenis dan fungsinya; melakukan pemeliharaan ringan secara berkala pada instrumen yang digunakan; dan melakukan kegiatan penyimpanan seluruh peralatan dengan rapi dan aman, baik secara mandiri maupun kolaboratif sesuai kemampuan dan kebutuhan individu.",AUTO-119,https://kurikulum.kemendikdasmen.go.id/service/download.php?kategori=rujukan&id=119,extracted_machine
LO-PENDIDIKAN-KHUSUS-KETERAMPILAN-SENI-MUSIK-F-3.5,SMA,F,Pendidikan Khusus Keterampilan Seni Musik,Pelaporan,"Mengembangkan pelaporan sederhana secara tertulis atau digital kegiatan persiapan alat; pemeriksaan perlengkapan musik; dan melaksanakan pendokumentasian hasil karya musik sebagai bagian dari portofolio, baik secara mandiri maupun kolaboratif.",AUTO-119,https://kurikulum.kemendikdasmen.go.id/service/download.php?kategori=rujukan&id=119,extracted_machine
LO-PENDIDIKAN-KHUSUS-KETERAMPILAN-KODING-DAN-KECERDASAN-ARTIFISIAL-D-1.1,SMP,D,Pendidikan Khusus Keterampilan Koding dan Kecerdasan Artifisial,Berpikir Komputasional,"Mengenali permasalahan dan pemecahan masalah sederhana dalam kehidupan sehari-hari secara sistematis, serta menuliskan instruksi logis dan terstruktur menggunakan sekumpulan kosakata atau simbol.",AUTO-119,https://kurikulum.kemendikdasmen.go.id/service/download.php?kategori=rujukan&id=119,extracted_machine
LO-PENDIDIKAN-KHUSUS-KETERAMPILAN-KODING-DAN-KECERDASAN-ARTIFISIAL-D-1.2,SMP,D,Pendidikan Khusus Keterampilan Koding dan Kecerdasan Artifisial,Literasi Digital,"Mengidentifikasi dan mengoperasikan perangkat digital sederhana; memproduksi dan mendiseminasi konten digital aplikatif sederhana; serta memahami keamanan digital, konsep berbagi konten yang aman dan bertanggung jawab.",AUTO-119,https://kurikulum.kemendikdasmen.go.id/service/download.php?kategori=rujukan&id=119,extracted_machine
LO-PENDIDIKAN-KHUSUS-KETERAMPILAN-KODING-DAN-KECERDASAN-ARTIFISIAL-D-1.3,SMP,D,Pendidikan Khusus Keterampilan Koding dan Kecerdasan Artifisial,Literasi dan Etika Kecerdasan Artifisial,"Memahami konsep KA sederhana, manfaat dan dampak KA pada kehidupan sehari-hari; mengenali perbedaan manusia dan gawai dalam melakukan penginderaan; membedakan antara mesin cerdas dan mesin non-cerdas; membedakan cara manusia dan KA menggabungkan informasi dari beberapa perangkat penginderaan atau sensor; mengidentifikasi cara gawai memaknai informasi dari perangkat penginderaan atau sensor; serta mengenali prinsip bahwa KA dikembangkan untuk meningkatkan kesejahteraan manusia dan tidak boleh merugikan manusia.",AUTO-119,https://kurikulum.kemendikdasmen.go.id/service/download.php?kategori=rujukan&id=119,extracted_machine
LO-PENDIDIKAN-KHUSUS-KETERAMPILAN-KODING-DAN-KECERDASAN-ARTIFISIAL-D-1.4,SMP,D,Pendidikan Khusus Keterampilan Koding dan Kecerdasan Artifisial,Pemanfaatan dan Pengembangan Kecerdasan Artifisial,Mengklasifikasi benda konkret berdasarkan sifatnya; menggunakan perangkat KA sederhana; menyimulasikan secara sederhana kerja KA saat mengenali pola; dan menentukan perintah bermakna ke dalam sistem KA.,AUTO-119,https://kurikulum.kemendikdasmen.go.id/service/download.php?kategori=rujukan&id=119,extracted_machine
LO-PENDIDIKAN-KHUSUS-KETERAMPILAN-KODING-DAN-KECERDASAN-ARTIFISIAL-E-2.1,SMA,E,Pendidikan Khusus Keterampilan Koding dan Kecerdasan Artifisial,Berpikir Komputasional,Memahami pemecahan masalah sederhana dalam kehidupan masyarakat secara sistematis; menerapkan pengelolaan data; dan memahami instruksi logis dan terstruktur menggunakan sekumpulan kosakata atau simbol.,AUTO-119,https://kurikulum.kemendikdasmen.go.id/service/download.php?kategori=rujukan&id=119,extracted_machine
LO-PENDIDIKAN-KHUSUS-KETERAMPILAN-KODING-DAN-KECERDASAN-ARTIFISIAL-E-2.2,SMA,E,Pendidikan Khusus Keterampilan Koding dan Kecerdasan Artifisial,Literasi Digital,"Menyusun, memproduksi, dan mendiseminasi konten digital dalam bentuk audio, video, slide, dan/atau infografis sederhana serta memahami prinsip-prinsip etika digital.",AUTO-119,https://kurikulum.kemendikdasmen.go.id/service/download.php?kategori=rujukan&id=119,extracted_machine
LO-PENDIDIKAN-KHUSUS-KETERAMPILAN-KODING-DAN-KECERDASAN-ARTIFISIAL-E-2.3,SMA,E,Pendidikan Khusus Keterampilan Koding dan Kecerdasan Artifisial,Algoritma Pemrograman,Memahami algoritma dan membandingkan jenis algoritma yang digunakan dalam proyek/aplikasi sederhana,AUTO-119,https://kurikulum.kemendikdasmen.go.id/service/download.php?kategori=rujukan&id=119,extracted_machine
LO-PENDIDIKAN-KHUSUS-KETERAMPILAN-KODING-DAN-KECERDASAN-ARTIFISIAL-E-2.4,SMA,E,Pendidikan Khusus Keterampilan Koding dan Kecerdasan Artifisial,Analisis Data,Memahami konsep dasar data dan cara mengumpulkan data; menyajikan data dalam bentuk yang mudah dipahami; dan memahami pemanfaatan data dalam kehidupan sehari-hari.,AUTO-119,https://kurikulum.kemendikdasmen.go.id/service/download.php?kategori=rujukan&id=119,extracted_machine
LO-PENDIDIKAN-KHUSUS-KETERAMPILAN-KODING-DAN-KECERDASAN-ARTIFISIAL-E-2.5,SMA,E,Pendidikan Khusus Keterampilan Koding dan Kecerdasan Artifisial,Literasi dan Etika Kecerdasan Artifisial,"Memahami etika penggunaan KA dalam kehidupan sehari-hari seperti empati dan tidak menyakiti orang lain; menjaga data pribadi dalam menggunakan KA (menjadikan KA sebagai alat bantu sehingga manusia tidak boleh tergantung dan percaya sepenuhnya mengingat KA masih sangat mungkin menghasilkan output yang salah, bias, atau melakukan halusinasi); serta mengidentifikasi konten deep fake.",AUTO-119,https://kurikulum.kemendikdasmen.go.id/service/download.php?kategori=rujukan&id=119,extracted_machine
LO-PENDIDIKAN-KHUSUS-KETERAMPILAN-KODING-DAN-KECERDASAN-ARTIFISIAL-E-2.6,SMA,E,Pendidikan Khusus Keterampilan Koding dan Kecerdasan Artifisial,Pemanfaatan dan Pengembangan Kecerdasan Artifisial,Menerapkan prompt engineering pada KA generatif dan memanfaatkan KA dalam pengembangan konten digital sederhana.,AUTO-119,https://kurikulum.kemendikdasmen.go.id/service/download.php?kategori=rujukan&id=119,extracted_machine
LO-PENDIDIKAN-KHUSUS-KETERAMPILAN-KODING-DAN-KECERDASAN-ARTIFISIAL-F-3.1,SMA,F,Pendidikan Khusus Keterampilan Koding dan Kecerdasan Artifisial,Berpikir Komputasional,Menerapkan pemecahan masalah dalam kehidupan masyarakat secara sistematis serta mengenali pola dalam data atau aktivitas berulang dan menggunakannya untuk memecahkan solusi terstruktur.,AUTO-119,https://kurikulum.kemendikdasmen.go.id/service/download.php?kategori=rujukan&id=119,extracted_machine
LO-PENDIDIKAN-KHUSUS-KETERAMPILAN-KODING-DAN-KECERDASAN-ARTIFISIAL-F-3.2,SMA,F,Pendidikan Khusus Keterampilan Koding dan Kecerdasan Artifisial,Literasi Digital,"Memproduksi dan mendiseminasi konten digital dalam bentuk audio, video, slide, dan/atau infografis yang kompleks dan relevan dengan kebutuhan pribadi atau sosial serta menerapkan prinsip-prinsip etika digital.",AUTO-119,https://kurikulum.kemendikdasmen.go.id/service/download.php?kategori=rujukan&id=119,extracted_machine
LO-PENDIDIKAN-KHUSUS-KETERAMPILAN-KODING-DAN-KECERDASAN-ARTIFISIAL-F-3.3,SMA,F,Pendidikan Khusus Keterampilan Koding dan Kecerdasan Artifisial,Algoritma Pemrograman,Menerapkan algoritma pemrograman untuk menghasilkan aplikasi sederhana.,AUTO-119,https://kurikulum.kemendikdasmen.go.id/service/download.php?kategori=rujukan&id=119,extracted_machine
LO-PENDIDIKAN-KHUSUS-KETERAMPILAN-KODING-DAN-KECERDASAN-ARTIFISIAL-F-3.4,SMA,F,Pendidikan Khusus Keterampilan Koding dan Kecerdasan Artifisial,Analisis Data,"Menyimpulkan data agar dapat digunakan untuk pengambilan keputusan yang lebih baik, meningkatkan efisiensi, dan menciptakan inovasi sehingga bisa dimanfaatkan dalam kehidupan sehari-hari.",AUTO-119,https://kurikulum.kemendikdasmen.go.id/service/download.php?kategori=rujukan&id=119,extracted_machine
LO-PENDIDIKAN-KHUSUS-KETERAMPILAN-KODING-DAN-KECERDASAN-ARTIFISIAL-F-3.5,SMA,F,Pendidikan Khusus Keterampilan Koding dan Kecerdasan Artifisial,Literasi dan Etika Kecerdasan Artifisial,"Memahami cara KA dalam mengenal pola citra dan suara; mengetahui profesi di bidang KA; dan memahami dampak KA terhadap ketenagakerjaan dan bidang lainnya, serta tanggung jawab etika dan hukum atas penggunaan KA (pada kondisi tertentu pengambilan keputusan tidak sepenuhnya diserahkan pada KA).",AUTO-119,https://kurikulum.kemendikdasmen.go.id/service/download.php?kategori=rujukan&id=119,extracted_machine
LO-PENDIDIKAN-KHUSUS-KETERAMPILAN-KODING-DAN-KECERDASAN-ARTIFISIAL-F-3.6,SMA,F,Pendidikan Khusus Keterampilan Koding dan Kecerdasan Artifisial,Pemanfaatan dan Pengembangan Kecerdasan Artifisial,Mengembangkan model KA sederhana; mengembangkan aplikasi dengan menggunakan model KA yang sudah ada; dan menyelesaikan permasalahan sederhana dalam kehidupan sehari-hari dengan menggunakan KA.,AUTO-119,https://kurikulum.kemendikdasmen.go.id/service/download.php?kategori=rujukan&id=119,extracted_machine
LO-PROGRAM-KEBUTUHAN-KHUSUS-PENGEMBANGAN-ORIENTASI-MOBILITAS-SOSIAL-DAN-KOMUNIKASI-POMSK-UNTUK-MURID-DENGAN-HAMBATAN-PENGLIHATAN-TUNANETRA-A-1.1,SD,A,"Program Kebutuhan Khusus Pengembangan Orientasi, Mobilitas, Sosial dan Komunikasi (pomsk) untuk Murid dengan Hambatan Penglihatan/tunanetra",Orientasi dan Mobilitas,"Memahami bagian tubuhnya dan melakukan aktivitas dengan menggerakkan bagian-bagian tubuhnya; memahami konsep ukuran, konsep arah, konsep berat, konsep posisi, konsep permukaan, konsep suara (menyebutkan sumber suara, tekanan suara, dan membedakan suara) konsep rasa dengan menyebutkan macam-macam rasa dan konsep bau; dan mengidentifikasi benda atau lingkungan di sekitarnya berdasarkan konsep-konsep tersebut; dan menggunakan keterampilan motorik kesadaran ruang serta lingkungan untuk diterapkan dalam kehidupan sehari-hari.",AUTO-119,https://kurikulum.kemendikdasmen.go.id/service/download.php?kategori=rujukan&id=119,extracted_machine
LO-PROGRAM-KEBUTUHAN-KHUSUS-PENGEMBANGAN-ORIENTASI-MOBILITAS-SOSIAL-DAN-KOMUNIKASI-POMSK-UNTUK-MURID-DENGAN-HAMBATAN-PENGLIHATAN-TUNANETRA-A-1.2,SD,A,"Program Kebutuhan Khusus Pengembangan Orientasi, Mobilitas, Sosial dan Komunikasi (pomsk) untuk Murid dengan Hambatan Penglihatan/tunanetra",Keterampilan Sosial,"Memelihara kesehatan pribadi dalam hal menggunakan alat mandi, mencuci dan mengeringkan tangan, mencuci dan mengeringkan kaki, menggosok gigi, menggunakan toilet, membersihkan diri setelah buang air kecil dan besar, melakukan mandi sendiri, mencuci muka, mencuci rambut, menyisir dan menata rambut, memakai sandal, memakai kaus kaki, merawat dan membersihkan mata; menggunakan pakaian dan menanggalkan pakaian; menerapkan etika di meja makan; mengenal tanda-tanda alami/gejala alam akan adanya bencana, tanda atau simbol jalur evakuasi, titik kumpul, bunyi sirine/alarm, simulasi; dan membiasakan diri bersikap tenang dan berani.",AUTO-119,https://kurikulum.kemendikdasmen.go.id/service/download.php?kategori=rujukan&id=119,extracted_machine
LO-PROGRAM-KEBUTUHAN-KHUSUS-PENGEMBANGAN-ORIENTASI-MOBILITAS-SOSIAL-DAN-KOMUNIKASI-POMSK-UNTUK-MURID-DENGAN-HAMBATAN-PENGLIHATAN-TUNANETRA-A-1.3,SD,A,"Program Kebutuhan Khusus Pengembangan Orientasi, Mobilitas, Sosial dan Komunikasi (pomsk) untuk Murid dengan Hambatan Penglihatan/tunanetra",Keterampilan Komunikasi,"Menunjukkan kesiapan menulis (pra-menulis) kemampuan motorik halus, konsep menulis; membaca Braille, menggunakan alat tulis Braille, tanda baca sesuai Sistem Simbol Braille Indonesia (SSBI), membaca abjad Braille; menunjukkan kesiapan membaca (Pra-membaca) dalam hal meningkatkan fungsi perabaan untuk mengenal huruf Braille, memperagakan posisi membaca dan menulis Braille, posisi kertas saat membaca, gerakan tangan saat membaca, sikap membaca, melakukan gerakan tangan untuk kesiapan membaca huruf Braille, memahami komparasi/perbandingan (arah, posisi, bentuk, ukuran), membuka buku dan halaman buku; menemukan perbedaan posisi titik Braille; memperagakan dan memasang kertas pada alat tulis regle; dan, menggunakan pen/stylus serta reglet waktu menulis Braille.",AUTO-119,https://kurikulum.kemendikdasmen.go.id/service/download.php?kategori=rujukan&id=119,extracted_machine
LO-PROGRAM-KEBUTUHAN-KHUSUS-PENGEMBANGAN-ORIENTASI-MOBILITAS-SOSIAL-DAN-KOMUNIKASI-POMSK-UNTUK-MURID-DENGAN-HAMBATAN-PENGLIHATAN-TUNANETRA-B-2.1,SD,B,"Program Kebutuhan Khusus Pengembangan Orientasi, Mobilitas, Sosial dan Komunikasi (pomsk) untuk Murid dengan Hambatan Penglihatan/tunanetra",Orientasi dan Mobilitas,"Mengembangkan konsep bentuk, mengenal serta menjelaskan konsep warna; menunjukkan serta menjelaskan benda yang ada di lingkungan maupun lokasi terdekat; menjelaskan fungsi serta kegunaan suatu benda; memahmi serta melakukan, mengenal satuan waktu dan melakukan pengukuran waktu; memiliki kesadaran ruang dan lingkungan; melakukan gerakan lari, gerakan meloncat dari atas ke bawah, gerakan melompat sempurna, melompat dengan kaki satu, melompat menirukan katak, gerakan koordinasi, misal: menendang bola, memukul, menarik, mengambil, menangkap, gerakan keseimbangan, mengelilingi ruangan; mencari objek di ruang atau di lingkungan; dan mengikuti sumber bunyi serta mengambil objek semuanya dilakukan dengan bimbingan, dengan pengarah atau mandiri.",AUTO-119,https://kurikulum.kemendikdasmen.go.id/service/download.php?kategori=rujukan&id=119,extracted_machine
LO-PROGRAM-KEBUTUHAN-KHUSUS-PENGEMBANGAN-ORIENTASI-MOBILITAS-SOSIAL-DAN-KOMUNIKASI-POMSK-UNTUK-MURID-DENGAN-HAMBATAN-PENGLIHATAN-TUNANETRA-B-2.2,SD,B,"Program Kebutuhan Khusus Pengembangan Orientasi, Mobilitas, Sosial dan Komunikasi (pomsk) untuk Murid dengan Hambatan Penglihatan/tunanetra",Keterampilan Sosial,"Memelihara kesehatan pribadi; memakai sepatu tanpa tali dan bertali; merawat dan memelihara pakaian dengan memisahkan jenis pakaian, membedakan dan memisahkan pakaian bersih dan kotor, mencuci dengan memakai tangan, menjemur dan mengangkat pakaian, memilih pakaian yang tepat, menggunakan etika di meja makan; melakukan aktivitas makan makanan berkuah, makan makanan dalam kemasan, minum minuman dalam kemasan; melaksanakan aktivitas pembersihan peralatan makan dan minum; melakukan aktivitas penyimpanan alat makan dan minum pada tempatnya, mengelola uang dengan mengenal jenis uang (uang kertas dan uang logam), melipat uang kertas untuk membedakan nilai uang; melakukan penyelamatan diri menggunakan alat dan benda dengan arahan pendidik/orang dewasa; memahami perbedaan tanda-tanda fisik bayi hingga dewasa, laki dan perempuan; dan menggunakan media yang relevan.",AUTO-119,https://kurikulum.kemendikdasmen.go.id/service/download.php?kategori=rujukan&id=119,extracted_machine
LO-PROGRAM-KEBUTUHAN-KHUSUS-PENGEMBANGAN-ORIENTASI-MOBILITAS-SOSIAL-DAN-KOMUNIKASI-POMSK-UNTUK-MURID-DENGAN-HAMBATAN-PENGLIHATAN-TUNANETRA-B-2.3,SD,B,"Program Kebutuhan Khusus Pengembangan Orientasi, Mobilitas, Sosial dan Komunikasi (pomsk) untuk Murid dengan Hambatan Penglihatan/tunanetra",Keterampilan Komunikasi,"Memperagakan cara memasang kertas pada mesin ketik Braille, menekan tombol mesin ketik Braille. Membaca dan menulis kalimat Braille, bilangan dan operasi sederhana dan tulisan singkat (tusing) dengan tanda kata tunggal, tanda kata dengan 5 titik, tanda kata dengan titik 4-5; memperagakan posisi duduk saat membaca; memperagakan posisi tangan saat membaca, posisi kertas saat membaca, gerakan tangan saat membaca, sikap membaca yang baik. Menggunakan media baca tulis awas yang sesuai dengan kondisi;. mengenal alat bantu membaca; menggunakan media baca tulis elektronik; mengenal ragam ukuran tulisan awas yang sesuai kebutuhan; memodifikasi tulisan cetak awas, memodifikasi alat bantu tulis cetak awas bagi anak low vision ; menulis tanda tangan dengan alat bantu; bergaul dengan menunjukkan etika bertamu, etika berbicara dengan orang yang lebih muda, sebaya, dan lebih tua, etika menyapa orang, etika menjenguk orang sakit, etika meminta bantuan, etika memperkenalkan diri dilakukan dengan bimbingan, dengan pengarah atau mandiri.",AUTO-119,https://kurikulum.kemendikdasmen.go.id/service/download.php?kategori=rujukan&id=119,extracted_machine
LO-PROGRAM-KEBUTUHAN-KHUSUS-PENGEMBANGAN-ORIENTASI-MOBILITAS-SOSIAL-DAN-KOMUNIKASI-POMSK-UNTUK-MURID-DENGAN-HAMBATAN-PENGLIHATAN-TUNANETRA-C-3.1,SD,C,"Program Kebutuhan Khusus Pengembangan Orientasi, Mobilitas, Sosial dan Komunikasi (pomsk) untuk Murid dengan Hambatan Penglihatan/tunanetra",Orientasi dan Mobilitas,"Menetapkan posisi diri menggunakan indra yang masih berfungsi dengan menetapkan di mana dirinya, di mana atau ke mana tujuannya dan bagaimana caranya untuk sampai ke tujuan; mengggunakan komponen keterampilan orientasi dengan menemukan ciri medan (landmark), menemukan tanda-tanda ( clue ); menetapkan sistem penomoran ( numbering system ), menggunakan arah mata angin ( compass direction ), menetapkan sistem pengukuran ( measurement ), melakukan pengakraban diri ( self familiarization ); melakukan orientasi ruang dengan melakukan gerakan mengelilingi/menjelajahi ruangan, menemutunjukkan letak benda di ruangan; melakukan kegiatan bepergian/berjalan mandiri dengan menggunakan teknik melindungi diri ( self protection techniques ) dengan melakukan teknik tangan menyilang ke atas ( upper hand ), melakukan teknik tangan menyilang ke bawah ( lower hand ), melakukan kombinasi teknik tangan menyilang ke atas simbol bawah ( upper hand dan lower hand ), melakukan teknik merambat/menelusuri objek ( trailing ); dan melakukan kombinasi teknik tangan menyilang ke atas dan ke bawah ( upper hand and lower hand ) dengan teknik merambat/menelusuri objek ( trailing ), melakukan teknik tegak lurus dengan benda ( squaring off ), teknik mencari benda jatuh ( drop object ), teknik jongkok tegak lurus, serta teknik jongkok dengan membungkuk.",AUTO-119,https://kurikulum.kemendikdasmen.go.id/service/download.php?kategori=rujukan&id=119,extracted_machine
LO-PROGRAM-KEBUTUHAN-KHUSUS-PENGEMBANGAN-ORIENTASI-MOBILITAS-SOSIAL-DAN-KOMUNIKASI-POMSK-UNTUK-MURID-DENGAN-HAMBATAN-PENGLIHATAN-TUNANETRA-C-3.2,SD,C,"Program Kebutuhan Khusus Pengembangan Orientasi, Mobilitas, Sosial dan Komunikasi (pomsk) untuk Murid dengan Hambatan Penglihatan/tunanetra",Keterampilan Sosial,"Memelihara kesehatan pribadi menggunakan deodoran, merias diri ( make up) , merawat dan membersihkan telinga bagian luar dan dalam, merawat dan membersihkan hidung, mengobati luka dari benda-benda berbahaya dan dari binatang berbahaya; Melaksanakan kegiatan perawatan kesehatan reproduksi, menggunakan dan melepas pembalut, memakai, mencuci, membuang pembalut, merawat serta memelihara pakaian; menggunakan etika di meja makan (mengambil nasi dari tempatnya; meletakkan nasi di atas piring, serta menuangkan air ke dalam gelas); dan mencari pertolongan, mengenal identitas diri dan keluarga, maupun cara menjaga diri.",AUTO-119,https://kurikulum.kemendikdasmen.go.id/service/download.php?kategori=rujukan&id=119,extracted_machine
LO-PROGRAM-KEBUTUHAN-KHUSUS-PENGEMBANGAN-ORIENTASI-MOBILITAS-SOSIAL-DAN-KOMUNIKASI-POMSK-UNTUK-MURID-DENGAN-HAMBATAN-PENGLIHATAN-TUNANETRA-C-3.3,SD,C,"Program Kebutuhan Khusus Pengembangan Orientasi, Mobilitas, Sosial dan Komunikasi (pomsk) untuk Murid dengan Hambatan Penglihatan/tunanetra",Keterampilan Komunikasi,"Menulis dan membaca paragraf, menggunakan tusing tanda kata dengan titik 4, tanda kata dengan titik 3-4-5-6, tanda bagian kata, tanda apit (titik 4); menggunakan mesin ketik Braille, menulis tanda tangan dengan alat bantu; melakukan komunikasi antar personal dengan baik dan ekspresif dengan memperkenalkan diri dengan ekspresif; mengenal orang dengan ekspresif, bermain peran, melakukan simulasi, melakukan ekspresi komunikasi formal; melakukan ekspresi komunikasi nonformal; dan menggunakan komunikasi non verbal.",AUTO-119,https://kurikulum.kemendikdasmen.go.id/service/download.php?kategori=rujukan&id=119,extracted_machine
LO-PROGRAM-KEBUTUHAN-KHUSUS-PENGEMBANGAN-ORIENTASI-MOBILITAS-SOSIAL-DAN-KOMUNIKASI-POMSK-UNTUK-MURID-DENGAN-HAMBATAN-PENGLIHATAN-TUNANETRA-D-4.1,SMP,D,"Program Kebutuhan Khusus Pengembangan Orientasi, Mobilitas, Sosial dan Komunikasi (pomsk) untuk Murid dengan Hambatan Penglihatan/tunanetra",Orientasi dan Mobilitas,"Bepergian dengan teknik pendamping awas ( sighted guide ) di lingkungan sekitar dengan melakukan gerakan dasar pendampingan awas ( sighted guide ); melakukan teknik jalan sempit, pindah pegangan, berbalik arah, menerima dan menolak ajakan; melakukan gerakan melewati pintu (pintu terbuka kanan mendekat, pintu terbuka ke arah kanan menjauh, pintu membuka ke kiri mendekat, pintu membuka ke kiri menjauh, pintu terbuka otomatis digeser), naik turun tangga, cara duduk (di kursi dengan meja dan tanpa meja), masuk dan keluar mobil dan kendaraan umum, eskalator, elevator dan travelator dan penggunaan kamar kecil; melakukan gerakan siap, berhitung, hadap kanan, hadap kiri, hormat, lencang kanan, lencang depan, balik kanan, hadap serong kanan, hadap serong kiri dan istirahat di tempat dan bubar jalan;. mengidentifikasi alat bantu orientasi dan mobilitas, membuat dan membaca peta timbul/taktual; mengenal tongkat dengan menjelaskan jenis-jenis tongkat, menunjukan bagian tongkat, menjelaskan fungsi bagian tongkat, menjelaskan manfaat penggunaan tongkat dan memilih jenis tongkat sesuai kebutuhan; mengenal teknik dasar penggunaan tongkat dengan memegang tongkat, menyimpan tongkat, menggunakan teknik geser ( slide technique ), teknik sentuhan ( touch technique ), teknik dua sentuhan ( two touch technique ), teknik silang tubuh ( crossbody technique ), teknik menelusur ( trailing technique ), teknik sentuh dan geser ( touch and slide techniques ), teknik dorong ( pussing slide technique ), teknik meretas/menyapu ( clearing technique ), menyebrang jalan dan menyimpan tongkat waktu tidak dipergunakan; memosisikan tongkat saat berjalan dengan pendamping awas, menyimpan tongkat, pindah pegangan, menggunakan tongkat saat berjalan dengan pendamping awas, berbalik arah, menggunakan tongkat waktu naik turun tangga saat berjalan dengan pendamping awas. Berjalan mandiri menggunakan jalur pemandu ( guiding block ) dengan mengenal jenisjenis jalur, menggunakan jalur di lingkungan sekitar serta menggunakan jalur dengan teknik tongkat; memahami aksesibilitas; dan menerapkan aksesibilitas lingkungan fisik.",AUTO-119,https://kurikulum.kemendikdasmen.go.id/service/download.php?kategori=rujukan&id=119,extracted_machine
LO-PROGRAM-KEBUTUHAN-KHUSUS-PENGEMBANGAN-ORIENTASI-MOBILITAS-SOSIAL-DAN-KOMUNIKASI-POMSK-UNTUK-MURID-DENGAN-HAMBATAN-PENGLIHATAN-TUNANETRA-D-4.2,SMP,D,"Program Kebutuhan Khusus Pengembangan Orientasi, Mobilitas, Sosial dan Komunikasi (pomsk) untuk Murid dengan Hambatan Penglihatan/tunanetra",Keterampilan Sosial,"Memelihara kesehatan pribadi; menggunakan mesin cuci, mengenakan aksesori pakaian; menggunakan dan merawat beragam tungku (kayu bakar, arang, briket), menggunakan kompor (minyak, gas, listrik); merawat tungku dan kompor; mengolah bahan makanan, memasak, menggoreng, mengontrol kematangan makanan, menghidangkan makanan, menyimpan makanan, membuat minuman; menata makanan di meja makan, menyiapkan hidangan untuk tamu/keluarga, melakukan makan di tempat pesta; melakukan aktivitas pembersihan dan perawatan perabot rumah tangga; menggunakan lampu (listrik, petromak, lampu minyak); menata berbagai ruang dalam rumah; Menyapu dan membersihkan halaman serta merawat tanaman; melaksanakan kegiatan mengelola uang (menyimpan, belanja, dll); mengenal sinyal/tanda-tanda alami/gejala alam akan adanya bencana, tanda atau simbol jalur evakuasi, simulasi; membiasakan diri bersikap tenang dan berani, melakukan penyelamatan diri; dan memahami masalah Kesehatan Reproduksi (menstruasi/haid; pubertas; perilaku hidup bersih dan sehat pada masa pubertas)",AUTO-119,https://kurikulum.kemendikdasmen.go.id/service/download.php?kategori=rujukan&id=119,extracted_machine
LO-PROGRAM-KEBUTUHAN-KHUSUS-PENGEMBANGAN-ORIENTASI-MOBILITAS-SOSIAL-DAN-KOMUNIKASI-POMSK-UNTUK-MURID-DENGAN-HAMBATAN-PENGLIHATAN-TUNANETRA-D-4.3,SMP,D,"Program Kebutuhan Khusus Pengembangan Orientasi, Mobilitas, Sosial dan Komunikasi (pomsk) untuk Murid dengan Hambatan Penglihatan/tunanetra",Keterampilan Komunikasi,"Menunjukkan keterampilan membaca dan menulis, memahami konsep KPK dan FPB, statistika, nama sudut, bangun geometri, besaran dan satuan, not 1/16 dan ritmis, huruf arab Braille; menunjukkan keterampilan dalam menggunakan media komunikasi tradisional (kentongan, bedug, lonceng, dsb), elektronik, perangkat lunak (aplikasi) di gawai (telepon seluler) dan perangkat keras (komputer dan laptop) serta perangkat lainnya yang berbasis teknologi digital; menggunakan media komunikasi cetak Braille, menggunakan alat komunikasi audio; menggunakan media komunikasi dengan teknologi sederhana; dan menggunakan teknologi asistif.",AUTO-119,https://kurikulum.kemendikdasmen.go.id/service/download.php?kategori=rujukan&id=119,extracted_machine
LO-PROGRAM-KEBUTUHAN-KHUSUS-PENGEMBANGAN-ORIENTASI-MOBILITAS-SOSIAL-DAN-KOMUNIKASI-POMSK-UNTUK-MURID-DENGAN-HAMBATAN-PENGLIHATAN-TUNANETRA-E-5.1,SMA,E,"Program Kebutuhan Khusus Pengembangan Orientasi, Mobilitas, Sosial dan Komunikasi (pomsk) untuk Murid dengan Hambatan Penglihatan/tunanetra",Orientasi dan Mobilitas,"Mengenal jenis-jenis jalur pemandu serta menggunakannya di lingkungan sekitar, menggunakan jalur pemandu dengan teknik tongkat; mengidentifikasi lingkungan yang aksesibel; memahami serta memahami informasi tentang pengetahuan, keterampilan penggunaan teknik tongkat di lingkungan dengan berbagai aktivitas sehari-hari meliputi kemampuan menggunakan teknik silang tubuh (c ross body techniqu e) di dalam ruangan, teknik silang tubuh ( cross body technique) untuk mendeteksi objek-rintangan, teknik tongkat waktu turun-naik tangga, teknik menelusur (trailing technique) di dalam ruangan; dan menggunakan teknik geser (slide technique) di luar ruangan, teknik sentuhan (touch technique) di luar ruangan, teknik dua sentuhan (two touch technique) di luar ruangan, teknik dua sentuhan untuk menelusuri garis pengarah (shoreline ), teknik dorong (Pussing Slide Technique ) di lingkungan terbatas dan teknik geser dan sentuh ( slide and touch techniques ) di daerah pedesaan dan persawahan.",AUTO-119,https://kurikulum.kemendikdasmen.go.id/service/download.php?kategori=rujukan&id=119,extracted_machine
LO-PROGRAM-KEBUTUHAN-KHUSUS-PENGEMBANGAN-ORIENTASI-MOBILITAS-SOSIAL-DAN-KOMUNIKASI-POMSK-UNTUK-MURID-DENGAN-HAMBATAN-PENGLIHATAN-TUNANETRA-E-5.2,SMA,E,"Program Kebutuhan Khusus Pengembangan Orientasi, Mobilitas, Sosial dan Komunikasi (pomsk) untuk Murid dengan Hambatan Penglihatan/tunanetra",Keterampilan Sosial,"Memahami dan mengeksplorasi pengetahuan dan keterampilan tentang aktivitas sehari-hari , membersihkan dan merawat halaman rumah, merawat alat-alat berkebun, serta memelihara hewan peliharaan yang diterapkan dalam kehidupan sehari-hari; terampil memperbaiki pakaian sederhana (memasukkan benang ke jarum, memperbaiki pakaian, memasang kancing, dan menjahit pakaian sobek); memahami dan mempersiapkan pasca satuan pendidikan di dalam dunia kerja arti kerja, aturan kerja, menggunakan alat kerja dan keselamatan kerja; menggunakan waktu efektif dan waktu senggang dengan kegiatan relaksasi; mengenal tanda atau simbol jalur evakuasi, titik kumpul, bunyi sirine/alarm, tandatanda alami/gejala alam akan adanya bencana, melakukan simulasi, bersikap tenang dan berani, melakukan penyelamatan diri; dan memahami masalah kesehatan reproduksi keluarga berencana serta membesarkan anak.",AUTO-119,https://kurikulum.kemendikdasmen.go.id/service/download.php?kategori=rujukan&id=119,extracted_machine
LO-PROGRAM-KEBUTUHAN-KHUSUS-PENGEMBANGAN-ORIENTASI-MOBILITAS-SOSIAL-DAN-KOMUNIKASI-POMSK-UNTUK-MURID-DENGAN-HAMBATAN-PENGLIHATAN-TUNANETRA-E-5.3,SMA,E,"Program Kebutuhan Khusus Pengembangan Orientasi, Mobilitas, Sosial dan Komunikasi (pomsk) untuk Murid dengan Hambatan Penglihatan/tunanetra",Keterampilan Komunikasi,"Melakukan kunjungan di lembaga sosial masyarakat (karang taruna, remaja masjid, dll) baik dengan bimbingan, arahan, atau mandiri.",AUTO-119,https://kurikulum.kemendikdasmen.go.id/service/download.php?kategori=rujukan&id=119,extracted_machine
LO-PROGRAM-KEBUTUHAN-KHUSUS-PENGEMBANGAN-ORIENTASI-MOBILITAS-SOSIAL-DAN-KOMUNIKASI-POMSK-UNTUK-MURID-DENGAN-HAMBATAN-PENGLIHATAN-TUNANETRA-F-6.1,SMA,F,"Program Kebutuhan Khusus Pengembangan Orientasi, Mobilitas, Sosial dan Komunikasi (pomsk) untuk Murid dengan Hambatan Penglihatan/tunanetra",Orientasi dan Mobilitas,"Bepergian mandiri dengan menggunakan teknik tongkat di berbagai lingkungan mulai dari lingkungan satuan pendidikan, rumah, perkotaan, pedesaan, pertokoan/pusat perbelanjaan, tempat ibadah, terminal, halte/tempat pemberhentian alat transportasi umum, stasiun kereta api, tempat rekreasi, perkantoran, bandara, rumah sakit, kantor layanan umum; dan menggunakan kendaraan umum dalam kehidupan sehari-hari baik dengan bimbingan, arahan atau mandiri.",AUTO-119,https://kurikulum.kemendikdasmen.go.id/service/download.php?kategori=rujukan&id=119,extracted_machine
LO-PROGRAM-KEBUTUHAN-KHUSUS-PENGEMBANGAN-ORIENTASI-MOBILITAS-SOSIAL-DAN-KOMUNIKASI-POMSK-UNTUK-MURID-DENGAN-HAMBATAN-PENGLIHATAN-TUNANETRA-F-6.2,SMA,F,"Program Kebutuhan Khusus Pengembangan Orientasi, Mobilitas, Sosial dan Komunikasi (pomsk) untuk Murid dengan Hambatan Penglihatan/tunanetra",Keterampilan Sosial,"Memahami dan melakukan pengelolaan keuangan dengan menyimpan uang di bank, dan mengatur uang untuk memenuhi kebutuhan hidup sehari-hari; memahami, mempersiapkan diri berkenaan dengan program pendidikan pasca sekolah; memahami kewirausahaan, merancang jenis kewirausahaan, dan praktik kewirausahaan. menggunakan alat dan benda untuk menyelamatkan diri sendiri atau dengan arahan pendidik/orang dewasa; menceritakan kembali apa yang dialami dan akibatnya; menenangkan diri melalui berdoa dan bernyanyi; serta mencari pertolongan pada orang dewasa terutama pada keluarga dan orang yang dia kenal; memahami masalah kesehatan reproduksi (merawat bayi, membesarkan anak, dan keluarga berencana) dan menanamkan kesadaran akan etika pergaulan yang berlaku di masyarakat yang berhubungan dengan kesehatan reproduksi",AUTO-119,https://kurikulum.kemendikdasmen.go.id/service/download.php?kategori=rujukan&id=119,extracted_machine
LO-PROGRAM-KEBUTUHAN-KHUSUS-PENGEMBANGAN-ORIENTASI-MOBILITAS-SOSIAL-DAN-KOMUNIKASI-POMSK-UNTUK-MURID-DENGAN-HAMBATAN-PENGLIHATAN-TUNANETRA-F-6.3,SMA,F,"Program Kebutuhan Khusus Pengembangan Orientasi, Mobilitas, Sosial dan Komunikasi (pomsk) untuk Murid dengan Hambatan Penglihatan/tunanetra",Keterampilan Komunikasi,"Melakukan kunjungan ke pusat layanan masyarakat (puskesmas, bank, kantor pos, kantor kecamatan, kantor desa/kelurahan dan lain-lain) baik dengan bimbingan, arahan atau mandiri yang diterapkan dalam kehidupan sehari-hari.",AUTO-119,https://kurikulum.kemendikdasmen.go.id/service/download.php?kategori=rujukan&id=119,extracted_machine
LO-PROGRAM-KEBUTUHAN-KHUSUS-PENGEMBANGAN-KOMUNIKASI-PERSEPSI-BUNYI-DAN-IRAMA-PKPBI-A-1.1,SD,A,"Program Kebutuhan Khusus Pengembangan Komunikasi, Persepsi Bunyi, dan Irama (pkpbi)",Persepsi Bunyi,"Mendeteksi bunyi benda, bunyi alam sekitar, bunyi latar belakang, bunyi bahasa berupa fonem, nama panggilan, suara unsur suprasegmental (panjang-pendek, tinggi-rendah, keras-lemah, cepat-lambat) dan jumlah suku kata, konsonan dan kata benda, pernyataan betul, pernyataan ya dan pernyataan sudah; mendiskriminasi berbagai macam bunyi termasuk bunyi bahasa dalam hal huruf vokal, konsonan, dan huruf /p/, /b/ dan /m/; mengidentifikasi bunyi sebagai sinyal yang pernah didiskriminasi; memanfaatkan bunyi yang telah diperoleh untuk komunikasi dengan menggunakan Alat Bantu dengar (ABD) atau tanpa ABD sebatas sisa pendengaran.",AUTO-119,https://kurikulum.kemendikdasmen.go.id/service/download.php?kategori=rujukan&id=119,extracted_machine
LO-PROGRAM-KEBUTUHAN-KHUSUS-PENGEMBANGAN-KOMUNIKASI-PERSEPSI-BUNYI-DAN-IRAMA-PKPBI-A-1.2,SD,A,"Program Kebutuhan Khusus Pengembangan Komunikasi, Persepsi Bunyi, dan Irama (pkpbi)",Persepsi Irama,Mendeteksi irama dasar serta irama bahasa; mendiskriminasi irama dasar dan irama bahasa melalui kegiatan membedakan berbagai macam irama dasar dan irama bahasa dalam hal irama kalimat tanya dan kalimat perintah; mengidentifikasi berbagai irama dasar maupun irama bahasa sesuai makna yang sebenarnya; memanfaatkan irama dasar dan irama bahasa untuk berkomunikasi menggunakan Alat Bantu dengar (ABD) atau tanpa ABD sebatas sisa pendengaran.,AUTO-119,https://kurikulum.kemendikdasmen.go.id/service/download.php?kategori=rujukan&id=119,extracted_machine
LO-PROGRAM-KEBUTUHAN-KHUSUS-PENGEMBANGAN-KOMUNIKASI-PERSEPSI-BUNYI-DAN-IRAMA-PKPBI-A-1.3,SD,A,"Program Kebutuhan Khusus Pengembangan Komunikasi, Persepsi Bunyi, dan Irama (pkpbi)",Latihan Prawicara,"melatih kemampuan keterarahan wajah berupa latihan kemampuan kontak mata dan kontak wajah secara langsung atau menggunakan media cermin; melakukan pelemasan organ wicara pada bagian bibir melalui berbagai kegiatan; melakukan pelemasan organ wicara pada bagian lidah melalui berbagai kegiatan, senam lidah dengan menjulurkan lidah keluar lurus, kiri, kanan, masukkan ke dalam, lidah tekan ke pipi kiri, kanan dan rahang atas dan bawah dan kegiatan lain yang dapat melemaskan organ bicara bibir; melakukan latihan pernapasan melalui kegiatan meniup peluit dengan perbedaan durasi meniupnya; melakukan latihan pembentukan suara meraban, menyadarkan suara, merasakan getaran, melafalkan vokal bersuara; dan menirukan ucapan (huruf, suku kata, kata) pada huruf vokal dan fonem bilabial ( /p/, /b/, /m/, dan /w/).",AUTO-119,https://kurikulum.kemendikdasmen.go.id/service/download.php?kategori=rujukan&id=119,extracted_machine
LO-PROGRAM-KEBUTUHAN-KHUSUS-PENGEMBANGAN-KOMUNIKASI-PERSEPSI-BUNYI-DAN-IRAMA-PKPBI-A-1.4,SD,A,"Program Kebutuhan Khusus Pengembangan Komunikasi, Persepsi Bunyi, dan Irama (pkpbi)",Latihan Pembentukan Fonem,"Melaksanakan latihan organ bicara yang mengandung vokal /a/, /i/, /u/, /e/, dan /o/ untuk kemudian diterapkan dalam pengucapan dalam kata baik di awal, di tengah, maupun di akhir kata; melakukan latihan pembentukan huruf-huruf konsonan yang mengandung bilabial tak bersuara /p/; dan konsonan bilabial bersuara /b/, /m/, dan /w/.",AUTO-119,https://kurikulum.kemendikdasmen.go.id/service/download.php?kategori=rujukan&id=119,extracted_machine
LO-PROGRAM-KEBUTUHAN-KHUSUS-PENGEMBANGAN-KOMUNIKASI-PERSEPSI-BUNYI-DAN-IRAMA-PKPBI-A-1.5,SD,A,"Program Kebutuhan Khusus Pengembangan Komunikasi, Persepsi Bunyi, dan Irama (pkpbi)",Pengembangan Komunikasi (Ekspresif dan Reseptif),Mengucapkan kalimat-kalimat mengenai materi kesiapsiagaan bencana ( sign alami/gejala alam akan adanya bencana dan cara-cara menjaga diri; materi tentang kesehatan) reproduksi (konsep laki-laki dan perempuan; materi tentang kesukaan murid) dan informasi-informasi aktual lainnya sesuai dengan tekanan dan irama yang baik dan benar untuk berkomunikasi secara lisan (oral) dalam pembentukan jenis atau ragam kalimat tanya apa dan siapa serta kalimat perintah dengan pola penggunaan subjek predikat (SP).,AUTO-119,https://kurikulum.kemendikdasmen.go.id/service/download.php?kategori=rujukan&id=119,extracted_machine
LO-PROGRAM-KEBUTUHAN-KHUSUS-PENGEMBANGAN-KOMUNIKASI-PERSEPSI-BUNYI-DAN-IRAMA-PKPBI-B-2.1,SD,B,"Program Kebutuhan Khusus Pengembangan Komunikasi, Persepsi Bunyi, dan Irama (pkpbi)",Persepsi Bunyi,"Mendeteksi bunyi latar belakang, suara binatang di lingkungan sekitar, jumlah bunyi, sifat bunyi (cepat-lambat, panjang-pendek, keras-lemah dan tinggi-rendah), arah bunyi, suara nama hari, bulan, bilangan; mendiskriminasi berbagai macam bunyi termasuk bunyi bahasa yaitu kata yang kontras pada aspek bersuara-tak bersuara dan 2 kata yang mengandung konsonan getar; mengidentifikasi bunyi sebagai sinyal yang pernah didiskriminasi. Mengidentifikasi bunyi bahasa yaitu kata ganti, kata kerja, pernyataan salah, pernyataan tidak, pernyataan belum dan kalimat tanya; memanfaatkan setiap bunyi untuk komunikasi dengan menggunakan ABD atau tanpa ABD sebatas sisa pendengaran.",AUTO-119,https://kurikulum.kemendikdasmen.go.id/service/download.php?kategori=rujukan&id=119,extracted_machine
LO-PROGRAM-KEBUTUHAN-KHUSUS-PENGEMBANGAN-KOMUNIKASI-PERSEPSI-BUNYI-DAN-IRAMA-PKPBI-B-2.2,SD,B,"Program Kebutuhan Khusus Pengembangan Komunikasi, Persepsi Bunyi, dan Irama (pkpbi)",Persepsi Irama,"Mendeteksi irama dasar yaitu ketukan, irama, birama lagu 3/4, 4/4 dan 6/8 serta irama bahasa; mendiskriminasi irama dasar dan irama bahasa melalui kegiatan membedakan berbagai macam irama dasar dan irama bahasa yaitu irama kalimat tanya dan kalimat larangan; mengidentifikasi berbagai irama dasar maupun irama bahasa sesuai makna yang sebenarnya dan melakukan komprehensi irama dasar dan irama bahasa untuk berkomunikasi menggunakan Alat Bantu dengar (ABD) atau tanpa ABD sebatas sisa pendengaran.",AUTO-119,https://kurikulum.kemendikdasmen.go.id/service/download.php?kategori=rujukan&id=119,extracted_machine
LO-PROGRAM-KEBUTUHAN-KHUSUS-PENGEMBANGAN-KOMUNIKASI-PERSEPSI-BUNYI-DAN-IRAMA-PKPBI-B-2.3,SD,B,"Program Kebutuhan Khusus Pengembangan Komunikasi, Persepsi Bunyi, dan Irama (pkpbi)",Latihan Prawicara,"Melakukan latihan keterarahan wajah berupa latihan kemampuan kontak mata dan kontak wajah secara langsung atau menggunakan media cermin; melakukan keterarahan suara dalam latihan pengucapan kata atau bersuara; melakukan pelemasan organ wicara pada bagian gigi melalui kegiatan menunjukkan gigi, menggigit bibir bawah, dan menggerakkan gigi; melakukan pelemasan organ wicara rahang melalui kegiatan membuka dan menutup rahang dengan gerakan yang teratur dan tepat; menggerakkan ke kiri dan kekanan, lalu memutar secara horizontal; melakukan latihan pernapasan dengan meniup tisu dari jarak yang berbeda; melakukan latihan pembentukan suara yaitu meraban, menyadarkan suara, merasakan getaran, melafalkan vokal bersuara, dan menirukan ucapan (huruf, suku kata, kata) pada huruf alveolar ( /t/, /d/, /n/, /l/, /s/, /z/, /r/) serta huruf labiodental (/f/)",AUTO-119,https://kurikulum.kemendikdasmen.go.id/service/download.php?kategori=rujukan&id=119,extracted_machine
LO-PROGRAM-KEBUTUHAN-KHUSUS-PENGEMBANGAN-KOMUNIKASI-PERSEPSI-BUNYI-DAN-IRAMA-PKPBI-B-2.4,SD,B,"Program Kebutuhan Khusus Pengembangan Komunikasi, Persepsi Bunyi, dan Irama (pkpbi)",Latihan Pembentukan Fonem,"Melakukan latihan organ bicara yang mengandung vokal konsonan dental alveolar hambat tak bersuara /t/; konsonan dental alveolar bersuara /d/; konsonan lateral dental bersuara /l/; konsonan palatal alveolar semi vokal bersuara /y/; konsonan labiodental frikatif (desisi) tak bersuara /f/; konsonan dental frikatif (desis) tak bersuara /s/; konsonan dental frikatif (desis) bersuara /z/; dan konsonan dental getar bersuara /r/ untuk kemudian diterapkan pada pengucapan kata baik di awal, di tengah, maupun di akhir kata.",AUTO-119,https://kurikulum.kemendikdasmen.go.id/service/download.php?kategori=rujukan&id=119,extracted_machine
LO-PROGRAM-KEBUTUHAN-KHUSUS-PENGEMBANGAN-KOMUNIKASI-PERSEPSI-BUNYI-DAN-IRAMA-PKPBI-B-2.5,SD,B,"Program Kebutuhan Khusus Pengembangan Komunikasi, Persepsi Bunyi, dan Irama (pkpbi)",Pengembangan Komunikasi (Ekspresif dan Reseptif),"Mengucapkan kalimat-kalimat mengenai materi kesiapsiagaan bencana (ancaman yang akan terjadi dan mencari pertolongan), materi tentang kesehatan reproduksi (konsep perempuan dan laki-laki serta kesetaraan gender) dalam konsep sederhana, materi tentang hobi dan informasi-informasi aktual lainnya; melakukan latihan pengucapan sesuai dengan tekanan dan irama yang baik dan benar untuk berkomunikasi secara lisan, isyarat maupun komunikasi total dalam pembentukan jenis atau ragam kalimat tanya dimana, berapa, dan kapan dengan penggunaan pola Subjek, Predikat, dan Objek (SPO).",AUTO-119,https://kurikulum.kemendikdasmen.go.id/service/download.php?kategori=rujukan&id=119,extracted_machine
LO-PROGRAM-KEBUTUHAN-KHUSUS-PENGEMBANGAN-KOMUNIKASI-PERSEPSI-BUNYI-DAN-IRAMA-PKPBI-C-3.1,SD,C,"Program Kebutuhan Khusus Pengembangan Komunikasi, Persepsi Bunyi, dan Irama (pkpbi)",Persepsi Bunyi,"Mendeteksi bunyi latar belakang, suara manusia di lingkungan sekitar yang terdengar secara tiba-tiba, suara manusia di lingkungan yang diperdengarkan secara langsung, suara kelompok kata, dan suara kalimat; mendiskriminasi berbagai macam bunyi termasuk bunyi bahasa, dua kata yang mengandung konsonan sengau dan letup dan dua kata yang mengandung konsonan letup dengan geser; mengidentifikasi bunyi sebagai sinyal yang pernah didiskriminasi; mengidentifikasi bunyi bahasa; mengomprehensi bunyi bahasa berupa kalimat perintah dan kalimat berita untuk komunikasi dengan menggunakan ABD atau tanpa ABD sebatas sisa pendengaran.",AUTO-119,https://kurikulum.kemendikdasmen.go.id/service/download.php?kategori=rujukan&id=119,extracted_machine
LO-PROGRAM-KEBUTUHAN-KHUSUS-PENGEMBANGAN-KOMUNIKASI-PERSEPSI-BUNYI-DAN-IRAMA-PKPBI-C-3.2,SD,C,"Program Kebutuhan Khusus Pengembangan Komunikasi, Persepsi Bunyi, dan Irama (pkpbi)",Persepsi Irama,"Mendeteksi irama dasar yaitu ketukan, irama, birama lagu 3/4, 4/4 dan 6/8 dan irama bahasa. Mendiskriminasi irama dasar dan irama bahasa melalui berbagai kegiatan membedakan berbagai macam irama dasar dan irama bahasa yaitu irama kalimat tanya dan kalimat berita; mengidentifikasi berbagai irama dasar maupun irama bahasa sesuai makna yang sebenarnya; melakukan komprehensi untuk dapat memanfaatkan irama dasar dan irama bahasa untuk berkomunikasi menggunakan ABD atau tanpa ABD sebatas sisa pendengaran.",AUTO-119,https://kurikulum.kemendikdasmen.go.id/service/download.php?kategori=rujukan&id=119,extracted_machine
LO-PROGRAM-KEBUTUHAN-KHUSUS-PENGEMBANGAN-KOMUNIKASI-PERSEPSI-BUNYI-DAN-IRAMA-PKPBI-C-3.3,SD,C,"Program Kebutuhan Khusus Pengembangan Komunikasi, Persepsi Bunyi, dan Irama (pkpbi)",Latihan Prawicara,"Melakukan latihan keterarahan wajah berupa latihan kemampuan kontak mata dan kontak wajah secara langsung atau menggunakan media cermin; melakukan keterarahan suara dalam latihan pengucapan kata atau bersuara; melakukan pelemasan organ wicara pada bagian bibir melalui berbagai kegiatan yaitu menggerakan bibir ke samping dan ke depan bergantian; membuka dan menutup bibir dengan gigi merapat dan rahang tertutup; memasukkan bibir dengan mulut terbuka, lalu dengan mulut tertutup; serta menguncupkan bibir dan menggerakkan ujungnya; melakukan pelemasan organ wicara pada bagian lidah melalui berbagai kegiatan yaitu senam lidah dengan menjulurkan lidah keluar lurus kiri dan kanan, masukkan ke dalam, lidah tekan ke pipi kiri dan kanan, rahang atas dan bawah, dan kegiatan lain yang dapat melemaskan organ bicara bibir; melakukan pelemasan organ wicara pada bagian gigi melalui kegiatan menunjukkan gigi, menggigit bibir bawah, dan menggerakkan gigi; melakukan pelemasan organ wicara rahang melalui kegiatan membuka dan menutup dengan gerakan yang lancar dan tepat; dan menggerakkan ke kiri dan ke kanan, lalu memutar secara horizontal; melakukan latihan pernapasan melalui kegiatan meniup lilin dengan jarak yang berbeda-beda; dan melakukan latihan pembentukan suara yaitu meraban, menyadarkan suara, merasakan getaran, melafalkan vokal bersuara, menirukan ucapan (huruf, suku kata, kata) pada huruf konsonan dorsovelar (/k/, /g/, /ng/, dan huruf konsonan palatal /c/, /j/, dan /ny/).",AUTO-119,https://kurikulum.kemendikdasmen.go.id/service/download.php?kategori=rujukan&id=119,extracted_machine
LO-PROGRAM-KEBUTUHAN-KHUSUS-PENGEMBANGAN-KOMUNIKASI-PERSEPSI-BUNYI-DAN-IRAMA-PKPBI-C-3.4,SD,C,"Program Kebutuhan Khusus Pengembangan Komunikasi, Persepsi Bunyi, dan Irama (pkpbi)",Latihan Pembentukan Fonem,"Melakukan latihan organ bicara yang mengandung konsonan palatal tak bersuara /c/; konsonan palatal hambat bersuara /j/; konsonan palatal tak bersuara /ny/; konsonan velar hambat tak bersuara /k/; konsonan velar hambat bersuara /g/; konsonan velar nasal bersuara /ng/; konsonan glottal frikatif bersuara /h/ untuk kemudian diterapkan pada pengucapan kata baik di awal, di tengah, maupun di akhir kata.",AUTO-119,https://kurikulum.kemendikdasmen.go.id/service/download.php?kategori=rujukan&id=119,extracted_machine
LO-PROGRAM-KEBUTUHAN-KHUSUS-PENGEMBANGAN-KOMUNIKASI-PERSEPSI-BUNYI-DAN-IRAMA-PKPBI-C-3.5,SD,C,"Program Kebutuhan Khusus Pengembangan Komunikasi, Persepsi Bunyi, dan Irama (pkpbi)",Pengembangan Komunikasi (Ekspresif dan Reseptif),"Mengucapkan kalimat-kalimat terkait materi kesiapsiagaan bencana (sign alami/gejala alam akan adanya bencana, akibat, ancaman yang akan terjadi, menggunakan alat dan benda untuk menyelamatkan diri sendiri, mencari pertolongan, dan cara-cara menjaga diri); materi tentang kesehatan reproduksi (kesetaraan gender dan materi pubertas); dan materi tentang cita-cita dan informasi-informasi aktual lainnya; dan melakukan latihan pengucapan sesuai dengan tekanan dan irama yang baik dan benar untuk berkomunikasi secara lisan, isyarat maupun komunikasi total dalam pembentukan jenis atau ragam kalimat tanya mengapa dan bagaimana dan kalimat berita dengan penggunaan pola Subjek, Predikat, Objek dan Keterangan (SPOK).",AUTO-119,https://kurikulum.kemendikdasmen.go.id/service/download.php?kategori=rujukan&id=119,extracted_machine
LO-PROGRAM-KEBUTUHAN-KHUSUS-PENGEMBANGAN-KOMUNIKASI-PERSEPSI-BUNYI-DAN-IRAMA-PKPBI-D-4.1,SMP,D,"Program Kebutuhan Khusus Pengembangan Komunikasi, Persepsi Bunyi, dan Irama (pkpbi)",Persepsi Bunyi,"Mendeteksi bunyi latar belakang, bunyi benda, bunyi alam sekitar, suara binatang di lingkungan sekitar, jumlah bunyi, sifat bunyi (cepat-lambat, panjang-pendek, keras-lemah dan tinggi-rendah), arah bunyi, suara nama hari, bulan, bilangan, suara manusia di lingkungan sekitar yang terdengar secara tiba-tiba, suara manusia di lingkungan yang diperdengarkan secara langsung, dan bunyi bahasa berupa fonem, nama panggilan, suara unsur suprasegmental (panjang-pendek, tinggi-rendah, keras-lemah, cepat-lambat) dan jumlah suku kata, konsonan dan kata benda, suara kelompok kata dan suara kalimat; mendiskriminasi berbagai macam bunyi termasuk bunyi bahasa yaitu kata yang kontras pada aspek bersuara-tak bersuara dan dua kata yang mengandung konsonan getar, dua kata yang mengandung konsonan sengau dan letup dan dua kata yang mengandung konsonan letup dengan geser; mengidentifikasi bunyi sebagai sinyal yang pernah didiskriminasi; mengidentifikasi bunyi bahasa dalam hal pernyataan betul, pernyataan ya, pernyataan sudah, kata ganti, kata perintah, kata kerja, pernyataan salah, pernyataan tidak, pernyataan belum dan kalimat tanya, kata keterangan, dan lawan kata; dan memanfaatkan bunyi yang telah diperoleh untuk komunikasi berupa kalimat perintah dan kalimat berita dengan menggunakan ABD atau tanpa ABD sebatas sisa pendengaran.",AUTO-119,https://kurikulum.kemendikdasmen.go.id/service/download.php?kategori=rujukan&id=119,extracted_machine
LO-PROGRAM-KEBUTUHAN-KHUSUS-PENGEMBANGAN-KOMUNIKASI-PERSEPSI-BUNYI-DAN-IRAMA-PKPBI-D-4.2,SMP,D,"Program Kebutuhan Khusus Pengembangan Komunikasi, Persepsi Bunyi, dan Irama (pkpbi)",Persepsi Irama,"Mendeteksi irama dasar yaitu ketukan irama 2/4, 3/4, 4/4 dan 6/8 serta irama bahasa; mendiskriminasi irama dasar dan irama bahasa melalui kegiatan membedakan berbagai macam irama dasar dan irama bahasa, misalnya: kalimat tanya, kalimat perintah, kalimat larangan, dan kalimat berita; mengidentifikasi berbagai irama dasar maupun irama bahasa sesuai makna yang sebenarnya; melakukan kegiatan komprehensi untuk dapat memanfaatkan irama dasar dan irama bahasa untuk berkomunikasi menggunakan ABD atau tanpa ABD sebatas sisa pendengaran.",AUTO-119,https://kurikulum.kemendikdasmen.go.id/service/download.php?kategori=rujukan&id=119,extracted_machine
LO-PROGRAM-KEBUTUHAN-KHUSUS-PENGEMBANGAN-KOMUNIKASI-PERSEPSI-BUNYI-DAN-IRAMA-PKPBI-D-4.3,SMP,D,"Program Kebutuhan Khusus Pengembangan Komunikasi, Persepsi Bunyi, dan Irama (pkpbi)",Latihan Prawicara,"Melakukan latihan keterarahan wajah berupa latihan kemampuan kontak mata dan kontak wajah secara langsung atau menggunakan media cermin; melakukan keterarahan suara dalam latihan pengucapan kata atau bersuara; melakukan pelemasan seluruh organ wicara pada bagian bibir, lidah, gigi, rahang, tenggorokan dan perut; melakukan latihan pernapasan melalui kegiatan meniup benda-benda kecil; melakukan latihan pembentukan suara yaitu meraban, menyadarkan suara, merasakan getaran; dan melafalkan vokal bersuara dan menirukan ucapan (huruf, suku kata, kata) pada seluruh huruf vokal dan konsonan.",AUTO-119,https://kurikulum.kemendikdasmen.go.id/service/download.php?kategori=rujukan&id=119,extracted_machine
LO-PROGRAM-KEBUTUHAN-KHUSUS-PENGEMBANGAN-KOMUNIKASI-PERSEPSI-BUNYI-DAN-IRAMA-PKPBI-D-4.4,SMP,D,"Program Kebutuhan Khusus Pengembangan Komunikasi, Persepsi Bunyi, dan Irama (pkpbi)",Latihan Pembentukan Fonem,"Melakukan latihan organ bicara yang mengandung vokal /a/, /i/, /u/, /e/, dan /o/, bilabial tak bersuara /p/; konsonan bilabial bersuara /b/, /m/, dan /w/; konsonan dental alveolar hambat tak bersuara /t/; konsonan dental alveolar bersuara /d/; konsonan lateral dental bersuara /l/; konsonan palatal alveolar semi vokal bersuara /y/; konsonan labiodental frikatif (desisi) tak bersuara /f/; konsonan dental frikatif (desis) tak bersuara /s/; konsonan dental frikatif (desis) bersuara /z/; konsonan dental getar bersuara /r/; konsonan palatal tak bersuara /c/; konsonan palatal hambat bersuara /j/; konsonan palatal tak bersuara /ny/; konsonan velar hambat tak bersuara /k/; konsonan velar hambat bersuara /g/; konsonan velar nasal bersuara /ng/; dan konsonan glottal frikatif bersuara /h/ untuk kemudian diterapkan pada pengucapan kata baik di awal, di tengah, maupun di akhir kata.",AUTO-119,https://kurikulum.kemendikdasmen.go.id/service/download.php?kategori=rujukan&id=119,extracted_machine
LO-PROGRAM-KEBUTUHAN-KHUSUS-PENGEMBANGAN-KOMUNIKASI-PERSEPSI-BUNYI-DAN-IRAMA-PKPBI-D-4.5,SMP,D,"Program Kebutuhan Khusus Pengembangan Komunikasi, Persepsi Bunyi, dan Irama (pkpbi)",Pengembangan Komunikasi (Ekspresif dan Reseptif),"Mengucapkan kalimat-kalimat mengenai materi kesiapsiagaan bencana (gejala alam akan adanya bencana, akibat, ancaman yang akan terjadi), menggunakan alat dan benda untuk menyelamatkan diri sendiri, mencari pertolongan, dan cara-cara menjaga diri, simbol penyelamatan, dan P3K; materi tentang kesehatan reproduksi (materi konsep laki-laki dan perempuan, kesetaraan gender, materi pubertas; dan informasi-informasi aktual lainnya); dan melakukan latihan pengucapan sesuai dengan tekanan dan irama yang baik dan benar untuk berkomunikasi secara lisan, isyarat maupun komunikasi total dalam pembentukan jenis atau ragam kalimat atau ragam kalimat baik dalam tahap penggunaan Subjek Predikat (SP) maupun dalam tahap Subjek, Predikat, Objek (SPO) dan Subjek, Predikat, Objek, Keterangan (SPOK) pada kalimat berita, kalimat tanya, dan kalimat perintah.",AUTO-119,https://kurikulum.kemendikdasmen.go.id/service/download.php?kategori=rujukan&id=119,extracted_machine
LO-PROGRAM-KEBUTUHAN-KHUSUS-PENGEMBANGAN-KOMUNIKASI-PERSEPSI-BUNYI-DAN-IRAMA-PKPBI-E-5.1,SMA,E,"Program Kebutuhan Khusus Pengembangan Komunikasi, Persepsi Bunyi, dan Irama (pkpbi)",Persepsi Bunyi,"Mendeteksi suara manusia, suara lambang bahasa kalimat, dan latar kondisi lingkungan kerja di lingkungan yang diperdengarkan secara langsung maupun rekaman; mendiskriminasi berbagai macam bunyi suara manusia, suara lambang bahasa kalimat, dan latar kondisi lingkungan kerja di lingkungan yang diperdengarkan secara langsung maupun rekaman; mengidentifikasi bunyi sebagai sinyal yang pernah didiskriminasi; mengidentifikasi bunyi bahasa dalam hal kata tanya mengapa dan bagaimana, kata keterangan dan lawan kata; memanfaatkan suara tersebut dalam berkomunikasi secara lisan, tulisan maupun isyarat baik menggunakan ABD atau tanpa ABD sebatas sisa pendengaran.",AUTO-119,https://kurikulum.kemendikdasmen.go.id/service/download.php?kategori=rujukan&id=119,extracted_machine
LO-PROGRAM-KEBUTUHAN-KHUSUS-PENGEMBANGAN-KOMUNIKASI-PERSEPSI-BUNYI-DAN-IRAMA-PKPBI-E-5.2,SMA,E,"Program Kebutuhan Khusus Pengembangan Komunikasi, Persepsi Bunyi, dan Irama (pkpbi)",Persepsi Irama,"Mendeteksi berbagai irama yaitu panjang-pendek, warna suara/timbre (tinggi-rendah suara), lagu sederhana dan irama bahasa baik secara langsung maupun rekaman; mendiskriminasi berbagai irama yaitu panjang-pendek, warna suara/timbre (tinggirendah suara), lagu sederhana dan irama bahasa baik secara langsung maupun rekaman; mengidentifikasi berbagai irama, panjang-pendek, warna suara/timbre (tinggi-rendah suara), lagu sederhana dan irama bahasa baik secara langsung maupun rekaman; dan mengomprehensi irama dan suara tersebut untuk berkomunikasi secara mandiri menggunakan lisan, tulisan, maupun isyarat.",AUTO-119,https://kurikulum.kemendikdasmen.go.id/service/download.php?kategori=rujukan&id=119,extracted_machine
LO-PROGRAM-KEBUTUHAN-KHUSUS-PENGEMBANGAN-KOMUNIKASI-PERSEPSI-BUNYI-DAN-IRAMA-PKPBI-E-5.3,SMA,E,"Program Kebutuhan Khusus Pengembangan Komunikasi, Persepsi Bunyi, dan Irama (pkpbi)",Latihan Prawicara,"melakukan kegiatan interaksi bersama teman untuk melatih konsentrasinya (keterarahan wajah dan keterarahan suara) dengan benar dan mandiri. Peserta didik melakukan latihan pelemasan bicara dan pernapasan dengan mandiri menggunakan berbagai alat yang tersedia di lingkunganya; melakukan latihan teknik bicara untuk berkomunikasi dengan mempertimbangkan artikulasi, tempo, dan irama baik langsung maupun menggunakan cermin secara mandiri.",AUTO-119,https://kurikulum.kemendikdasmen.go.id/service/download.php?kategori=rujukan&id=119,extracted_machine
LO-PROGRAM-KEBUTUHAN-KHUSUS-PENGEMBANGAN-KOMUNIKASI-PERSEPSI-BUNYI-DAN-IRAMA-PKPBI-E-5.4,SMA,E,"Program Kebutuhan Khusus Pengembangan Komunikasi, Persepsi Bunyi, dan Irama (pkpbi)",Latihan Pembentukan Fonem,Melakukan kegiatan komunikasi untuk membentuk kata yang mengandung konsonan palatal tak bersuara /ny/ dan konsonan velar nasal bersuara /ng/ serta membentuk kata yang mengandung konsonan kluser (konsonan double ) dan vokal kluser (vokal double ).,AUTO-119,https://kurikulum.kemendikdasmen.go.id/service/download.php?kategori=rujukan&id=119,extracted_machine
LO-PROGRAM-KEBUTUHAN-KHUSUS-PENGEMBANGAN-KOMUNIKASI-PERSEPSI-BUNYI-DAN-IRAMA-PKPBI-E-5.5,SMA,E,"Program Kebutuhan Khusus Pengembangan Komunikasi, Persepsi Bunyi, dan Irama (pkpbi)",Pengembangan Komunikasi (Ekspresif dan Reseptif),"Mengungkapkan keinginan secara lisan, tulisan, atau isyarat secara mandiri; melakukan kegiatan tanya jawab untuk menjawab pertanyaan secara lisan, tulisan ataupun isyarat dalam komunikasi; memaparkan tentang kesiapsiagaan (tanda-tanda alami bencana, penggunaan alat P3K dan pemulihan pasca bencana melalui kegiatan presentasi); dan mengungkap gagasan secara lisan tentang pubertas, kebersihan tubuh, relasi, kehamilan, dan melindungi diri dalam proses diskusi; dan membicarakan kejadian bencana yang aktual yang terjadi melalui interaksi dan komunikasi dengan temannya.",AUTO-119,https://kurikulum.kemendikdasmen.go.id/service/download.php?kategori=rujukan&id=119,extracted_machine
LO-PROGRAM-KEBUTUHAN-KHUSUS-PENGEMBANGAN-KOMUNIKASI-PERSEPSI-BUNYI-DAN-IRAMA-PKPBI-F-6.1,SMA,F,"Program Kebutuhan Khusus Pengembangan Komunikasi, Persepsi Bunyi, dan Irama (pkpbi)",Persepsi Bunyi,"Mendeteksi suara manusia, suara lambang bahasa kalimat, dan latar kondisi lingkungan kerja di lingkungan yang diperdengarkan secara langsung maupun rekaman; mendiskriminasi berbagai macam bunyi suara manusia, suara lambang bahasa kalimat, dan latar kondisi lingkungan kerja di lingkungan yang diperdengarkan secara langsung maupun rekaman; mengidentifikasi bunyi sebagai sinyal yang pernah didiskriminasi; mengidentifikasi bunyi bahasa dalam hal kata tanya mengapa dan bagaimana, kata keterangan dan lawan kata; dan memanfaatkan suara tersebut dalam berkomunikasi secara lisan, tulisan, maupun isyarat baik menggunakan ABD atau tanpa ABD sebatas sisa pendengaran.",AUTO-119,https://kurikulum.kemendikdasmen.go.id/service/download.php?kategori=rujukan&id=119,extracted_machine
LO-PROGRAM-KEBUTUHAN-KHUSUS-PENGEMBANGAN-KOMUNIKASI-PERSEPSI-BUNYI-DAN-IRAMA-PKPBI-F-6.2,SMA,F,"Program Kebutuhan Khusus Pengembangan Komunikasi, Persepsi Bunyi, dan Irama (pkpbi)",Persepsi Irama,"Mendeteksi berbagai irama yaitu panjang-pendek, warna suara/timbre (tinggi-rendah suara), lagu sederhana dan irama bahasa baik secara langsung maupun rekaman; mendiskriminasi berbagai irama, lagu sederhana, dan irama bahasa baik secara langsung maupun rekaman; mengidentifikasi berbagai irama lagu sederhana dan irama bahasa baik secara langsung maupun rekaman; dan mengomprehensi irama dan suara tersebut untuk berkomunikasi secara mandiri menggunakan lisan, tulisan maupun isyarat.",AUTO-119,https://kurikulum.kemendikdasmen.go.id/service/download.php?kategori=rujukan&id=119,extracted_machine
LO-PROGRAM-KEBUTUHAN-KHUSUS-PENGEMBANGAN-KOMUNIKASI-PERSEPSI-BUNYI-DAN-IRAMA-PKPBI-F-6.3,SMA,F,"Program Kebutuhan Khusus Pengembangan Komunikasi, Persepsi Bunyi, dan Irama (pkpbi)",Latihan Prawicara,"Melakukan kegiatan interaksi bersama teman untuk melatih konsentrasinya (keterarahan wajah dan keterarahan suara) dengan benar dan mandiri; melakukan latihan pelemasan bicara dan pernapasan dengan mandiri menggunakan berbagai alat yang tersedia di lingkunganya; dan melakukan latihan teknik bicara untuk berkomunikasi dengan mempertimbangkan artikulasi, tempo, dan irama baik langsung maupun menggunakan cermin secara mandiri.",AUTO-119,https://kurikulum.kemendikdasmen.go.id/service/download.php?kategori=rujukan&id=119,extracted_machine
LO-PROGRAM-KEBUTUHAN-KHUSUS-PENGEMBANGAN-KOMUNIKASI-PERSEPSI-BUNYI-DAN-IRAMA-PKPBI-F-6.4,SMA,F,"Program Kebutuhan Khusus Pengembangan Komunikasi, Persepsi Bunyi, dan Irama (pkpbi)",Latihan Pembentukan Fonem,Melakukan kegiatan komunikasi untuk membentuk kata yang mengandung konsonan palatal tak bersuara /ny/ dan konsonan velar nasal bersuara /ng/ serta membentuk kata yang mengandung konsonan kluser (konsonan double ) dan vokal kluser (vokal double ).,AUTO-119,https://kurikulum.kemendikdasmen.go.id/service/download.php?kategori=rujukan&id=119,extracted_machine
LO-PROGRAM-KEBUTUHAN-KHUSUS-PENGEMBANGAN-KOMUNIKASI-PERSEPSI-BUNYI-DAN-IRAMA-PKPBI-F-6.5,SMA,F,"Program Kebutuhan Khusus Pengembangan Komunikasi, Persepsi Bunyi, dan Irama (pkpbi)",Pengembangan Komunikasi (Ekspresif dan Reseptif),"Mengungkapkan keinginan secara lisan, tulisan, atau isyarat secara mandiri; melakukan kegiatan tanya jawab untuk menjawab pertanyaan secara lisan, tulisan, ataupun isyarat dalam komunikasi; memaparkan tentang kesiapsiagaan (tanda-tanda alami bencana, penggunaan alat P3K, dan pemulihan pasca bencana melalui kegiatan presentasi); mengungkapkan gagasan secara lisan tentang pubertas, kebersihan tubuh, relasi, kehamilan serta melindungi diri dalam proses diskusi; dan membicarakan kejadian yang aktual yang terjadi di sekitarnya melalui interaksi dan komunikasi dengan temannya.",AUTO-119,https://kurikulum.kemendikdasmen.go.id/service/download.php?kategori=rujukan&id=119,extracted_machine
LO-PROGRAM-KEBUTUHAN-KHUSUS-PENGEMBANGAN-DIRI-UNTUK-MURID-BERKEBUTUHAN-KHUSUS-HAMBATAN-INTELEKTUAL-TUNAGRAHITA-A-1.1,SD,A,Program Kebutuhan Khusus Pengembangan Diri untuk Murid Berkebutuhan Khusus Hambatan Intelektual/tunagrahita,Merawat Diri,"Menggunakan alat makan dan minum, makan dan minum dengan bantuan; menunjukkan anggota tubuh, peralatan mandi, cara mencuci tangan, dan cara penggunaan toilet.",AUTO-119,https://kurikulum.kemendikdasmen.go.id/service/download.php?kategori=rujukan&id=119,extracted_machine
LO-PROGRAM-KEBUTUHAN-KHUSUS-PENGEMBANGAN-DIRI-UNTUK-MURID-BERKEBUTUHAN-KHUSUS-HAMBATAN-INTELEKTUAL-TUNAGRAHITA-A-1.2,SD,A,Program Kebutuhan Khusus Pengembangan Diri untuk Murid Berkebutuhan Khusus Hambatan Intelektual/tunagrahita,Mengurus Diri,Melaksanakan aktivitas menanggalkan dan mengenakan pakaian dalam; mengidentifikasi peralatan merias diri.,AUTO-119,https://kurikulum.kemendikdasmen.go.id/service/download.php?kategori=rujukan&id=119,extracted_machine
LO-PROGRAM-KEBUTUHAN-KHUSUS-PENGEMBANGAN-DIRI-UNTUK-MURID-BERKEBUTUHAN-KHUSUS-HAMBATAN-INTELEKTUAL-TUNAGRAHITA-A-1.3,SD,A,Program Kebutuhan Khusus Pengembangan Diri untuk Murid Berkebutuhan Khusus Hambatan Intelektual/tunagrahita,Menolong Diri,"Mengidentifikasi benda-benda berbahaya, alat pelindung diri menguraikan bencana alam, alat dan benda untuk menyelamatkan diri, menampilkan kemampuan dalam mengemukakan identitas diri; dan mengidentifikasi kondisi tertentu yang membahayakan kesehatan dan keselamatan diri.",AUTO-119,https://kurikulum.kemendikdasmen.go.id/service/download.php?kategori=rujukan&id=119,extracted_machine
LO-PROGRAM-KEBUTUHAN-KHUSUS-PENGEMBANGAN-DIRI-UNTUK-MURID-BERKEBUTUHAN-KHUSUS-HAMBATAN-INTELEKTUAL-TUNAGRAHITA-A-1.4,SD,A,Program Kebutuhan Khusus Pengembangan Diri untuk Murid Berkebutuhan Khusus Hambatan Intelektual/tunagrahita,Komunikasi,Menggunakan simbol komunikasi nonverbal.,AUTO-119,https://kurikulum.kemendikdasmen.go.id/service/download.php?kategori=rujukan&id=119,extracted_machine
LO-PROGRAM-KEBUTUHAN-KHUSUS-PENGEMBANGAN-DIRI-UNTUK-MURID-BERKEBUTUHAN-KHUSUS-HAMBATAN-INTELEKTUAL-TUNAGRAHITA-A-1.5,SD,A,Program Kebutuhan Khusus Pengembangan Diri untuk Murid Berkebutuhan Khusus Hambatan Intelektual/tunagrahita,Sosialisasi,Menunjukkan keterampilan dalam beradaptasi dengan keluarga.,AUTO-119,https://kurikulum.kemendikdasmen.go.id/service/download.php?kategori=rujukan&id=119,extracted_machine
LO-PROGRAM-KEBUTUHAN-KHUSUS-PENGEMBANGAN-DIRI-UNTUK-MURID-BERKEBUTUHAN-KHUSUS-HAMBATAN-INTELEKTUAL-TUNAGRAHITA-A-1.6,SD,A,Program Kebutuhan Khusus Pengembangan Diri untuk Murid Berkebutuhan Khusus Hambatan Intelektual/tunagrahita,Keterampilan Sederhana,"Menampilkan kemampuan dalam mengambil dan menyimpan benda pada tempatnya; membedakan jenis uang kertas dan uang logam; mengidentifikasi tempat belanja, dan melaksanakan tugas dari pendidik.",AUTO-119,https://kurikulum.kemendikdasmen.go.id/service/download.php?kategori=rujukan&id=119,extracted_machine
LO-PROGRAM-KEBUTUHAN-KHUSUS-PENGEMBANGAN-DIRI-UNTUK-MURID-BERKEBUTUHAN-KHUSUS-HAMBATAN-INTELEKTUAL-TUNAGRAHITA-A-1.7,SD,A,Program Kebutuhan Khusus Pengembangan Diri untuk Murid Berkebutuhan Khusus Hambatan Intelektual/tunagrahita,Penggunaan Waktu Luang,Menggunakan waktu untuk beristirahat.,AUTO-119,https://kurikulum.kemendikdasmen.go.id/service/download.php?kategori=rujukan&id=119,extracted_machine
LO-PROGRAM-KEBUTUHAN-KHUSUS-PENGEMBANGAN-DIRI-UNTUK-MURID-BERKEBUTUHAN-KHUSUS-HAMBATAN-INTELEKTUAL-TUNAGRAHITA-B-2.1,SD,B,Program Kebutuhan Khusus Pengembangan Diri untuk Murid Berkebutuhan Khusus Hambatan Intelektual/tunagrahita,Merawat Diri,"Melaksanakan kegiatan makan menggunakan tangan dan minum menggunakan gelas dengan sikap yang baik; melakukan kegiatan mandi, menggosok gigi; dan melakukan kegiatan menggunakan toilet.",AUTO-119,https://kurikulum.kemendikdasmen.go.id/service/download.php?kategori=rujukan&id=119,extracted_machine
LO-PROGRAM-KEBUTUHAN-KHUSUS-PENGEMBANGAN-DIRI-UNTUK-MURID-BERKEBUTUHAN-KHUSUS-HAMBATAN-INTELEKTUAL-TUNAGRAHITA-B-2.2,SD,B,Program Kebutuhan Khusus Pengembangan Diri untuk Murid Berkebutuhan Khusus Hambatan Intelektual/tunagrahita,Mengurus Diri,"Menampilkan kemampuan dalam menanggalkan dan mengenakan pakaian luar (t-shirt), mengidentifikasi cara memilih pakaian dalam, menggunakan bedak (bagi Peserta didik perempuan); dan melaksanakan aktivitas menyisir rambut.",AUTO-119,https://kurikulum.kemendikdasmen.go.id/service/download.php?kategori=rujukan&id=119,extracted_machine
LO-PROGRAM-KEBUTUHAN-KHUSUS-PENGEMBANGAN-DIRI-UNTUK-MURID-BERKEBUTUHAN-KHUSUS-HAMBATAN-INTELEKTUAL-TUNAGRAHITA-B-2.3,SD,B,Program Kebutuhan Khusus Pengembangan Diri untuk Murid Berkebutuhan Khusus Hambatan Intelektual/tunagrahita,Menolong Diri,"Mengidentifikasi binatang buas dan jinak; menggunakan alat pelindung diri; mengidentifikasi tanda-tanda bencana alam, cara penggunaan alat/benda untuk menyelamatkan diri; melakukan upaya penyelamatan diri; mencari pertolongan pada orang dewasa terutama yang dikenal; mengenali identitas keluarga dan cara menjaga diri; mengenali cara mengatasi kondisi tertentu yang membahayakan kesehatan serta keselamatan diri.",AUTO-119,https://kurikulum.kemendikdasmen.go.id/service/download.php?kategori=rujukan&id=119,extracted_machine
LO-PROGRAM-KEBUTUHAN-KHUSUS-PENGEMBANGAN-DIRI-UNTUK-MURID-BERKEBUTUHAN-KHUSUS-HAMBATAN-INTELEKTUAL-TUNAGRAHITA-B-2.4,SD,B,Program Kebutuhan Khusus Pengembangan Diri untuk Murid Berkebutuhan Khusus Hambatan Intelektual/tunagrahita,Komunikasi,Menampilkan respon simbol komunikasi sederhana secara verbal dan nonverbal.,AUTO-119,https://kurikulum.kemendikdasmen.go.id/service/download.php?kategori=rujukan&id=119,extracted_machine
LO-PROGRAM-KEBUTUHAN-KHUSUS-PENGEMBANGAN-DIRI-UNTUK-MURID-BERKEBUTUHAN-KHUSUS-HAMBATAN-INTELEKTUAL-TUNAGRAHITA-B-2.5,SD,B,Program Kebutuhan Khusus Pengembangan Diri untuk Murid Berkebutuhan Khusus Hambatan Intelektual/tunagrahita,Sosialisasi,Melakukan orientasi dan adaptasi dengan lingkungan kelas.,AUTO-119,https://kurikulum.kemendikdasmen.go.id/service/download.php?kategori=rujukan&id=119,extracted_machine
LO-PROGRAM-KEBUTUHAN-KHUSUS-PENGEMBANGAN-DIRI-UNTUK-MURID-BERKEBUTUHAN-KHUSUS-HAMBATAN-INTELEKTUAL-TUNAGRAHITA-B-2.6,SD,B,Program Kebutuhan Khusus Pengembangan Diri untuk Murid Berkebutuhan Khusus Hambatan Intelektual/tunagrahita,Keterampilan Sederhana,Menggunakan alat komunikasi sederhana; mengidentifikasi warna dan gambar pada mata uang; mengidentifikasi jenis barang pada tempat belanja; dan melakukan tugas piket kebersihan.,AUTO-119,https://kurikulum.kemendikdasmen.go.id/service/download.php?kategori=rujukan&id=119,extracted_machine
LO-PROGRAM-KEBUTUHAN-KHUSUS-PENGEMBANGAN-DIRI-UNTUK-MURID-BERKEBUTUHAN-KHUSUS-HAMBATAN-INTELEKTUAL-TUNAGRAHITA-B-2.7,SD,B,Program Kebutuhan Khusus Pengembangan Diri untuk Murid Berkebutuhan Khusus Hambatan Intelektual/tunagrahita,Penggunaan Waktu Luang,melakukan permainan tradisional; dan melakukan kegiatan menonton acara di televisi/aplikasi/ website dengan pengawasan.,AUTO-119,https://kurikulum.kemendikdasmen.go.id/service/download.php?kategori=rujukan&id=119,extracted_machine
LO-PROGRAM-KEBUTUHAN-KHUSUS-PENGEMBANGAN-DIRI-UNTUK-MURID-BERKEBUTUHAN-KHUSUS-HAMBATAN-INTELEKTUAL-TUNAGRAHITA-C-3.1,SD,C,Program Kebutuhan Khusus Pengembangan Diri untuk Murid Berkebutuhan Khusus Hambatan Intelektual/tunagrahita,Merawat Diri,"Menerapkan keterampilan makan menggunakan alat (sendok dan garpu), minum menggunakan sedotan, minum menggunakan cangkir, makan dan minum secara mandiri; menerapkan kegiatan mencuci wajah; melaksanakan aktivitas menjaga kebersihan diri setelah buang air kecil dan besar; mengidentifikasi ciri-ciri pubertas secara fisik dan psikis pada laki-laki dan perempuan; dan menggunakan pembalut bagi wanita.",AUTO-119,https://kurikulum.kemendikdasmen.go.id/service/download.php?kategori=rujukan&id=119,extracted_machine
LO-PROGRAM-KEBUTUHAN-KHUSUS-PENGEMBANGAN-DIRI-UNTUK-MURID-BERKEBUTUHAN-KHUSUS-HAMBATAN-INTELEKTUAL-TUNAGRAHITA-C-3.2,SD,C,Program Kebutuhan Khusus Pengembangan Diri untuk Murid Berkebutuhan Khusus Hambatan Intelektual/tunagrahita,Mengurus Diri,Menerapkan keterampilan mengenakan dan menanggalkan pakaian berkancing; melakukan kegiatan melepas dan memakai sepatu tanpa tali; menggunakan ikat pinggang; dan melakukan aktivitas menata rambut.,AUTO-119,https://kurikulum.kemendikdasmen.go.id/service/download.php?kategori=rujukan&id=119,extracted_machine
LO-PROGRAM-KEBUTUHAN-KHUSUS-PENGEMBANGAN-DIRI-UNTUK-MURID-BERKEBUTUHAN-KHUSUS-HAMBATAN-INTELEKTUAL-TUNAGRAHITA-C-3.3,SD,C,Program Kebutuhan Khusus Pengembangan Diri untuk Murid Berkebutuhan Khusus Hambatan Intelektual/tunagrahita,Menolong Diri,"Mengidentifikasi dan menghindari tempat-tempat berbahaya; menggunakan alat pelindung diri secara mandiri, mengidentifikasi tanda atau simbol jalur evakuasi, titik kumpul, bunyi sirine/alarm tanda bahaya dengan bimbingan, melakukan penyelamatan diri dengan bimbingan, menggunakan alat dan benda untuk menyelamatkan diri sendiri atau dengan arahan pendidik/orang dewasa, mengenali identitas diri dan keluarga; melakukan simulasi cara mengatasi kondisi tertentu yang membahayakan kesehatan dan keselamatan diri dengan bimbingan.",AUTO-119,https://kurikulum.kemendikdasmen.go.id/service/download.php?kategori=rujukan&id=119,extracted_machine
LO-PROGRAM-KEBUTUHAN-KHUSUS-PENGEMBANGAN-DIRI-UNTUK-MURID-BERKEBUTUHAN-KHUSUS-HAMBATAN-INTELEKTUAL-TUNAGRAHITA-C-3.4,SD,C,Program Kebutuhan Khusus Pengembangan Diri untuk Murid Berkebutuhan Khusus Hambatan Intelektual/tunagrahita,Komunikasi,Melaksanakan kegiatan berkomunikasi dengan lingkungan terdekat secara verbal dan nonverbal.,AUTO-119,https://kurikulum.kemendikdasmen.go.id/service/download.php?kategori=rujukan&id=119,extracted_machine
LO-PROGRAM-KEBUTUHAN-KHUSUS-PENGEMBANGAN-DIRI-UNTUK-MURID-BERKEBUTUHAN-KHUSUS-HAMBATAN-INTELEKTUAL-TUNAGRAHITA-C-3.5,SD,C,Program Kebutuhan Khusus Pengembangan Diri untuk Murid Berkebutuhan Khusus Hambatan Intelektual/tunagrahita,Sosialisasi,melakukan orientasi dan adaptasi dengan lingkungan satuan pendidikan.,AUTO-119,https://kurikulum.kemendikdasmen.go.id/service/download.php?kategori=rujukan&id=119,extracted_machine
LO-PROGRAM-KEBUTUHAN-KHUSUS-PENGEMBANGAN-DIRI-UNTUK-MURID-BERKEBUTUHAN-KHUSUS-HAMBATAN-INTELEKTUAL-TUNAGRAHITA-C-3.6,SD,C,Program Kebutuhan Khusus Pengembangan Diri untuk Murid Berkebutuhan Khusus Hambatan Intelektual/tunagrahita,Keterampilan Sederhana,"mengidentifikasi nilai uang, berbelanja barang sesuai kebutuhan, dan berbagai jenis pekerjaan di lingkungan masyarakat.",AUTO-119,https://kurikulum.kemendikdasmen.go.id/service/download.php?kategori=rujukan&id=119,extracted_machine
LO-PROGRAM-KEBUTUHAN-KHUSUS-PENGEMBANGAN-DIRI-UNTUK-MURID-BERKEBUTUHAN-KHUSUS-HAMBATAN-INTELEKTUAL-TUNAGRAHITA-C-3.7,SD,C,Program Kebutuhan Khusus Pengembangan Diri untuk Murid Berkebutuhan Khusus Hambatan Intelektual/tunagrahita,Penggunaan Waktu Luang,memilih acara di televisi/aplikasi/ website dengan bimbingan.,AUTO-119,https://kurikulum.kemendikdasmen.go.id/service/download.php?kategori=rujukan&id=119,extracted_machine
LO-PROGRAM-KEBUTUHAN-KHUSUS-PENGEMBANGAN-DIRI-UNTUK-MURID-BERKEBUTUHAN-KHUSUS-HAMBATAN-INTELEKTUAL-TUNAGRAHITA-D-4.1,SMP,D,Program Kebutuhan Khusus Pengembangan Diri untuk Murid Berkebutuhan Khusus Hambatan Intelektual/tunagrahita,Merawat Diri,"Menunjukkan keterampilan dalam kegiatan makan makanan berkuah, minum minuman dalam kemasan; mengidentifikasi tata cara makan dan minum dengan sopan; menunjukkan keterampilan dalam membuat makanan dan minuman sederhana untuk diri sendiri,; menunjukkan keterampilan dalam menghidangkan makanan untuk diri sendiri; memelihara kebersihan tangan dan kaki; melaksanakan aktivitas mencuci rambut.",AUTO-119,https://kurikulum.kemendikdasmen.go.id/service/download.php?kategori=rujukan&id=119,extracted_machine
LO-PROGRAM-KEBUTUHAN-KHUSUS-PENGEMBANGAN-DIRI-UNTUK-MURID-BERKEBUTUHAN-KHUSUS-HAMBATAN-INTELEKTUAL-TUNAGRAHITA-D-4.2,SMP,D,Program Kebutuhan Khusus Pengembangan Diri untuk Murid Berkebutuhan Khusus Hambatan Intelektual/tunagrahita,Mengurus Diri,"Menunjukkan keterampilan dalam melepas dan memakai kaus kaki, melepas dan memakai sepatu bertali; dan menggunakan aksesoris anting, kalung, bandana (untuk murid perempuan),kalung, bandana (untuk murid perempuan), menggunakan kopiah, dan topi (untuk murid laki-laki).",AUTO-119,https://kurikulum.kemendikdasmen.go.id/service/download.php?kategori=rujukan&id=119,extracted_machine
LO-PROGRAM-KEBUTUHAN-KHUSUS-PENGEMBANGAN-DIRI-UNTUK-MURID-BERKEBUTUHAN-KHUSUS-HAMBATAN-INTELEKTUAL-TUNAGRAHITA-D-4.3,SMP,D,Program Kebutuhan Khusus Pengembangan Diri untuk Murid Berkebutuhan Khusus Hambatan Intelektual/tunagrahita,Menolong Diri,"Menampilkan keterampilan dalam upaya mengamankan diri dari benda-benda berbahaya (tajam, runcing, licin, dan panas); menggunakan alat pelindung diri sesuai kebutuhan secara mandiri, melaksanakan kegiatan untuk menghindari diri dari berbagai bentuk kekerasan seksual; mengidentifikasi tanda atau simbol jalur evakuasi, titik kumpul, bunyi sirine/alarm secara mandiri; mengidentifikasi cara melindungi diri dari bencana alam; membiasakan diri bersikap tenang dan berani, melakukan penyelamatan diri dengan bimbingan; menggunakan alat dan benda untuk menyelamatkan diri sendiri atau dengan arahan pendidik/orang dewasa; melakukan simulasi cara mengatasi kondisi tertentu yang membahayakan kesehatan dan keselamatan diri dengan bimbingan; melakukan kegiatan mengobati luka pada organ vital.",AUTO-119,https://kurikulum.kemendikdasmen.go.id/service/download.php?kategori=rujukan&id=119,extracted_machine
LO-PROGRAM-KEBUTUHAN-KHUSUS-PENGEMBANGAN-DIRI-UNTUK-MURID-BERKEBUTUHAN-KHUSUS-HAMBATAN-INTELEKTUAL-TUNAGRAHITA-D-4.4,SMP,D,Program Kebutuhan Khusus Pengembangan Diri untuk Murid Berkebutuhan Khusus Hambatan Intelektual/tunagrahita,Komunikasi,Melaksanakan kegiatan komunikasi secara verbal dan nonverbal di lingkungan satuan pendidikan dengan bimbingan.,AUTO-119,https://kurikulum.kemendikdasmen.go.id/service/download.php?kategori=rujukan&id=119,extracted_machine
LO-PROGRAM-KEBUTUHAN-KHUSUS-PENGEMBANGAN-DIRI-UNTUK-MURID-BERKEBUTUHAN-KHUSUS-HAMBATAN-INTELEKTUAL-TUNAGRAHITA-D-4.5,SMP,D,Program Kebutuhan Khusus Pengembangan Diri untuk Murid Berkebutuhan Khusus Hambatan Intelektual/tunagrahita,Sosialisasi,Melakukan orientasi dan adaptasi dengan lingkungan masyarakat.,AUTO-119,https://kurikulum.kemendikdasmen.go.id/service/download.php?kategori=rujukan&id=119,extracted_machine
LO-PROGRAM-KEBUTUHAN-KHUSUS-PENGEMBANGAN-DIRI-UNTUK-MURID-BERKEBUTUHAN-KHUSUS-HAMBATAN-INTELEKTUAL-TUNAGRAHITA-D-4.6,SMP,D,Program Kebutuhan Khusus Pengembangan Diri untuk Murid Berkebutuhan Khusus Hambatan Intelektual/tunagrahita,Keterampilan Sederhana,"Menggunakan peralatan masak; melaksanakan kegiatan pembuatan makanan sederhana; melaksanakan aktivitas menjaga kerapihan tempat tidur, menjaga kebersihan rumah; mengidentifikasi jenis uang elektronik; melaksanakan kegiatan berbelanja menggunakan uang sesuai dengan harga barang; melaksanakan aktivitas membuat produk tata boga sederhana, aktivitas membuat produk jahit, membuat produk dari bahan dasar tanah; dan melaksanakan aktivitas pembuatan produk souvenir sesuai dengan budaya setempat.",AUTO-119,https://kurikulum.kemendikdasmen.go.id/service/download.php?kategori=rujukan&id=119,extracted_machine
LO-PROGRAM-KEBUTUHAN-KHUSUS-PENGEMBANGAN-DIRI-UNTUK-MURID-BERKEBUTUHAN-KHUSUS-HAMBATAN-INTELEKTUAL-TUNAGRAHITA-D-4.7,SMP,D,Program Kebutuhan Khusus Pengembangan Diri untuk Murid Berkebutuhan Khusus Hambatan Intelektual/tunagrahita,Penggunaan Waktu Luang,Melaksanakan aktivitas mendengarkan musik; melakukan aktivitas yang berkaitan dengan seni dalam rangka melestarikan budaya; melakukan aktivitas yang berkaitan dengan olahraga.,AUTO-119,https://kurikulum.kemendikdasmen.go.id/service/download.php?kategori=rujukan&id=119,extracted_machine
LO-PROGRAM-KEBUTUHAN-KHUSUS-PENGEMBANGAN-DIRI-UNTUK-MURID-BERKEBUTUHAN-KHUSUS-HAMBATAN-INTELEKTUAL-TUNAGRAHITA-E-5.1,SMA,E,Program Kebutuhan Khusus Pengembangan Diri untuk Murid Berkebutuhan Khusus Hambatan Intelektual/tunagrahita,Merawat Diri,"Menunjukkan keterampilan dalam makan makanan kemasan; mengidentifikasi tata cara makan dan minum di tempat umum; mengembangkan keterampilan membuat makanan dan minuman untuk orang terdekat (pendidik dan teman), menunjukkan keterampilan dalam aktivitas menggunting kuku, dan memelihara diri saat menstruasi.",AUTO-119,https://kurikulum.kemendikdasmen.go.id/service/download.php?kategori=rujukan&id=119,extracted_machine
LO-PROGRAM-KEBUTUHAN-KHUSUS-PENGEMBANGAN-DIRI-UNTUK-MURID-BERKEBUTUHAN-KHUSUS-HAMBATAN-INTELEKTUAL-TUNAGRAHITA-E-5.2,SMA,E,Program Kebutuhan Khusus Pengembangan Diri untuk Murid Berkebutuhan Khusus Hambatan Intelektual/tunagrahita,Mengurus Diri,Mengenakan aksesoris pakaian; menata pakaian sesuai kebutuhan; melaksanakan aktivitas merias wajah untuk kegiatan sehari-hari; dan melaksanakan aktivitas merias wajah untuk acara pesta.,AUTO-119,https://kurikulum.kemendikdasmen.go.id/service/download.php?kategori=rujukan&id=119,extracted_machine
LO-PROGRAM-KEBUTUHAN-KHUSUS-PENGEMBANGAN-DIRI-UNTUK-MURID-BERKEBUTUHAN-KHUSUS-HAMBATAN-INTELEKTUAL-TUNAGRAHITA-E-5.3,SMA,E,Program Kebutuhan Khusus Pengembangan Diri untuk Murid Berkebutuhan Khusus Hambatan Intelektual/tunagrahita,Menolong Diri,"Melaksanakan upaya untuk menghindarkan diri dari binatang berbahaya dan berbagai bentuk kekerasan seksual; mengidentifikasi tanda alami/gejala alam akan adanya bencana; melaksanakan simulasi dan penyelamatan dengan bimbingan,; menggunakan alat dan benda untuk menyelamatkan diri sendiri secara mandiri, dan melaksanakan simulasi cara mengatasi kondisi tertentu yang membahayakan kesehatan serta keselamatan diri dengan mandiri.",AUTO-119,https://kurikulum.kemendikdasmen.go.id/service/download.php?kategori=rujukan&id=119,extracted_machine
LO-PROGRAM-KEBUTUHAN-KHUSUS-PENGEMBANGAN-DIRI-UNTUK-MURID-BERKEBUTUHAN-KHUSUS-HAMBATAN-INTELEKTUAL-TUNAGRAHITA-E-5.4,SMA,E,Program Kebutuhan Khusus Pengembangan Diri untuk Murid Berkebutuhan Khusus Hambatan Intelektual/tunagrahita,Komunikasi,Melaksanakan keterampilan berkomunikasi secara audio visual (dengan memanfaatkan media teknologi).,AUTO-119,https://kurikulum.kemendikdasmen.go.id/service/download.php?kategori=rujukan&id=119,extracted_machine
LO-PROGRAM-KEBUTUHAN-KHUSUS-PENGEMBANGAN-DIRI-UNTUK-MURID-BERKEBUTUHAN-KHUSUS-HAMBATAN-INTELEKTUAL-TUNAGRAHITA-E-5.5,SMA,E,Program Kebutuhan Khusus Pengembangan Diri untuk Murid Berkebutuhan Khusus Hambatan Intelektual/tunagrahita,Sosialisasi,Melakukan kegiatan sosial bersama masyarakat.,AUTO-119,https://kurikulum.kemendikdasmen.go.id/service/download.php?kategori=rujukan&id=119,extracted_machine
LO-PROGRAM-KEBUTUHAN-KHUSUS-PENGEMBANGAN-DIRI-UNTUK-MURID-BERKEBUTUHAN-KHUSUS-HAMBATAN-INTELEKTUAL-TUNAGRAHITA-E-5.6,SMA,E,Program Kebutuhan Khusus Pengembangan Diri untuk Murid Berkebutuhan Khusus Hambatan Intelektual/tunagrahita,Keterampilan Sederhana,"Mengimplementasikan upaya menjaga kebersihan satuan pendidikan, menjaga kebersihan dan kerapihan pakaian; menunjukkan keterampilan dalam memanfaatkan media sosial pada alat komunikasi; mengidentifikasi fungsi uang saat berbelanja secara offline/online ; dan mengidentifikasi pekerjaan dalam bidang jasa dan pekerjaan dalam bidang produk.",AUTO-119,https://kurikulum.kemendikdasmen.go.id/service/download.php?kategori=rujukan&id=119,extracted_machine
LO-PROGRAM-KEBUTUHAN-KHUSUS-PENGEMBANGAN-DIRI-UNTUK-MURID-BERKEBUTUHAN-KHUSUS-HAMBATAN-INTELEKTUAL-TUNAGRAHITA-E-5.7,SMA,E,Program Kebutuhan Khusus Pengembangan Diri untuk Murid Berkebutuhan Khusus Hambatan Intelektual/tunagrahita,Penggunaan Waktu Luang,"Melakukan kegiatan kursus, serta memilih tempat rekreasi.",AUTO-119,https://kurikulum.kemendikdasmen.go.id/service/download.php?kategori=rujukan&id=119,extracted_machine
LO-PROGRAM-KEBUTUHAN-KHUSUS-PENGEMBANGAN-DIRI-UNTUK-MURID-BERKEBUTUHAN-KHUSUS-HAMBATAN-INTELEKTUAL-TUNAGRAHITA-F-6.1,SMA,F,Program Kebutuhan Khusus Pengembangan Diri untuk Murid Berkebutuhan Khusus Hambatan Intelektual/tunagrahita,Merawat Diri,"Menunjukkan keterampilan dalam menghidangkan minuman dan makanan ringan untuk tamu serta menata peralatan makan di meja makan; menunjukkan keterampilan dalam memelihara kuku. Bagi peserta didik laki-laki mampu melaksanakan kegiatan mencukur kumis, jenggot, dan bulu lainnya, serta menjaga kebersihan dan kesehatan organ reproduksi; dan bagi murid perempuan mampu melaksanakan upaya menjaga kebersihan dan kesehatan organ kewanitaan.",AUTO-119,https://kurikulum.kemendikdasmen.go.id/service/download.php?kategori=rujukan&id=119,extracted_machine
LO-PROGRAM-KEBUTUHAN-KHUSUS-PENGEMBANGAN-DIRI-UNTUK-MURID-BERKEBUTUHAN-KHUSUS-HAMBATAN-INTELEKTUAL-TUNAGRAHITA-F-6.2,SMA,F,Program Kebutuhan Khusus Pengembangan Diri untuk Murid Berkebutuhan Khusus Hambatan Intelektual/tunagrahita,Mengurus Diri,Memadukan dan mengenakan pakaian sesuai kebutuhan; dan mengorganisasikan aksesoris sesuai acara yang akan dihadiri.,AUTO-119,https://kurikulum.kemendikdasmen.go.id/service/download.php?kategori=rujukan&id=119,extracted_machine
LO-PROGRAM-KEBUTUHAN-KHUSUS-PENGEMBANGAN-DIRI-UNTUK-MURID-BERKEBUTUHAN-KHUSUS-HAMBATAN-INTELEKTUAL-TUNAGRAHITA-F-6.3,SMA,F,Program Kebutuhan Khusus Pengembangan Diri untuk Murid Berkebutuhan Khusus Hambatan Intelektual/tunagrahita,Menolong Diri,"Menunjukkan upaya dalam menjaga keselamatan diri dalam penggunaan ruangan, naik turun tangga atau eskalator, dan menggunakan lift; mengidentifikasi tanda alami/gejala alam akan adanya bencana, melakukan simulasi dan penyelamatan; menggunakan alat dan benda untuk menyelamatkan diri sendiri, ; menentukan cara mengatasi kondisi tertentu yang membahayakan kesehatan dan keselamatan diri dengan mandiri.",AUTO-119,https://kurikulum.kemendikdasmen.go.id/service/download.php?kategori=rujukan&id=119,extracted_machine
LO-PROGRAM-KEBUTUHAN-KHUSUS-PENGEMBANGAN-DIRI-UNTUK-MURID-BERKEBUTUHAN-KHUSUS-HAMBATAN-INTELEKTUAL-TUNAGRAHITA-F-6.4,SMA,F,Program Kebutuhan Khusus Pengembangan Diri untuk Murid Berkebutuhan Khusus Hambatan Intelektual/tunagrahita,Komunikasi,Menggunakan bahasa sesuai etika.,AUTO-119,https://kurikulum.kemendikdasmen.go.id/service/download.php?kategori=rujukan&id=119,extracted_machine
LO-PROGRAM-KEBUTUHAN-KHUSUS-PENGEMBANGAN-DIRI-UNTUK-MURID-BERKEBUTUHAN-KHUSUS-HAMBATAN-INTELEKTUAL-TUNAGRAHITA-F-6.5,SMA,F,Program Kebutuhan Khusus Pengembangan Diri untuk Murid Berkebutuhan Khusus Hambatan Intelektual/tunagrahita,Sosialisasi,"Melakukan kerjasama di lingkungan keluarga, satuan pendidikan, dan masyarakat.",AUTO-119,https://kurikulum.kemendikdasmen.go.id/service/download.php?kategori=rujukan&id=119,extracted_machine
LO-PROGRAM-KEBUTUHAN-KHUSUS-PENGEMBANGAN-DIRI-UNTUK-MURID-BERKEBUTUHAN-KHUSUS-HAMBATAN-INTELEKTUAL-TUNAGRAHITA-F-6.6,SMA,F,Program Kebutuhan Khusus Pengembangan Diri untuk Murid Berkebutuhan Khusus Hambatan Intelektual/tunagrahita,Keterampilan Sederhana,"Membangun keterampilan dalam memelihara pakaian (menjahit kancing, dan lain-lain), memelihara kebersihan perabot rumah tangga, memgembangkan pemahaman kesadaran menghemat penggunaan energi (listrik dan air), menghemat pemakaian pulsa/kuota internet, dan penggunaan uang; mengembangkan keterampilan berbelanja dengan menggunakan aplikasi online, keterampilan dalam bidang jasa dan terampil dalam bidang produk; mengembangkan keterampilan memasarkan hasil produksi.",AUTO-119,https://kurikulum.kemendikdasmen.go.id/service/download.php?kategori=rujukan&id=119,extracted_machine
LO-PROGRAM-KEBUTUHAN-KHUSUS-PENGEMBANGAN-DIRI-UNTUK-MURID-BERKEBUTUHAN-KHUSUS-HAMBATAN-INTELEKTUAL-TUNAGRAHITA-F-6.7,SMA,F,Program Kebutuhan Khusus Pengembangan Diri untuk Murid Berkebutuhan Khusus Hambatan Intelektual/tunagrahita,Penggunaan Waktu Luang,"Menentukan aktivitas saat waktu luang; mempersiapkan kebutuhan rekreasi, melakukan aktivitas rekreasi dalam rangka mengenal ragam budaya, melakukan kegiatan sesuai dengan hobi; mengembangkan keterampilan memelihara hewan serta merawat tanaman.",AUTO-119,https://kurikulum.kemendikdasmen.go.id/service/download.php?kategori=rujukan&id=119,extracted_machine
LO-PROGRAM-KEBUTUHAN-KHUSUS-PENGEMBANGAN-DIRI-DAN-GERAK-UNTUK-MURID-BERKEBUTUHAN-KHUSUS-DENGAN-HAMBATAN-FISIK-TUNADAKSA-A-1.1,SD,A,Program Kebutuhan Khusus Pengembangan Diri dan Gerak untuk Murid Berkebutuhan Khusus dengan Hambatan Fisik/tunadaksa,"Gerak, Koordinasi dan Keseimbangan Tubuh dan Alat Bantu Gerak","Mengenal, menunjukkan dan menyebutkan anggota tubuh, mengenal berbagai arah (depan, belakang, kanan, kiri, atas dan bawah); mengenal berbagai arah sesuai mata angin (utara, selatan, barat dan timur), mengenal posisi, memposisikan tubuh (tegak, menghadap depan, menghadap kanan, menghadap kiri, dan tubuh belakang; mengangkat kepala dalam posisi tengkurap/duduk; mempertahankan kepala tegak dalam posisi duduk, merangkak dan berdiri, gerakan kepala dengan beban/benda diatas kepala, menggerakan kepala ke kanan dan ke kiri, keatas dan ke bawah, tengkleng; menggerakan kepala berputar ke kiri dan ke kanan, dan menggerakan kepala mengikuti irama; menggerakkan pergelangan tangan menggerakan jari, merobek tisu, mengangkat tangan ke atas, dan mengangkat tangan ke samping kanan dan kiri; menggerakkan kaki ke arah depan, berselonjoran, menekuk lutut, dan melipat kaki; mengangkat bahu naik turun, menggerakan bahu ke depan dan ke belakang dan bergerak sesuai dengan kemampuan.",AUTO-119,https://kurikulum.kemendikdasmen.go.id/service/download.php?kategori=rujukan&id=119,extracted_machine
LO-PROGRAM-KEBUTUHAN-KHUSUS-PENGEMBANGAN-DIRI-DAN-GERAK-UNTUK-MURID-BERKEBUTUHAN-KHUSUS-DENGAN-HAMBATAN-FISIK-TUNADAKSA-A-1.2,SD,A,Program Kebutuhan Khusus Pengembangan Diri dan Gerak untuk Murid Berkebutuhan Khusus dengan Hambatan Fisik/tunadaksa,"Merawat, Mengurus dan Menyelamatkan Diri Mengenal, memahami alat dan","fungsi kebersihan tubuh, mencuci tangan dan kaki, memelihara kebersihan tangan dan kaki, dan mencuci muka; menjaga kebersihan gigi dan membersihkan diri setelah buang air kecil dan air besar. Memahami dan mampu memakai dan melepas pakaian dalam, kemeja/blus, celana/rok; mengenal alat makan dan minum, makan menggunakan tangan dengan atau tanpa bantuan, dan minum menggunakan gelas atau cangkir; mengenal benda-benda berbahaya (tajam, runcing, licin dan panas); memahami bahaya api/kebakaran, menghindari bahaya api, menghindari menerima makanan/minuman dari orang yang tidak dikenal, dan mampu menghindari bahaya binatang.",AUTO-119,https://kurikulum.kemendikdasmen.go.id/service/download.php?kategori=rujukan&id=119,extracted_machine
LO-PROGRAM-KEBUTUHAN-KHUSUS-PENGEMBANGAN-DIRI-DAN-GERAK-UNTUK-MURID-BERKEBUTUHAN-KHUSUS-DENGAN-HAMBATAN-FISIK-TUNADAKSA-A-1.3,SD,A,Program Kebutuhan Khusus Pengembangan Diri dan Gerak untuk Murid Berkebutuhan Khusus dengan Hambatan Fisik/tunadaksa,"Berkomunikasi, Bersosialisasi dan Mengembangkan Kecakapan","Melakukan kontak mata, beradaptasi dalam percakapan sederhana, menyampaikan dan menerima pesan lisan sederhana; mengenal simbol-simbol bahasa sederhana dan mengenal keluarga inti; mengenal warga sekolah, alamat tempat tinggal; melaksanakan pergi dan pulang sekolah; melaksanakan kegiatan berbelanja ke warung/toko, dan mampu menerapkan kerapihan terhadap peralatan atau benda-benda yang ada di sekitarnya yang telah digunakan.",AUTO-119,https://kurikulum.kemendikdasmen.go.id/service/download.php?kategori=rujukan&id=119,extracted_machine
LO-PROGRAM-KEBUTUHAN-KHUSUS-PENGEMBANGAN-DIRI-DAN-GERAK-UNTUK-MURID-BERKEBUTUHAN-KHUSUS-DENGAN-HAMBATAN-FISIK-TUNADAKSA-B-2.1,SD,B,Program Kebutuhan Khusus Pengembangan Diri dan Gerak untuk Murid Berkebutuhan Khusus dengan Hambatan Fisik/tunadaksa,"Gerak, Koordinasi dan Keseimbangan Tubuh dan Alat Bantu Gerak","Mendorong benda (ringan), menarik benda (ringan), memukul benda dengan kepalan tangan, melipat kertas/kain (sederhana); meremas-remas benda; meraih benda di atas kepala; meluruskan posisi tumit; menggerakkan kaki ke arah kanan dan kiri, jongkok dengan berpegangan, berdiri; mengangkat tumit. mengayuh/meliukkan bahu ke kanan dan ke kiri, membungkuk ke depan dan ke belakang; meliukkan badan ke kanan dan ke kiri. Melaksanakan gerak pernapasan dada dengan irama/hitungan dan gerak pernapasan perut dengan irama/hitungan; melangkah dengan pola, melakukan gerakan melenggang dengan wajar dan benar, berjalan dengan merayap di dinding; mengambil benda dari tempat yang lebih tinggi dibawa ke tempat yang rendah/sebaliknya; merobek berbagai bahan, melipat/menempel kertas, mewarnai gambar, dan meronce manik-manik; meletakkan dan mengambil benda dengan berbagai posisi, benda (ringan) dari berbagai posisi, mengurutkan benda berdasarkan ukuran; menyusun berbagai balok kayu; membongkar/pasang, dan menyusun kepingan puzzle. 2.2. Merawat, Mengurus dan Menyelamatkan Diri Melaksanakan upaya untuk menjaga kebersihan mulut, hidung dan telinga; melaksanakan kegiatan mandi, memahami fungsinya dalam menjaga kesehatan tubuh serta berbagai peralatan yang diperlukan dalam melaksanakan kegiatan tersebut; melaksanakan tata cara pembersihan diri setelah buang air kecil dan air besar secara mandiri; memahami jenis kelamin laki-laki dan perempuan, penggunaan pakaian sesuai dengan jenis kelamin, pentingnya saling menjaga dan menghormati lawan jenis; memahami bagian tubuh yang boleh dan tidak boleh disentuh oleh orang lain; memahami cara dan memakai dan melepas kaos kaki dan sepatu termasuk sepatu tanpa tali; makan dengan menggunakan tangan atau anggota tubuh lain yang dapat difungsikan dengan mandiri; menggunakan sedotan untuk minum; melakukan pengamanan diri dari benda-benda berbahaya (benda tajam, runcing, licin, dan panas), melakukan upaya untuk menghindari bahaya banjir, menghindari ajakan atau bujukan orang asing/orang yang tidak dikenal, dan menghindari makan makanan berbahaya.",AUTO-119,https://kurikulum.kemendikdasmen.go.id/service/download.php?kategori=rujukan&id=119,extracted_machine
LO-PROGRAM-KEBUTUHAN-KHUSUS-PENGEMBANGAN-DIRI-DAN-GERAK-UNTUK-MURID-BERKEBUTUHAN-KHUSUS-DENGAN-HAMBATAN-FISIK-TUNADAKSA-B-2.3,SD,B,Program Kebutuhan Khusus Pengembangan Diri dan Gerak untuk Murid Berkebutuhan Khusus dengan Hambatan Fisik/tunadaksa,"Berkomunikasi, Bersosialisasi dan Mengembangkan Kecakapan","Melakukan tanya jawab, bermain peran, memahami keterampilan komunikasi non-verbal; melaksanakan keterampilan berbicara menggunakan kata-kata positif dan singkat; menunjukkan keterampilan menyampaikan dan menerima pesan lisan, melaksanakan keterampilan membeli barang sesuai kebutuhan; mengenal saudara dari ayah dan ibu, menunjukkan kemampuan bercerita kepada orang tua; melakukan aktivitas bepergian bersama keluarga; melaksanakan kegiatan satuan secara mandiri, dan menerapkan aktivitas menjaga kerapihan; dan kebersihan tempat tidur dan kamar.",AUTO-119,https://kurikulum.kemendikdasmen.go.id/service/download.php?kategori=rujukan&id=119,extracted_machine
LO-PROGRAM-KEBUTUHAN-KHUSUS-PENGEMBANGAN-DIRI-DAN-GERAK-UNTUK-MURID-BERKEBUTUHAN-KHUSUS-DENGAN-HAMBATAN-FISIK-TUNADAKSA-C-3.1,SD,C,Program Kebutuhan Khusus Pengembangan Diri dan Gerak untuk Murid Berkebutuhan Khusus dengan Hambatan Fisik/tunadaksa,"Gerak, Koordinasi dan Keseimbangan Tubuh dan Alat Bantu Gerak","Menunjukkan keterampilan dalam meraih benda samping kanan, kiri, depan dan belakang; keterampilan berjalan di tempat dengan berpegangan, berjalan dengan/tanpa bantuan; keterampilan berjalan dengan alat bantu; keterampilan naik/turun ke/dari kursi roda, dan mengayuh roda sendiri; keterampilan berjalan dengan membawa benda (ringan); keterampilan berjalan dengan mendorong sesuatu (kursi roda); keterampilan menendang bola (kecil), keterampilan memasukkan bola ke keranjang/sasaran (besar), keterampilan merangkak masuk terowongan, melempar bola, menangkap bola, memukul benda dengan alat; menunjukkan keterampilan memukul benda dengan tangan; melaksanakan keterampilan menulis, menggunting (tisu, kertas, plastik atau kain), melaksanakan kemampuan memasukkan benang pada jarum, dan mengambil benda dari berbagai posisi jurusan/letak. Menunjukkan keterampilan untuk melangkahkan kaki dalam berbagai pola dan bentuk, menendang bola berbagai ukuran; dan menunjukkan keterampilan memasang dan melepas alat bantu gerak yang melekat pada tubuh. 3.2. Merawat, Mengurus dan Menyelamatkan Diri Memahami jenis peralatan merawat kuku tangan dan kuku kaki; memahami masa pubertas serta memahami upaya menghindari bahaya perundungan; Memahami jenis dan fungsi peralatan dan mencuci rambut; menunjukkan keterampilan mencuci rambut melaksanakan keterampilan menyisir, dan mengikat rambut; memahami cara dan manfaat memakai pelindung kepala, menggunakan dan melepas pelindung kepala, menggunakan sepatu tali; menggunakan dan melepas dasi sebagai atribut seragam sekolah; memahami cara makan dengan menggunakan alat dan makan dengan menggunakan alat makan; memahami dan menghindari bahaya listrik; bahaya kendaraan, dan tempat-tempat yang membahayakan diri; dan memahami masa pubertas, serta bahaya perundungan.",AUTO-119,https://kurikulum.kemendikdasmen.go.id/service/download.php?kategori=rujukan&id=119,extracted_machine
LO-PROGRAM-KEBUTUHAN-KHUSUS-PENGEMBANGAN-DIRI-DAN-GERAK-UNTUK-MURID-BERKEBUTUHAN-KHUSUS-DENGAN-HAMBATAN-FISIK-TUNADAKSA-C-3.3,SD,C,Program Kebutuhan Khusus Pengembangan Diri dan Gerak untuk Murid Berkebutuhan Khusus dengan Hambatan Fisik/tunadaksa,"Berkomunikasi, Bersosialisasi dan Mengembangkan Kecakapan Hidup","Melakukan diskusi sederhana secara langsung, berkomunikasi dengan menggunakan alat komunikasi; menunjukkan berkomunikasi dengan menggunakan bahasa yang sopan dan santun; mengenal tetangga terdekat dan orang-orang disekitarnya; memahami tugas sebagai peserta didik di sekolah; menggunakan gawai dengan bijak; dan melakukan aktivitas menjaga kebersihan meja makan dan meja belajar, peralatan lainnya di rumah.",AUTO-119,https://kurikulum.kemendikdasmen.go.id/service/download.php?kategori=rujukan&id=119,extracted_machine
LO-PROGRAM-KEBUTUHAN-KHUSUS-PENGEMBANGAN-DIRI-DAN-GERAK-UNTUK-MURID-BERKEBUTUHAN-KHUSUS-DENGAN-HAMBATAN-FISIK-TUNADAKSA-D-4.1,SMP,D,Program Kebutuhan Khusus Pengembangan Diri dan Gerak untuk Murid Berkebutuhan Khusus dengan Hambatan Fisik/tunadaksa,"Gerak, Koordinasi dan Keseimbangan Tubuh dan Alat Bantu Gerak","Menunjukkan keterampilan mendorong benda (sedang); keterampilan menarik benda (sedang), keterampilan memotong benda dengan pisau/gunting (lurus), keterampilan melipat kertas/kain (lurus). Melaksanakan kegiatan berjalan di tempat tanpa berpegangan, berjalan dengan/tanpa bantuan, berjalan dengan cepat, berjalan sendiri tanpa bantuan alat menuju sasaran; melaksanakan aktivitas naik/turun tangga dengan alat bantu jalan, naik/turun ke/dari kursi roda, dan mengayuh roda sendiri; melaksanakan aktivitas berjalan dengan membawa benda (sedang) dan berjalan dengan mendorong alat bantu; melaksanakan aktivitas menendang bola (sedang), aktivitas memasukkan bola ke keranjang/sasaran (sedang), aktivitas melempar bola (sedang) ke dalam keranjang; menunjukkan keterampilan untuk melangkahkan kaki dalam berbagai pola dan bentuk; melaksanakan aktivitas menendang bola (sedang dan besar), menahan bola; dan menggunakan alat bantu yang bergerak dan alat bantu yang sesuai dengan kebutuhan masing-masing.",AUTO-119,https://kurikulum.kemendikdasmen.go.id/service/download.php?kategori=rujukan&id=119,extracted_machine
LO-PROGRAM-KEBUTUHAN-KHUSUS-PENGEMBANGAN-DIRI-DAN-GERAK-UNTUK-MURID-BERKEBUTUHAN-KHUSUS-DENGAN-HAMBATAN-FISIK-TUNADAKSA-D-4.2,SMP,D,Program Kebutuhan Khusus Pengembangan Diri dan Gerak untuk Murid Berkebutuhan Khusus dengan Hambatan Fisik/tunadaksa,"Merawat, Mengurus dan Menyelamatkan Diri Memahami fungsi dan memelihara kebersihan","toilet; menggunakan toilet, menerapkan aktivitas untuk menghemat air; memahami fungsi dan menggunakan pembalut wanita; memahami kesehatan reproduksi remaja; menunjukkan kemampuan untuk merias wajah sederhana, menggunakan deodoran; memahami cara menggunakan alat untuk beribadah; menunjukkan kemampuan untuk memakai dan melepas pakaian yang akan digunakan dalam beribadah; menunjukkan keterampilan untuk memasang dan melepas kancing baju/Velcro/resleting; memahami dan dapat menujukkan kemampuan untuk makan berbagai makanan berkuah; memahami cara dan dapat melaksanakan aktivitas membersihkan peralatan makan; memahami dan dapat menghindari bahaya gempa; memahami jenis obat luka, dan dapat melaksanakan proses mengobati luka; memahami dan menghindari jenis hewan berbahaya; dan memahami berbagai jenis pelecehan.",AUTO-119,https://kurikulum.kemendikdasmen.go.id/service/download.php?kategori=rujukan&id=119,extracted_machine
LO-PROGRAM-KEBUTUHAN-KHUSUS-PENGEMBANGAN-DIRI-DAN-GERAK-UNTUK-MURID-BERKEBUTUHAN-KHUSUS-DENGAN-HAMBATAN-FISIK-TUNADAKSA-D-4.3,SMP,D,Program Kebutuhan Khusus Pengembangan Diri dan Gerak untuk Murid Berkebutuhan Khusus dengan Hambatan Fisik/tunadaksa,"Berkomunikasi, Bersosialisasi dan Mengembangkan Kecakapan Hidup","Menunjukkan kemampuan berkomunikasi dengan orang-orang di sekitarnya, menerima tamu, berkomunikasi melalui video call , berkomunikasi dengan menggunakan nada suara yang ramah; menunjukan kemampuan untuk menjaga sikap tubuh tetap sopan; Menunjukkan kemampuan untuk dapat mengkombinasikan komunikasi verbal dan nonverbal; melakukan kegiatan menulis pesan atau surat sederhana analog/digital; Melakukan kegiatan membaca buku majalah analog/digital, kegiatan bercerita kepada teman dan pendidik secara sederhana; dan menerapkan aktivitas mengumpulkan dan mencuci pakaian kotor; dan menunjukkan kemampuan melipat dan menyetrika pakaian.",AUTO-119,https://kurikulum.kemendikdasmen.go.id/service/download.php?kategori=rujukan&id=119,extracted_machine
LO-PROGRAM-KEBUTUHAN-KHUSUS-PENGEMBANGAN-DIRI-DAN-GERAK-UNTUK-MURID-BERKEBUTUHAN-KHUSUS-DENGAN-HAMBATAN-FISIK-TUNADAKSA-E-5.1,SMA,E,Program Kebutuhan Khusus Pengembangan Diri dan Gerak untuk Murid Berkebutuhan Khusus dengan Hambatan Fisik/tunadaksa,"Gerak, koordinasi dan Keseimbangan Tubuh dan Alat Bantu Gerak","Menunjukkan keterampilan mendorong benda (berat), menarik benda (berat), memotong benda dengan pisau/gunting (pola), melipat kertas/kain (berpola), berjalan tanpa bantuan, serta naik dan turun tangga tanpa berpegangan; melakukan aktivitas berjalan dengan membawa benda (berat), berpindah ke dan dari kursi roda, mengayuh/mendorong kursi roda sendiri, dan berjalan dengan mendorong alat bantu; melakukan kegiatan menendang bola (berbagai ukuran), memasukkan bola ke keranjang/sasaran (besar), memasukkan bola (besar), dan melempar bola (besar) ke dalam keranjang; dan melakukan kegiatan penyimpanan benda sesuai dengan tempatnya. 5.2. Merawat, Mengurus dan Menyelamatkan Diri Memahami pentingnya kesehatan organ reproduksi; memahami jenis dan memakai pakaian sesuai dengan peruntukannya; menggunakan minyak wangi, memahami pentingnya mencukur rambut kumis dan jenggot; memahami cara memelihara kebersihan kulit dan wajah; menerapkan disiplin waktu makan; memahami jenis makanan; memahami dan menghindari bahaya api/kebakaran/gas elpiji; menunjukkan keterampilan dalam menjaga keselamatan dalam ruangan/tempat yang membahayakan; dan memahami cara naik dan turun tangga/ lift/ eskalator dengan menggunakan alat bantu, naik dan turun tangga/lift/eskalator tanpa alat bantu dengan memperhatikan keselamatan diri.",AUTO-119,https://kurikulum.kemendikdasmen.go.id/service/download.php?kategori=rujukan&id=119,extracted_machine
LO-PROGRAM-KEBUTUHAN-KHUSUS-PENGEMBANGAN-DIRI-DAN-GERAK-UNTUK-MURID-BERKEBUTUHAN-KHUSUS-DENGAN-HAMBATAN-FISIK-TUNADAKSA-E-5.3,SMA,E,Program Kebutuhan Khusus Pengembangan Diri dan Gerak untuk Murid Berkebutuhan Khusus dengan Hambatan Fisik/tunadaksa,"Berkomunikasi, Bersosialisasi dan Mengembangkan Kecakapan Hidup","Melakukan tanya jawab, bermain peran, bercerita kepada orang tua, menyampaikan dan menerima pesan suara ( voice note ); melakukan komunikasi tertulis dengan menggunakan aplikasi menyampaikan informasi dengan jelas, Menunjukkan aktivitas mendengarkan dengan aktif, mengajukan pertanyaan dengan singkat, dan menyampaikan hal berupa fakta; melaksanakan keterampilan merapikan peralatan memasak, dan melaksanakan kegiatan memasak makanan sederhana.",AUTO-119,https://kurikulum.kemendikdasmen.go.id/service/download.php?kategori=rujukan&id=119,extracted_machine
LO-PROGRAM-KEBUTUHAN-KHUSUS-PENGEMBANGAN-DIRI-DAN-GERAK-UNTUK-MURID-BERKEBUTUHAN-KHUSUS-DENGAN-HAMBATAN-FISIK-TUNADAKSA-F-6.1,SMA,F,Program Kebutuhan Khusus Pengembangan Diri dan Gerak untuk Murid Berkebutuhan Khusus dengan Hambatan Fisik/tunadaksa,"Gerak, koordinasi dan Keseimbangan Tubuh dan Alat Bantu Gerak","Melaksanakan aktivitas menggerakkan kepala sesuai irama musik; melakukan gerakan tangan, melipat kain, kertas, dan plastik; melakukan gerakan memutar pinggang ke kanan dan ke kiri; melakukan gerak keseimbangan tubuh; menggunakan alat bantu, melaksanakan kegiatan berjalan, berlari; menunjukkan keterampilan menyimpan benda sesuai dengan tempatnya, posisi duduk sila, memukul benda sesuai sasaran dengan tongkat (sesuai instruksi), menunjukkan keterampilan menendang bola berbagai ukuran, menendang bola ke gawang; Melaksanakan aktivitas memasang dan melepas alat bantu.",AUTO-119,https://kurikulum.kemendikdasmen.go.id/service/download.php?kategori=rujukan&id=119,extracted_machine
LO-PROGRAM-KEBUTUHAN-KHUSUS-PENGEMBANGAN-DIRI-DAN-GERAK-UNTUK-MURID-BERKEBUTUHAN-KHUSUS-DENGAN-HAMBATAN-FISIK-TUNADAKSA-F-6.2,SMA,F,Program Kebutuhan Khusus Pengembangan Diri dan Gerak untuk Murid Berkebutuhan Khusus dengan Hambatan Fisik/tunadaksa,"Merawat, Mengurus dan Menyelamatkan Diri Memahami jenis peralatan peserta didik","merawat kuku tangan dan kuku kaki; memahami masa pubertas, memahami upaya untuk menghindari bahaya perundungan; memahami jenis fungsi peralatan mencuci rambut; melaksanakan kegiatan mencuci rambut, menyisir, dan mengikat rambut; memahami cara dan manfaat memakai pelindung kepala, memakai dan melepas pelindung kepala; menggunakan sepatu tali; menggunakan dan melepas dasi sebagai atribut seragam sekolah; memahami cara makan, penggunaan alat dan melaksanakan kegiatan makan; memahami dan menghindari bahaya listrik; memahami bahaya kendaraan, menghindari tempat-tempat yang membahayakan diri; dan memahami masa pubertas serta bahaya perundungan.",AUTO-119,https://kurikulum.kemendikdasmen.go.id/service/download.php?kategori=rujukan&id=119,extracted_machine
LO-PROGRAM-KEBUTUHAN-KHUSUS-PENGEMBANGAN-DIRI-DAN-GERAK-UNTUK-MURID-BERKEBUTUHAN-KHUSUS-DENGAN-HAMBATAN-FISIK-TUNADAKSA-F-6.3,SMA,F,Program Kebutuhan Khusus Pengembangan Diri dan Gerak untuk Murid Berkebutuhan Khusus dengan Hambatan Fisik/tunadaksa,"Berkomunikasi, Bersosialisasi dan Mengembangkan Kecakapan Hidup","Melakukan diskusi sederhana, membeli barang sesuai kebutuhan, menghindari gosip dan topik kontroversi, pemberian umpan balik, dan melakukan diplomasi; menunjukkan keterampilan berkomunikasi dengan tidak menyinggung SARA, mengontrol emosi ketika berkomunikasi; menunjukkan keterampilan menulis dan mengirimkan email; memahami cara berkomunikasi di sosial media dengan bijak, menggunakan gawai dengan bijak; dan menunjukkan keterampilan dalam merawat hewan peliharaan serta merawat tanaman.",AUTO-119,https://kurikulum.kemendikdasmen.go.id/service/download.php?kategori=rujukan&id=119,extracted_machine
LO-PROGRAM-KEBUTUHAN-KHUSUS-PENGEMBANGAN-INTERAKSI-SOSIAL-KOMUNIKASI-DAN-PERILAKU-PESERTA-DIDIK-BERKEBUTUHAN-KHUSUS-DENGAN-AUTISME-A-1.2,SD,A,"Program Kebutuhan Khusus Pengembangan Interaksi Sosial, Komunikasi, dan Perilaku Peserta Didik Berkebutuhan Khusus dengan Autisme",Komunikasi Memahami instruksi sederhana/perintah satu,"tahap (diam, duduk, berdiri, dsb), mengenal nama; dan menunjukkan kemampuan dalam memberikan respon ketika dipanggil/disebut baik secara bahasa lisan maupun bahasa tubuh (gestur); dan dapat melakukan keterampilan meniru bunyi/kata/kalimat sederhana.",AUTO-119,https://kurikulum.kemendikdasmen.go.id/service/download.php?kategori=rujukan&id=119,extracted_machine
LO-PROGRAM-KEBUTUHAN-KHUSUS-PENGEMBANGAN-INTERAKSI-SOSIAL-KOMUNIKASI-DAN-PERILAKU-PESERTA-DIDIK-BERKEBUTUHAN-KHUSUS-DENGAN-AUTISME-A-1.3,SD,A,"Program Kebutuhan Khusus Pengembangan Interaksi Sosial, Komunikasi, dan Perilaku Peserta Didik Berkebutuhan Khusus dengan Autisme",Perilaku,"Mengenali perilaku kooperatif dan tidak kooperatif, aturan dan tata nilai di berbagai lingkungan, dan mengenali beragam ungkapan emosi.",AUTO-119,https://kurikulum.kemendikdasmen.go.id/service/download.php?kategori=rujukan&id=119,extracted_machine
LO-PROGRAM-KEBUTUHAN-KHUSUS-PENGEMBANGAN-INTERAKSI-SOSIAL-KOMUNIKASI-DAN-PERILAKU-PESERTA-DIDIK-BERKEBUTUHAN-KHUSUS-DENGAN-AUTISME-A-1.4,SD,A,"Program Kebutuhan Khusus Pengembangan Interaksi Sosial, Komunikasi, dan Perilaku Peserta Didik Berkebutuhan Khusus dengan Autisme",Sensomotorik,"Mengenali berbagai stimulasi indera penglihatan (visual), stimulasi indera pendengaran (auditory), stimulasi indera penciuman (olfactory), stimulasi indera pengecap (gustatory), stimulasi indera peraba (tactile); mengenali gerakan dasar koordinasi otot serta persendian (proprioseptif); dan menirukan gerakan motorik halus dan kasar.",AUTO-119,https://kurikulum.kemendikdasmen.go.id/service/download.php?kategori=rujukan&id=119,extracted_machine
LO-PROGRAM-KEBUTUHAN-KHUSUS-PENGEMBANGAN-INTERAKSI-SOSIAL-KOMUNIKASI-DAN-PERILAKU-PESERTA-DIDIK-BERKEBUTUHAN-KHUSUS-DENGAN-AUTISME-A-1.5,SD,A,"Program Kebutuhan Khusus Pengembangan Interaksi Sosial, Komunikasi, dan Perilaku Peserta Didik Berkebutuhan Khusus dengan Autisme",Kemandirian,"Mengenali kegiatan toilet training (mencuci tangan, menggosok gigi, mandi, Buang Air Kecil (BAK), Buang Air Besar (BAB), dan yang lainnya dengan benar; mengenal cara makan dan minum dengan baik, cara berpakaian; dan mengenal protokol kesehatan.",AUTO-119,https://kurikulum.kemendikdasmen.go.id/service/download.php?kategori=rujukan&id=119,extracted_machine
LO-PROGRAM-KEBUTUHAN-KHUSUS-PENGEMBANGAN-INTERAKSI-SOSIAL-KOMUNIKASI-DAN-PERILAKU-PESERTA-DIDIK-BERKEBUTUHAN-KHUSUS-DENGAN-AUTISME-B-2.1,SD,B,"Program Kebutuhan Khusus Pengembangan Interaksi Sosial, Komunikasi, dan Perilaku Peserta Didik Berkebutuhan Khusus dengan Autisme",Interaksi Sosial,Memahami aturan sederhana dalam kegiatan berinteraksi sosial (boleh/tidak boleh dilakukan); dan memilih kegiatan yang diminati/disukai.,AUTO-119,https://kurikulum.kemendikdasmen.go.id/service/download.php?kategori=rujukan&id=119,extracted_machine
LO-PROGRAM-KEBUTUHAN-KHUSUS-PENGEMBANGAN-INTERAKSI-SOSIAL-KOMUNIKASI-DAN-PERILAKU-PESERTA-DIDIK-BERKEBUTUHAN-KHUSUS-DENGAN-AUTISME-B-2.2,SD,B,"Program Kebutuhan Khusus Pengembangan Interaksi Sosial, Komunikasi, dan Perilaku Peserta Didik Berkebutuhan Khusus dengan Autisme",Komunikasi,"Memahami instruksi/perintah lebih dari satu tahap (ambil kursi lalu duduk), menunjukkan keterampilan untuk mengungkapkan bahasa (verbal/nonverbal) ketika menginginkan atau menolak sesuatu; menunjukkan kemampuan dalam menjawab kabar sesuai dengan kondisi yang terjadi; melaksanakan keterampilan memberi salam pada saat bertemu orang lain; dan memahami kata serta simbol berbahasa Indonesia yang digunakan di rumah (anggota keluarga, kata benda, nama ruangan, dan sebagainya).",AUTO-119,https://kurikulum.kemendikdasmen.go.id/service/download.php?kategori=rujukan&id=119,extracted_machine
LO-PROGRAM-KEBUTUHAN-KHUSUS-PENGEMBANGAN-INTERAKSI-SOSIAL-KOMUNIKASI-DAN-PERILAKU-PESERTA-DIDIK-BERKEBUTUHAN-KHUSUS-DENGAN-AUTISME-B-2.3,SD,B,"Program Kebutuhan Khusus Pengembangan Interaksi Sosial, Komunikasi, dan Perilaku Peserta Didik Berkebutuhan Khusus dengan Autisme",Perilaku,"Menunjukkan perilaku yang kooperatif, berperilaku sesuai dengan aturan/norma yang berlaku; dan mengidentifikasi beragam ungkapan emosi diri sendiri serta orang lain.",AUTO-119,https://kurikulum.kemendikdasmen.go.id/service/download.php?kategori=rujukan&id=119,extracted_machine
LO-PROGRAM-KEBUTUHAN-KHUSUS-PENGEMBANGAN-INTERAKSI-SOSIAL-KOMUNIKASI-DAN-PERILAKU-PESERTA-DIDIK-BERKEBUTUHAN-KHUSUS-DENGAN-AUTISME-B-2.4,SD,B,"Program Kebutuhan Khusus Pengembangan Interaksi Sosial, Komunikasi, dan Perilaku Peserta Didik Berkebutuhan Khusus dengan Autisme",Sensomotorik,"Menunjukkan keterampilan dalam merespon berbagai stimulasi indera penglihatan, stimulasi indera pendengaran, stimulasi indera penciuman, stimulasi indera pengecap, stimulasi indera peraba; mempraktikkan latihan keseimbangan, naik jungkat-jungkit, naik papan titian, naik ayunan, dsb); mempraktikkan gerakan dasar yang melibatkan koordinasi otot dan persendian; dan menggunakan peralatan yang melibatkan organ motorik halus serta kasar (menyendok, menjepit, memegang, menuangkan, memegang pensil, menaiki tangga, dan sebagainya).",AUTO-119,https://kurikulum.kemendikdasmen.go.id/service/download.php?kategori=rujukan&id=119,extracted_machine
LO-PROGRAM-KEBUTUHAN-KHUSUS-PENGEMBANGAN-INTERAKSI-SOSIAL-KOMUNIKASI-DAN-PERILAKU-PESERTA-DIDIK-BERKEBUTUHAN-KHUSUS-DENGAN-AUTISME-B-2.5,SD,B,"Program Kebutuhan Khusus Pengembangan Interaksi Sosial, Komunikasi, dan Perilaku Peserta Didik Berkebutuhan Khusus dengan Autisme",Kemandirian,"Mempraktikkan kegiatan toilet training (mencuci tangan, menggosok gigi, mandi, BAK, BAB, dan yang lainnya); mempraktekkan kegiatan makan dan minum dengan menggunakan alat makan; mempraktekkan kegiatan berpakaian (memakai baju, celana, sepatu, dan sebagainya); serta mempraktikkan protokol kesehatan.",AUTO-119,https://kurikulum.kemendikdasmen.go.id/service/download.php?kategori=rujukan&id=119,extracted_machine
LO-PROGRAM-KEBUTUHAN-KHUSUS-PENGEMBANGAN-INTERAKSI-SOSIAL-KOMUNIKASI-DAN-PERILAKU-PESERTA-DIDIK-BERKEBUTUHAN-KHUSUS-DENGAN-AUTISME-C-3.1,SD,C,"Program Kebutuhan Khusus Pengembangan Interaksi Sosial, Komunikasi, dan Perilaku Peserta Didik Berkebutuhan Khusus dengan Autisme",Interaksi Sosial,"Mematuhi aturan sederhana dalam kegiatan berinteraksi sosial, melaksanakan kegiatan bermain dengan teman sebaya; melakukan permainan terstruktur; dan mengenal jenis kelamin (gender).",AUTO-119,https://kurikulum.kemendikdasmen.go.id/service/download.php?kategori=rujukan&id=119,extracted_machine
LO-PROGRAM-KEBUTUHAN-KHUSUS-PENGEMBANGAN-INTERAKSI-SOSIAL-KOMUNIKASI-DAN-PERILAKU-PESERTA-DIDIK-BERKEBUTUHAN-KHUSUS-DENGAN-AUTISME-C-3.2,SD,C,"Program Kebutuhan Khusus Pengembangan Interaksi Sosial, Komunikasi, dan Perilaku Peserta Didik Berkebutuhan Khusus dengan Autisme",Komunikasi,Membedakan bagian dari kesatuan dan bukan dari kesatuan; menunjukkan kemampuan dalam menjawab pertanyaan sederhana; memahami kata dan simbol berbahasa Indonesia yang dijumpai di satuan pendidikan dan di masyarakat.,AUTO-119,https://kurikulum.kemendikdasmen.go.id/service/download.php?kategori=rujukan&id=119,extracted_machine
LO-PROGRAM-KEBUTUHAN-KHUSUS-PENGEMBANGAN-INTERAKSI-SOSIAL-KOMUNIKASI-DAN-PERILAKU-PESERTA-DIDIK-BERKEBUTUHAN-KHUSUS-DENGAN-AUTISME-C-3.3,SD,C,"Program Kebutuhan Khusus Pengembangan Interaksi Sosial, Komunikasi, dan Perilaku Peserta Didik Berkebutuhan Khusus dengan Autisme",Perilaku,Memiliki perilaku yang kooperatif; dan berperilaku sesuai dengan aturan/norma yang diinginkan.,AUTO-119,https://kurikulum.kemendikdasmen.go.id/service/download.php?kategori=rujukan&id=119,extracted_machine
LO-PROGRAM-KEBUTUHAN-KHUSUS-PENGEMBANGAN-INTERAKSI-SOSIAL-KOMUNIKASI-DAN-PERILAKU-PESERTA-DIDIK-BERKEBUTUHAN-KHUSUS-DENGAN-AUTISME-C-3.4,SD,C,"Program Kebutuhan Khusus Pengembangan Interaksi Sosial, Komunikasi, dan Perilaku Peserta Didik Berkebutuhan Khusus dengan Autisme",Sensomotorik,"Menunjukkan reaksi positif terhadap berbagai stimulasi indera penglihatan, stimulasi indera pendengaran, stimulasi indera penciuman, stimulasi indera pengecap, stimulasi indera peraba; mempraktikkan gerakan sederhana koordinasi otot dan persendian melalui permainan olahraga; mengaplikasikan peralatan yang melibatkan organ motorik halus dan kasar.",AUTO-119,https://kurikulum.kemendikdasmen.go.id/service/download.php?kategori=rujukan&id=119,extracted_machine
LO-PROGRAM-KEBUTUHAN-KHUSUS-PENGEMBANGAN-INTERAKSI-SOSIAL-KOMUNIKASI-DAN-PERILAKU-PESERTA-DIDIK-BERKEBUTUHAN-KHUSUS-DENGAN-AUTISME-C-3.5,SD,C,"Program Kebutuhan Khusus Pengembangan Interaksi Sosial, Komunikasi, dan Perilaku Peserta Didik Berkebutuhan Khusus dengan Autisme",Kemandirian,"Melakukan pekerjaan sederhana yang dilakukan sehari-hari di rumah, mempraktikkan aktivitas menjaga kerapihan perlengkapan makan dan minum setelah digunakan; dan mempraktikkan aktivitas menjaga kerapihan tempat tidur.",AUTO-119,https://kurikulum.kemendikdasmen.go.id/service/download.php?kategori=rujukan&id=119,extracted_machine
LO-PROGRAM-KEBUTUHAN-KHUSUS-PENGEMBANGAN-INTERAKSI-SOSIAL-KOMUNIKASI-DAN-PERILAKU-PESERTA-DIDIK-BERKEBUTUHAN-KHUSUS-DENGAN-AUTISME-D-4.1,SMP,D,"Program Kebutuhan Khusus Pengembangan Interaksi Sosial, Komunikasi, dan Perilaku Peserta Didik Berkebutuhan Khusus dengan Autisme",Interaksi Sosial,Menunjukkan sportivitas ketika berinteraksi sosial; dan mengenal aturan sosial di lingkungan.,AUTO-119,https://kurikulum.kemendikdasmen.go.id/service/download.php?kategori=rujukan&id=119,extracted_machine
LO-PROGRAM-KEBUTUHAN-KHUSUS-PENGEMBANGAN-INTERAKSI-SOSIAL-KOMUNIKASI-DAN-PERILAKU-PESERTA-DIDIK-BERKEBUTUHAN-KHUSUS-DENGAN-AUTISME-D-4.2,SMP,D,"Program Kebutuhan Khusus Pengembangan Interaksi Sosial, Komunikasi, dan Perilaku Peserta Didik Berkebutuhan Khusus dengan Autisme",Komunikasi,"Memahami konsep bagian dari anggota kelompok di berbagai lingkungan memahami persamaan kata dan lawan kata (sinonim dan antonim); melakukan satu topik percakapan/dialog dengan lawan bicara, menunjukkan kemampuan untuk membuat pertanyaan mengenai Apa, Dimana, Kapan, Siapa, Mengapa, Bagaimana (ADIKSIMBA); dan mengenal kata berbahasa asing atau bahasa daerah yang dijumpai di rumah, satuan pendidikan dan masyarakat (open, pull, push, stop, atau bahasa daerah yang sesuai dengan wilayahnya masing-masing, dan sebagainya).",AUTO-119,https://kurikulum.kemendikdasmen.go.id/service/download.php?kategori=rujukan&id=119,extracted_machine
LO-PROGRAM-KEBUTUHAN-KHUSUS-PENGEMBANGAN-INTERAKSI-SOSIAL-KOMUNIKASI-DAN-PERILAKU-PESERTA-DIDIK-BERKEBUTUHAN-KHUSUS-DENGAN-AUTISME-D-4.3,SMP,D,"Program Kebutuhan Khusus Pengembangan Interaksi Sosial, Komunikasi, dan Perilaku Peserta Didik Berkebutuhan Khusus dengan Autisme",Perilaku,"Menunjukkan keterampilan dalam menahan diri untuk tidak tantrum, menyakiti diri sendiri, dan berperilaku agresif ketika ada stimulus yang tidak disukai di lingkungan rumah; dan membentuk perilaku yang adaptif di rumah",AUTO-119,https://kurikulum.kemendikdasmen.go.id/service/download.php?kategori=rujukan&id=119,extracted_machine
LO-PROGRAM-KEBUTUHAN-KHUSUS-PENGEMBANGAN-INTERAKSI-SOSIAL-KOMUNIKASI-DAN-PERILAKU-PESERTA-DIDIK-BERKEBUTUHAN-KHUSUS-DENGAN-AUTISME-D-4.4,SMP,D,"Program Kebutuhan Khusus Pengembangan Interaksi Sosial, Komunikasi, dan Perilaku Peserta Didik Berkebutuhan Khusus dengan Autisme",Sensomotorik,"Membedakan berbagai stimulasi indera penglihatan, stimulasi indera pendengaran, stimulasi indera penciuman, stimulasi indera pengecap, stimulasi indera peraba; mempraktikkan gerakan koordinasi otot dan persendian melalui permainan olahraga beregu; serta mengaplikasikan peralatan yang melibatkan organ motorik halus dan kasar.",AUTO-119,https://kurikulum.kemendikdasmen.go.id/service/download.php?kategori=rujukan&id=119,extracted_machine
LO-PROGRAM-KEBUTUHAN-KHUSUS-PENGEMBANGAN-INTERAKSI-SOSIAL-KOMUNIKASI-DAN-PERILAKU-PESERTA-DIDIK-BERKEBUTUHAN-KHUSUS-DENGAN-AUTISME-D-4.5,SMP,D,"Program Kebutuhan Khusus Pengembangan Interaksi Sosial, Komunikasi, dan Perilaku Peserta Didik Berkebutuhan Khusus dengan Autisme",Kemandirian,"Mengenal cara menjaga kebersihan alat reproduksi; mendemonstrasikan kegiatan yang berkaitan dengan pekerjaan rumah, mengenal fasilitas umum di lingkungan sekitar; mengenal tanda-tanda bencana, cara mengurangi resiko saat terjadi bencana (mengenal simbol, alat dan bersikap tenang); mengenal cara penyelamatan diri setelah terjadi bencana; dan mengenal penyebab kecelakaan.",AUTO-119,https://kurikulum.kemendikdasmen.go.id/service/download.php?kategori=rujukan&id=119,extracted_machine
LO-PROGRAM-KEBUTUHAN-KHUSUS-PENGEMBANGAN-INTERAKSI-SOSIAL-KOMUNIKASI-DAN-PERILAKU-PESERTA-DIDIK-BERKEBUTUHAN-KHUSUS-DENGAN-AUTISME-E-5.1,SMA,E,"Program Kebutuhan Khusus Pengembangan Interaksi Sosial, Komunikasi, dan Perilaku Peserta Didik Berkebutuhan Khusus dengan Autisme",Interaksi Sosial,"Menunjukkan sikap kebersamaan pada saat berinteraksi sosial, berbagi dengan orang lain; dan mengenal kenakalan remaja dan tindak kriminal (perkelahian, penyalahgunaan NAPZA, seks bebas, dan sebagainya).",AUTO-119,https://kurikulum.kemendikdasmen.go.id/service/download.php?kategori=rujukan&id=119,extracted_machine
LO-PROGRAM-KEBUTUHAN-KHUSUS-PENGEMBANGAN-INTERAKSI-SOSIAL-KOMUNIKASI-DAN-PERILAKU-PESERTA-DIDIK-BERKEBUTUHAN-KHUSUS-DENGAN-AUTISME-E-5.2,SMA,E,"Program Kebutuhan Khusus Pengembangan Interaksi Sosial, Komunikasi, dan Perilaku Peserta Didik Berkebutuhan Khusus dengan Autisme",Komunikasi,"Menunjukkan keterampilan bercerita tentang pengalaman diri sendiri (cerita bermakna); menggunakan Bahasa Indonesia yang baik; memahami kata berbahasa asing atau bahasa daerah yang sering dipakai di rumah, sekolah, dan masyarakat.",AUTO-119,https://kurikulum.kemendikdasmen.go.id/service/download.php?kategori=rujukan&id=119,extracted_machine
LO-PROGRAM-KEBUTUHAN-KHUSUS-PENGEMBANGAN-INTERAKSI-SOSIAL-KOMUNIKASI-DAN-PERILAKU-PESERTA-DIDIK-BERKEBUTUHAN-KHUSUS-DENGAN-AUTISME-E-5.3,SMA,E,"Program Kebutuhan Khusus Pengembangan Interaksi Sosial, Komunikasi, dan Perilaku Peserta Didik Berkebutuhan Khusus dengan Autisme",Perilaku,"Menunjukkan keterampilan menahan diri untuk tidak tantrum; menyakiti diri sendiri, dan berperilaku agresif ketika ada stimulus yang tidak disukai di lingkungan sekolah; dan membentuk perilaku yang adaptif di sekolah",AUTO-119,https://kurikulum.kemendikdasmen.go.id/service/download.php?kategori=rujukan&id=119,extracted_machine
LO-PROGRAM-KEBUTUHAN-KHUSUS-PENGEMBANGAN-INTERAKSI-SOSIAL-KOMUNIKASI-DAN-PERILAKU-PESERTA-DIDIK-BERKEBUTUHAN-KHUSUS-DENGAN-AUTISME-E-5.4,SMA,E,"Program Kebutuhan Khusus Pengembangan Interaksi Sosial, Komunikasi, dan Perilaku Peserta Didik Berkebutuhan Khusus dengan Autisme",Sensomotorik,"Menunjukkan keterampilan untuk beradaptasi terhadap berbagai stimulasi indera penglihatan, stimulasi indera pendengaran, stimulasi indera penciuman, stimulasi indera pengecap, menunjukkan keterampilan beradaptasi terhadap stimulasi indera peraba; membangun koordinasi otot dan persendian sehingga mampu bergerak dengan selaras; dan mendemonstrasikan peralatan yang melibatkan organ motorik halus dan kasar.",AUTO-119,https://kurikulum.kemendikdasmen.go.id/service/download.php?kategori=rujukan&id=119,extracted_machine
LO-PROGRAM-KEBUTUHAN-KHUSUS-PENGEMBANGAN-INTERAKSI-SOSIAL-KOMUNIKASI-DAN-PERILAKU-PESERTA-DIDIK-BERKEBUTUHAN-KHUSUS-DENGAN-AUTISME-E-5.5,SMA,E,"Program Kebutuhan Khusus Pengembangan Interaksi Sosial, Komunikasi, dan Perilaku Peserta Didik Berkebutuhan Khusus dengan Autisme",Kemandirian,"Memahami cara menjaga kesehatan reproduksi, mempraktikkan merapikan ruangan; menggunakan fasilitas umum di lingkungan sekitar; menunjukkan keterampilan dalam mengikuti petunjuk untuk menghindari bencana serta mengurangi resiko saat terjadi bencana (simbol, alat, bersikap tenang); dan melaksanakan penyelamatan diri setelah terjadi bencana.",AUTO-119,https://kurikulum.kemendikdasmen.go.id/service/download.php?kategori=rujukan&id=119,extracted_machine
LO-PROGRAM-KEBUTUHAN-KHUSUS-PENGEMBANGAN-INTERAKSI-SOSIAL-KOMUNIKASI-DAN-PERILAKU-PESERTA-DIDIK-BERKEBUTUHAN-KHUSUS-DENGAN-AUTISME-F-6.1,SMA,F,"Program Kebutuhan Khusus Pengembangan Interaksi Sosial, Komunikasi, dan Perilaku Peserta Didik Berkebutuhan Khusus dengan Autisme",Interaksi Sosial,Menunjukkan keterampilan berpartisipasi dalam kegiatan sosial.,AUTO-119,https://kurikulum.kemendikdasmen.go.id/service/download.php?kategori=rujukan&id=119,extracted_machine
LO-PROGRAM-KEBUTUHAN-KHUSUS-PENGEMBANGAN-INTERAKSI-SOSIAL-KOMUNIKASI-DAN-PERILAKU-PESERTA-DIDIK-BERKEBUTUHAN-KHUSUS-DENGAN-AUTISME-F-6.2,SMA,F,"Program Kebutuhan Khusus Pengembangan Interaksi Sosial, Komunikasi, dan Perilaku Peserta Didik Berkebutuhan Khusus dengan Autisme",Komunikasi,Menampilkan keterampilan bercerita tentang pengalaman orang lain (cerita bermakna); menggunakan Bahasa Indonesia yang baik; menampilkan keterampilan bercerita tentang langkah-langkah membuat sesuatu/menggunakan alat (prosedur) dengan bahasa sendiri; dan menunjukkan keterampilan bercerita mengenai pengalaman diri menggunakan bahasa asing atau bahasa daerah secara sederhana.,AUTO-119,https://kurikulum.kemendikdasmen.go.id/service/download.php?kategori=rujukan&id=119,extracted_machine
LO-PROGRAM-KEBUTUHAN-KHUSUS-PENGEMBANGAN-INTERAKSI-SOSIAL-KOMUNIKASI-DAN-PERILAKU-PESERTA-DIDIK-BERKEBUTUHAN-KHUSUS-DENGAN-AUTISME-F-6.3,SMA,F,"Program Kebutuhan Khusus Pengembangan Interaksi Sosial, Komunikasi, dan Perilaku Peserta Didik Berkebutuhan Khusus dengan Autisme",Perilaku,"Membangun ketahanan diri untuk tidak tantrum, menyakiti diri sendiri, dan berperilaku agresif ketika ada stimulus yang tidak disukai di lingkungan masyarakat sekitar; dan membentuk perilaku yang adaptif di lingkungan masyarakat sekitar",AUTO-119,https://kurikulum.kemendikdasmen.go.id/service/download.php?kategori=rujukan&id=119,extracted_machine
LO-PROGRAM-KEBUTUHAN-KHUSUS-PENGEMBANGAN-INTERAKSI-SOSIAL-KOMUNIKASI-DAN-PERILAKU-PESERTA-DIDIK-BERKEBUTUHAN-KHUSUS-DENGAN-AUTISME-F-6.4,SMA,F,"Program Kebutuhan Khusus Pengembangan Interaksi Sosial, Komunikasi, dan Perilaku Peserta Didik Berkebutuhan Khusus dengan Autisme",Sensomotorik,"Memadukan berbagai stimulasi indera penglihatan, stimulasi indera pendengaran, stimulasi indera penciuman, stimulasi indera pengecap, stimulasi indera peraba; mengkreasikan gerakan otot dan persendian sehingga mampu bergerak dengan dinamis, mendemonstrasikan peralatan yang melibatkan organ motorik halus dan kasar (alat tulis, alat makan, alat mandi, dan alat transportasi.",AUTO-119,https://kurikulum.kemendikdasmen.go.id/service/download.php?kategori=rujukan&id=119,extracted_machine
LO-PROGRAM-KEBUTUHAN-KHUSUS-PENGEMBANGAN-INTERAKSI-SOSIAL-KOMUNIKASI-DAN-PERILAKU-PESERTA-DIDIK-BERKEBUTUHAN-KHUSUS-DENGAN-AUTISME-F-6.5,SMA,F,"Program Kebutuhan Khusus Pengembangan Interaksi Sosial, Komunikasi, dan Perilaku Peserta Didik Berkebutuhan Khusus dengan Autisme",Kemandirian,"Membiasakan pola hidup sehat; memahami cara menjaga kesehatan reproduksi dan seksualitas. KEPALA BADAN TTD. TONI TOHARUDIN NIP 197004011995121001 Salinan sesuai dengan aslinya, Kepala Bagian Keuangan dan Umum, ELLIS DARMAYANTI NIP 198002062010122002",AUTO-119,https://kurikulum.kemendikdasmen.go.id/service/download.php?kategori=rujukan&id=119,extracted_machine
